service_date,week_start,period,route_id,route_group,scheduled_trips,ran_trips,two_bus_gap_windows,possible_gap_windows
2026-05-17,2026-05-17,Baseline,1T,Local / other,220,188,,
2026-05-17,2026-05-17,Baseline,57,Local / other,152,144,,
2026-05-17,2026-05-17,Baseline,51B,Local / other,140,139,,
2026-05-17,2026-05-17,Baseline,6,Local / other,151,131,,
2026-05-17,2026-05-17,Baseline,9,Local / other,136,128,,
2026-05-17,2026-05-17,Baseline,40,Local / other,133,103,,
2026-05-17,2026-05-17,Baseline,18,Local / other,107,105,,
2026-05-17,2026-05-17,Baseline,73,Local / other,109,94,,
2026-05-17,2026-05-17,Baseline,52,Local / other,92,91,,
2026-05-17,2026-05-17,Baseline,88,Local / other,100,93,,
2026-05-17,2026-05-17,Baseline,51A,Local / other,132,95,,
2026-05-17,2026-05-17,Baseline,14,Local / other,100,83,,
2026-05-17,2026-05-17,Baseline,62,Local / other,100,80,,
2026-05-17,2026-05-17,Baseline,86,Local / other,78,77,,
2026-05-17,2026-05-17,Baseline,54,Local / other,74,74,,
2026-05-17,2026-05-17,Baseline,200,Local / other,76,76,,
2026-05-17,2026-05-17,Baseline,F,Transbay,77,75,,
2026-05-17,2026-05-17,Baseline,36,Local / other,74,71,,
2026-05-17,2026-05-17,Baseline,72,Local / other,77,69,,
2026-05-17,2026-05-17,Baseline,98,Local / other,66,66,,
2026-05-17,2026-05-17,Baseline,45,Local / other,66,66,,
2026-05-17,2026-05-17,Baseline,211,Local / other,74,74,,
2026-05-17,2026-05-17,Baseline,90,Local / other,67,66,,
2026-05-17,2026-05-17,Baseline,72M,Local / other,82,71,,
2026-05-17,2026-05-17,Baseline,96,Local / other,66,66,,
2026-05-17,2026-05-17,Baseline,22,Local / other,66,66,,
2026-05-17,2026-05-17,Baseline,31,Local / other,66,66,,
2026-05-17,2026-05-17,Baseline,97,Local / other,71,62,,
2026-05-17,2026-05-17,Baseline,76,Local / other,74,58,,
2026-05-17,2026-05-17,Baseline,27,Local / other,66,54,,
2026-05-17,2026-05-17,Baseline,210,Local / other,64,56,,
2026-05-17,2026-05-17,Baseline,NL,Transbay,75,54,,
2026-05-17,2026-05-17,Baseline,28,Local / other,50,50,,
2026-05-17,2026-05-17,Baseline,74,Local / other,54,47,,
2026-05-17,2026-05-17,Baseline,72L,Local / other,54,48,,
2026-05-17,2026-05-17,Baseline,12,Local / other,74,69,,
2026-05-17,2026-05-17,Baseline,95,Local / other,42,42,,
2026-05-17,2026-05-17,Baseline,60,Local / other,50,43,,
2026-05-17,2026-05-17,Baseline,30,Local / other,80,43,,
2026-05-17,2026-05-17,Baseline,231,Local / other,42,42,,
2026-05-17,2026-05-17,Baseline,56,Local / other,34,34,,
2026-05-17,2026-05-17,Baseline,35,Local / other,34,34,,
2026-05-17,2026-05-17,Baseline,34,Local / other,34,34,,
2026-05-17,2026-05-17,Baseline,239,Local / other,34,34,,
2026-05-17,2026-05-17,Baseline,41,Local / other,34,34,,
2026-05-17,2026-05-17,Baseline,7,Local / other,34,33,,
2026-05-17,2026-05-17,Baseline,19,Local / other,32,32,,
2026-05-17,2026-05-17,Baseline,93,Local / other,34,32,,
2026-05-17,2026-05-17,Baseline,216,Local / other,28,28,,
2026-05-17,2026-05-17,Baseline,71,Local / other,28,26,,
2026-05-17,2026-05-17,Baseline,70,Local / other,28,27,,
2026-05-17,2026-05-17,Baseline,O,Transbay,34,24,,
2026-05-17,2026-05-17,Baseline,251,Local / other,28,28,,
2026-05-17,2026-05-17,Baseline,281,Local / other,26,26,,
2026-05-17,2026-05-17,Baseline,800,All Nighter,27,22,,
2026-05-17,2026-05-17,Baseline,840,All Nighter,12,12,,
2026-05-17,2026-05-17,Baseline,801,All Nighter,11,11,,
2026-05-17,2026-05-17,Baseline,805,All Nighter,12,11,,
2026-05-17,2026-05-17,Baseline,802,All Nighter,10,9,,
2026-05-17,2026-05-17,Baseline,851,All Nighter,10,5,,
2026-05-18,2026-05-17,Baseline,40,Local / other,197,174,,
2026-05-18,2026-05-17,Baseline,6,Local / other,173,172,,
2026-05-18,2026-05-17,Baseline,51B,Local / other,173,166,,
2026-05-18,2026-05-17,Baseline,51A,Local / other,174,145,,
2026-05-18,2026-05-17,Baseline,1T,Local / other,221,177,,
2026-05-18,2026-05-17,Baseline,18,Local / other,144,138,,
2026-05-18,2026-05-17,Baseline,57,Local / other,151,148,,
2026-05-18,2026-05-17,Baseline,52,Local / other,129,123,,
2026-05-18,2026-05-17,Baseline,97,Local / other,122,119,,
2026-05-18,2026-05-17,Baseline,88,Local / other,110,110,,
2026-05-18,2026-05-17,Baseline,73,Local / other,110,97,,
2026-05-18,2026-05-17,Baseline,9,Local / other,146,105,,
2026-05-18,2026-05-17,Baseline,54,Local / other,111,107,,
2026-05-18,2026-05-17,Baseline,14,Local / other,108,97,,
2026-05-18,2026-05-17,Baseline,62,Local / other,111,84,,
2026-05-18,2026-05-17,Baseline,90,Local / other,104,84,,
2026-05-18,2026-05-17,Baseline,98,Local / other,104,83,,
2026-05-18,2026-05-17,Baseline,45,Local / other,81,81,,
2026-05-18,2026-05-17,Baseline,F,Transbay,85,85,,
2026-05-18,2026-05-17,Baseline,36,Local / other,78,78,,
2026-05-18,2026-05-17,Baseline,27,Local / other,78,77,,
2026-05-18,2026-05-17,Baseline,86,Local / other,77,77,,
2026-05-18,2026-05-17,Baseline,12,Local / other,104,102,,
2026-05-18,2026-05-17,Baseline,200,Local / other,76,70,,
2026-05-18,2026-05-17,Baseline,211,Local / other,78,70,,
2026-05-18,2026-05-17,Baseline,74,Local / other,71,66,,
2026-05-18,2026-05-17,Baseline,210,Local / other,69,69,,
2026-05-18,2026-05-17,Baseline,22,Local / other,66,66,,
2026-05-18,2026-05-17,Baseline,96,Local / other,67,66,,
2026-05-18,2026-05-17,Baseline,30,Local / other,81,66,,
2026-05-18,2026-05-17,Baseline,NL,Transbay,113,75,,
2026-05-18,2026-05-17,Baseline,76,Local / other,81,66,,
2026-05-18,2026-05-17,Baseline,31,Local / other,66,62,,
2026-05-18,2026-05-17,Baseline,239,Local / other,71,64,,
2026-05-18,2026-05-17,Baseline,O,Transbay,69,58,,
2026-05-18,2026-05-17,Baseline,72,Local / other,78,59,,
2026-05-18,2026-05-17,Baseline,56,Local / other,50,50,,
2026-05-18,2026-05-17,Baseline,34,Local / other,50,48,,
2026-05-18,2026-05-17,Baseline,72M,Local / other,83,56,,
2026-05-18,2026-05-17,Baseline,35,Local / other,52,50,,
2026-05-18,2026-05-17,Baseline,60,Local / other,65,52,,
2026-05-18,2026-05-17,Baseline,72L,Local / other,54,49,,
2026-05-18,2026-05-17,Baseline,95,Local / other,44,44,,
2026-05-18,2026-05-17,Baseline,70,Local / other,55,44,,
2026-05-18,2026-05-17,Baseline,28,Local / other,51,39,,
2026-05-18,2026-05-17,Baseline,65,Local / other,40,36,,
2026-05-18,2026-05-17,Baseline,41,Local / other,34,34,,
2026-05-18,2026-05-17,Baseline,93,Local / other,55,35,,
2026-05-18,2026-05-17,Baseline,231,Local / other,41,35,,
2026-05-18,2026-05-17,Baseline,67,Local / other,29,29,,
2026-05-18,2026-05-17,Baseline,7,Local / other,34,34,,
2026-05-18,2026-05-17,Baseline,281,Local / other,30,28,,
2026-05-18,2026-05-17,Baseline,46L,Local / other,27,27,,
2026-05-18,2026-05-17,Baseline,71,Local / other,54,29,,
2026-05-18,2026-05-17,Baseline,216,Local / other,28,25,,
2026-05-18,2026-05-17,Baseline,251,Local / other,27,25,,
2026-05-18,2026-05-17,Baseline,19,Local / other,32,21,,
2026-05-18,2026-05-17,Baseline,800,All Nighter,27,21,,
2026-05-18,2026-05-17,Baseline,840,All Nighter,12,12,,
2026-05-18,2026-05-17,Baseline,801,All Nighter,11,11,,
2026-05-18,2026-05-17,Baseline,805,All Nighter,12,11,,
2026-05-18,2026-05-17,Baseline,802,All Nighter,10,10,,
2026-05-18,2026-05-17,Baseline,851,All Nighter,10,10,,
2026-05-18,2026-05-17,Baseline,G,Transbay,10,9,,
2026-05-18,2026-05-17,Baseline,P,Transbay,16,16,,
2026-05-18,2026-05-17,Baseline,J,Transbay,10,9,,
2026-05-18,2026-05-17,Baseline,V,Transbay,10,10,,
2026-05-18,2026-05-17,Baseline,623,School,10,10,,
2026-05-18,2026-05-17,Baseline,NX,Transbay,9,8,,
2026-05-18,2026-05-17,Baseline,FS,Transbay,4,4,,
2026-05-18,2026-05-17,Baseline,E,Transbay,8,8,,
2026-05-18,2026-05-17,Baseline,669,School,3,3,,
2026-05-18,2026-05-17,Baseline,689,School,5,5,,
2026-05-18,2026-05-17,Baseline,653,School,3,3,,
2026-05-18,2026-05-17,Baseline,NX3,Transbay,7,6,,
2026-05-18,2026-05-17,Baseline,648,School,4,4,,
2026-05-18,2026-05-17,Baseline,687,School,3,3,,
2026-05-18,2026-05-17,Baseline,646,School,8,7,,
2026-05-18,2026-05-17,Baseline,621,School,6,6,,
2026-05-18,2026-05-17,Baseline,650,School,2,2,,
2026-05-18,2026-05-17,Baseline,675,School,7,7,,
2026-05-18,2026-05-17,Baseline,605,School,2,2,,
2026-05-18,2026-05-17,Baseline,655,School,4,4,,
2026-05-18,2026-05-17,Baseline,680,School,2,2,,
2026-05-18,2026-05-17,Baseline,684,School,5,5,,
2026-05-18,2026-05-17,Baseline,657,School,6,6,,
2026-05-18,2026-05-17,Baseline,667,School,4,4,,
2026-05-18,2026-05-17,Baseline,696,School,2,2,,
2026-05-18,2026-05-17,Baseline,652,School,2,2,,
2026-05-18,2026-05-17,Baseline,649,School,4,4,,
2026-05-18,2026-05-17,Baseline,633,School,2,2,,
2026-05-18,2026-05-17,Baseline,L,Transbay,8,8,,
2026-05-18,2026-05-17,Baseline,677,School,2,2,,
2026-05-18,2026-05-17,Baseline,629,School,2,2,,
2026-05-18,2026-05-17,Baseline,606,School,2,2,,
2026-05-18,2026-05-17,Baseline,651,School,2,2,,
2026-05-18,2026-05-17,Baseline,701,Early Bird,2,2,,
2026-05-18,2026-05-17,Baseline,604,School,3,3,,
2026-05-18,2026-05-17,Baseline,658,School,3,3,,
2026-05-18,2026-05-17,Baseline,703,Early Bird,1,1,,
2026-05-18,2026-05-17,Baseline,617,School,2,2,,
2026-05-18,2026-05-17,Baseline,654,School,5,4,,
2026-05-18,2026-05-17,Baseline,642,School,1,1,,
2026-05-18,2026-05-17,Baseline,662,School,2,2,,
2026-05-18,2026-05-17,Baseline,639,School,2,2,,
2026-05-18,2026-05-17,Baseline,638,School,2,2,,
2026-05-18,2026-05-17,Baseline,625,School,6,6,,
2026-05-18,2026-05-17,Baseline,678,School,3,3,,
2026-05-18,2026-05-17,Baseline,688,School,2,2,,
2026-05-18,2026-05-17,Baseline,702,Early Bird,1,1,,
2026-05-18,2026-05-17,Baseline,607,School,2,2,,
2026-05-18,2026-05-17,Baseline,U,Transbay,11,0,,
2026-05-18,2026-05-17,Baseline,620,School,2,2,,
2026-05-18,2026-05-17,Baseline,682,School,5,5,,
2026-05-18,2026-05-17,Baseline,683,School,1,1,,
2026-05-18,2026-05-17,Baseline,681,School,2,2,,
2026-05-18,2026-05-17,Baseline,W,Transbay,9,9,,
2026-05-18,2026-05-17,Baseline,641,School,3,3,,
2026-05-18,2026-05-17,Baseline,660,School,2,2,,
2026-05-18,2026-05-17,Baseline,624,School,2,2,,
2026-05-18,2026-05-17,Baseline,631,School,4,3,,
2026-05-18,2026-05-17,Baseline,663,School,2,2,,
2026-05-18,2026-05-17,Baseline,627,School,2,2,,
2026-05-19,2026-05-17,Baseline,40,Local / other,197,148,,
2026-05-19,2026-05-17,Baseline,6,Local / other,173,136,,
2026-05-19,2026-05-17,Baseline,51B,Local / other,173,130,,
2026-05-19,2026-05-17,Baseline,51A,Local / other,174,127,,
2026-05-19,2026-05-17,Baseline,1T,Local / other,221,143,,
2026-05-19,2026-05-17,Baseline,9,Local / other,146,112,,
2026-05-19,2026-05-17,Baseline,52,Local / other,129,103,,
2026-05-19,2026-05-17,Baseline,57,Local / other,151,120,,
2026-05-19,2026-05-17,Baseline,18,Local / other,144,106,,
2026-05-19,2026-05-17,Baseline,54,Local / other,111,89,,
2026-05-19,2026-05-17,Baseline,90,Local / other,104,82,,
2026-05-19,2026-05-17,Baseline,98,Local / other,104,80,,
2026-05-19,2026-05-17,Baseline,97,Local / other,122,81,,
2026-05-19,2026-05-17,Baseline,73,Local / other,110,77,,
2026-05-19,2026-05-17,Baseline,62,Local / other,111,74,,
2026-05-19,2026-05-17,Baseline,14,Local / other,108,81,,
2026-05-19,2026-05-17,Baseline,88,Local / other,110,79,,
2026-05-19,2026-05-17,Baseline,NL,Transbay,113,81,,
2026-05-19,2026-05-17,Baseline,200,Local / other,76,64,,
2026-05-19,2026-05-17,Baseline,211,Local / other,78,62,,
2026-05-19,2026-05-17,Baseline,F,Transbay,85,67,,
2026-05-19,2026-05-17,Baseline,12,Local / other,104,80,,
2026-05-19,2026-05-17,Baseline,27,Local / other,78,62,,
2026-05-19,2026-05-17,Baseline,72,Local / other,78,61,,
2026-05-19,2026-05-17,Baseline,76,Local / other,81,61,,
2026-05-19,2026-05-17,Baseline,30,Local / other,81,62,,
2026-05-19,2026-05-17,Baseline,36,Local / other,78,60,,
2026-05-19,2026-05-17,Baseline,45,Local / other,81,60,,
2026-05-19,2026-05-17,Baseline,74,Local / other,71,54,,
2026-05-19,2026-05-17,Baseline,86,Local / other,77,55,,
2026-05-19,2026-05-17,Baseline,210,Local / other,69,53,,
2026-05-19,2026-05-17,Baseline,72M,Local / other,83,65,,
2026-05-19,2026-05-17,Baseline,96,Local / other,67,52,,
2026-05-19,2026-05-17,Baseline,22,Local / other,66,51,,
2026-05-19,2026-05-17,Baseline,31,Local / other,66,49,,
2026-05-19,2026-05-17,Baseline,239,Local / other,71,57,,
2026-05-19,2026-05-17,Baseline,O,Transbay,69,50,,
2026-05-19,2026-05-17,Baseline,70,Local / other,55,44,,
2026-05-19,2026-05-17,Baseline,60,Local / other,65,45,,
2026-05-19,2026-05-17,Baseline,93,Local / other,55,43,,
2026-05-19,2026-05-17,Baseline,35,Local / other,52,42,,
2026-05-19,2026-05-17,Baseline,56,Local / other,50,41,,
2026-05-19,2026-05-17,Baseline,34,Local / other,50,39,,
2026-05-19,2026-05-17,Baseline,28,Local / other,51,40,,
2026-05-19,2026-05-17,Baseline,72L,Local / other,54,40,,
2026-05-19,2026-05-17,Baseline,71,Local / other,54,38,,
2026-05-19,2026-05-17,Baseline,95,Local / other,44,34,,
2026-05-19,2026-05-17,Baseline,231,Local / other,41,33,,
2026-05-19,2026-05-17,Baseline,65,Local / other,40,29,,
2026-05-19,2026-05-17,Baseline,41,Local / other,34,28,,
2026-05-19,2026-05-17,Baseline,19,Local / other,32,24,,
2026-05-19,2026-05-17,Baseline,7,Local / other,34,28,,
2026-05-19,2026-05-17,Baseline,216,Local / other,28,23,,
2026-05-19,2026-05-17,Baseline,46L,Local / other,27,22,,
2026-05-19,2026-05-17,Baseline,281,Local / other,30,22,,
2026-05-19,2026-05-17,Baseline,251,Local / other,27,23,,
2026-05-19,2026-05-17,Baseline,67,Local / other,29,21,,
2026-05-19,2026-05-17,Baseline,623,School,10,7,,
2026-05-19,2026-05-17,Baseline,689,School,5,4,,
2026-05-19,2026-05-17,Baseline,J,Transbay,10,7,,
2026-05-19,2026-05-17,Baseline,675,School,7,5,,
2026-05-19,2026-05-17,Baseline,648,School,4,2,,
2026-05-19,2026-05-17,Baseline,G,Transbay,10,6,,
2026-05-19,2026-05-17,Baseline,621,School,6,4,,
2026-05-19,2026-05-17,Baseline,FS,Transbay,4,2,,
2026-05-19,2026-05-17,Baseline,669,School,3,2,,
2026-05-19,2026-05-17,Baseline,658,School,3,2,,
2026-05-19,2026-05-17,Baseline,655,School,4,2,,
2026-05-19,2026-05-17,Baseline,662,School,2,1,,
2026-05-19,2026-05-17,Baseline,667,School,4,3,,
2026-05-19,2026-05-17,Baseline,682,School,5,3,,
2026-05-19,2026-05-17,Baseline,654,School,5,3,,
2026-05-19,2026-05-17,Baseline,V,Transbay,10,6,,
2026-05-19,2026-05-17,Baseline,677,School,2,1,,
2026-05-19,2026-05-17,Baseline,629,School,2,1,,
2026-05-19,2026-05-17,Baseline,646,School,8,5,,
2026-05-19,2026-05-17,Baseline,687,School,3,2,,
2026-05-19,2026-05-17,Baseline,641,School,3,2,,
2026-05-19,2026-05-17,Baseline,P,Transbay,16,10,,
2026-05-19,2026-05-17,Baseline,649,School,4,2,,
2026-05-19,2026-05-17,Baseline,U,Transbay,11,0,,
2026-05-19,2026-05-17,Baseline,607,School,2,1,,
2026-05-19,2026-05-17,Baseline,653,School,3,1,,
2026-05-19,2026-05-17,Baseline,703,Early Bird,1,0,,
2026-05-19,2026-05-17,Baseline,678,School,3,2,,
2026-05-19,2026-05-17,Baseline,606,School,2,1,,
2026-05-19,2026-05-17,Baseline,639,School,2,1,,
2026-05-19,2026-05-17,Baseline,680,School,2,1,,
2026-05-19,2026-05-17,Baseline,625,School,6,4,,
2026-05-19,2026-05-17,Baseline,NX,Transbay,9,5,,
2026-05-19,2026-05-17,Baseline,800,All Nighter,27,0,,
2026-05-19,2026-05-17,Baseline,605,School,2,1,,
2026-05-19,2026-05-17,Baseline,688,School,2,1,,
2026-05-19,2026-05-17,Baseline,604,School,3,2,,
2026-05-19,2026-05-17,Baseline,624,School,2,2,,
2026-05-19,2026-05-17,Baseline,642,School,1,1,,
2026-05-19,2026-05-17,Baseline,650,School,2,1,,
2026-05-19,2026-05-17,Baseline,617,School,2,1,,
2026-05-19,2026-05-17,Baseline,657,School,6,4,,
2026-05-19,2026-05-17,Baseline,701,Early Bird,2,0,,
2026-05-19,2026-05-17,Baseline,631,School,4,2,,
2026-05-19,2026-05-17,Baseline,627,School,2,1,,
2026-05-19,2026-05-17,Baseline,851,All Nighter,10,0,,
2026-05-19,2026-05-17,Baseline,W,Transbay,9,6,,
2026-05-19,2026-05-17,Baseline,620,School,2,1,,
2026-05-19,2026-05-17,Baseline,660,School,2,1,,
2026-05-19,2026-05-17,Baseline,805,All Nighter,12,0,,
2026-05-19,2026-05-17,Baseline,683,School,1,0,,
2026-05-19,2026-05-17,Baseline,652,School,2,1,,
2026-05-19,2026-05-17,Baseline,663,School,2,1,,
2026-05-19,2026-05-17,Baseline,633,School,2,1,,
2026-05-19,2026-05-17,Baseline,681,School,2,1,,
2026-05-19,2026-05-17,Baseline,638,School,2,1,,
2026-05-19,2026-05-17,Baseline,702,Early Bird,1,0,,
2026-05-19,2026-05-17,Baseline,NX3,Transbay,7,5,,
2026-05-19,2026-05-17,Baseline,L,Transbay,8,3,,
2026-05-19,2026-05-17,Baseline,E,Transbay,8,6,,
2026-05-19,2026-05-17,Baseline,802,All Nighter,10,0,,
2026-05-19,2026-05-17,Baseline,840,All Nighter,12,0,,
2026-05-19,2026-05-17,Baseline,684,School,5,3,,
2026-05-19,2026-05-17,Baseline,801,All Nighter,11,0,,
2026-05-19,2026-05-17,Baseline,696,School,2,1,,
2026-05-19,2026-05-17,Baseline,651,School,2,1,,
2026-05-20,2026-05-17,Baseline,40,Local / other,197,175,,
2026-05-20,2026-05-17,Baseline,6,Local / other,173,156,,
2026-05-20,2026-05-17,Baseline,51B,Local / other,173,158,,
2026-05-20,2026-05-17,Baseline,1T,Local / other,221,164,,
2026-05-20,2026-05-17,Baseline,51A,Local / other,174,134,,
2026-05-20,2026-05-17,Baseline,52,Local / other,129,121,,
2026-05-20,2026-05-17,Baseline,18,Local / other,144,122,,
2026-05-20,2026-05-17,Baseline,9,Local / other,146,124,,
2026-05-20,2026-05-17,Baseline,57,Local / other,151,132,,
2026-05-20,2026-05-17,Baseline,97,Local / other,122,109,,
2026-05-20,2026-05-17,Baseline,73,Local / other,110,97,,
2026-05-20,2026-05-17,Baseline,62,Local / other,111,98,,
2026-05-20,2026-05-17,Baseline,88,Local / other,110,96,,
2026-05-20,2026-05-17,Baseline,98,Local / other,104,96,,
2026-05-20,2026-05-17,Baseline,NL,Transbay,113,106,,
2026-05-20,2026-05-17,Baseline,54,Local / other,111,100,,
2026-05-20,2026-05-17,Baseline,90,Local / other,104,92,,
2026-05-20,2026-05-17,Baseline,14,Local / other,108,97,,
2026-05-20,2026-05-17,Baseline,200,Local / other,76,68,,
2026-05-20,2026-05-17,Baseline,F,Transbay,85,78,,
2026-05-20,2026-05-17,Baseline,36,Local / other,78,70,,
2026-05-20,2026-05-17,Baseline,45,Local / other,81,74,,
2026-05-20,2026-05-17,Baseline,211,Local / other,78,70,,
2026-05-20,2026-05-17,Baseline,30,Local / other,81,71,,
2026-05-20,2026-05-17,Baseline,27,Local / other,78,70,,
2026-05-20,2026-05-17,Baseline,86,Local / other,77,66,,
2026-05-20,2026-05-17,Baseline,72,Local / other,78,67,,
2026-05-20,2026-05-17,Baseline,12,Local / other,104,93,,
2026-05-20,2026-05-17,Baseline,72M,Local / other,83,71,,
2026-05-20,2026-05-17,Baseline,22,Local / other,66,62,,
2026-05-20,2026-05-17,Baseline,210,Local / other,69,60,,
2026-05-20,2026-05-17,Baseline,31,Local / other,66,63,,
2026-05-20,2026-05-17,Baseline,96,Local / other,67,62,,
2026-05-20,2026-05-17,Baseline,60,Local / other,65,62,,
2026-05-20,2026-05-17,Baseline,239,Local / other,71,64,,
2026-05-20,2026-05-17,Baseline,76,Local / other,81,63,,
2026-05-20,2026-05-17,Baseline,O,Transbay,69,60,,
2026-05-20,2026-05-17,Baseline,74,Local / other,71,57,,
2026-05-20,2026-05-17,Baseline,70,Local / other,55,53,,
2026-05-20,2026-05-17,Baseline,71,Local / other,54,51,,
2026-05-20,2026-05-17,Baseline,93,Local / other,54,50,,
2026-05-20,2026-05-17,Baseline,72L,Local / other,54,50,,
2026-05-20,2026-05-17,Baseline,28,Local / other,51,47,,
2026-05-20,2026-05-17,Baseline,35,Local / other,52,46,,
2026-05-20,2026-05-17,Baseline,34,Local / other,50,45,,
2026-05-20,2026-05-17,Baseline,56,Local / other,50,42,,
2026-05-20,2026-05-17,Baseline,95,Local / other,44,39,,
2026-05-20,2026-05-17,Baseline,231,Local / other,41,39,,
2026-05-20,2026-05-17,Baseline,65,Local / other,40,34,,
2026-05-20,2026-05-17,Baseline,41,Local / other,34,32,,
2026-05-20,2026-05-17,Baseline,19,Local / other,32,30,,
2026-05-20,2026-05-17,Baseline,7,Local / other,34,30,,
2026-05-20,2026-05-17,Baseline,216,Local / other,28,27,,
2026-05-20,2026-05-17,Baseline,67,Local / other,29,26,,
2026-05-20,2026-05-17,Baseline,46L,Local / other,27,26,,
2026-05-20,2026-05-17,Baseline,281,Local / other,30,26,,
2026-05-20,2026-05-17,Baseline,251,Local / other,27,27,,
2026-05-20,2026-05-17,Baseline,V,Transbay,10,9,,
2026-05-20,2026-05-17,Baseline,G,Transbay,10,9,,
2026-05-20,2026-05-17,Baseline,623,School,10,10,,
2026-05-20,2026-05-17,Baseline,P,Transbay,16,16,,
2026-05-20,2026-05-17,Baseline,J,Transbay,10,9,,
2026-05-20,2026-05-17,Baseline,FS,Transbay,4,4,,
2026-05-20,2026-05-17,Baseline,E,Transbay,8,8,,
2026-05-20,2026-05-17,Baseline,605,School,2,2,,
2026-05-20,2026-05-17,Baseline,689,School,5,5,,
2026-05-20,2026-05-17,Baseline,NX3,Transbay,7,7,,
2026-05-20,2026-05-17,Baseline,648,School,4,4,,
2026-05-20,2026-05-17,Baseline,NX,Transbay,9,8,,
2026-05-20,2026-05-17,Baseline,675,School,7,7,,
2026-05-20,2026-05-17,Baseline,662,School,2,2,,
2026-05-20,2026-05-17,Baseline,680,School,2,2,,
2026-05-20,2026-05-17,Baseline,684,School,5,5,,
2026-05-20,2026-05-17,Baseline,653,School,3,3,,
2026-05-20,2026-05-17,Baseline,652,School,2,2,,
2026-05-20,2026-05-17,Baseline,682,School,5,5,,
2026-05-20,2026-05-17,Baseline,649,School,4,4,,
2026-05-20,2026-05-17,Baseline,654,School,5,5,,
2026-05-20,2026-05-17,Baseline,663,School,3,3,,
2026-05-20,2026-05-17,Baseline,633,School,2,2,,
2026-05-20,2026-05-17,Baseline,638,School,2,2,,
2026-05-20,2026-05-17,Baseline,606,School,2,2,,
2026-05-20,2026-05-17,Baseline,621,School,6,6,,
2026-05-20,2026-05-17,Baseline,651,School,2,2,,
2026-05-20,2026-05-17,Baseline,641,School,3,3,,
2026-05-20,2026-05-17,Baseline,687,School,3,3,,
2026-05-20,2026-05-17,Baseline,L,Transbay,8,8,,
2026-05-20,2026-05-17,Baseline,696,School,2,2,,
2026-05-20,2026-05-17,Baseline,655,School,4,4,,
2026-05-20,2026-05-17,Baseline,703,Early Bird,1,0,,
2026-05-20,2026-05-17,Baseline,702,Early Bird,1,0,,
2026-05-20,2026-05-17,Baseline,W,Transbay,9,9,,
2026-05-20,2026-05-17,Baseline,701,Early Bird,2,0,,
2026-05-20,2026-05-17,Baseline,607,School,2,2,,
2026-05-20,2026-05-17,Baseline,688,School,2,2,,
2026-05-20,2026-05-17,Baseline,669,School,3,3,,
2026-05-20,2026-05-17,Baseline,627,School,2,2,,
2026-05-20,2026-05-17,Baseline,802,All Nighter,10,0,,
2026-05-20,2026-05-17,Baseline,646,School,7,7,,
2026-05-20,2026-05-17,Baseline,625,School,6,6,,
2026-05-20,2026-05-17,Baseline,657,School,6,6,,
2026-05-20,2026-05-17,Baseline,683,School,1,1,,
2026-05-20,2026-05-17,Baseline,678,School,3,3,,
2026-05-20,2026-05-17,Baseline,631,School,4,4,,
2026-05-20,2026-05-17,Baseline,660,School,3,3,,
2026-05-20,2026-05-17,Baseline,620,School,2,2,,
2026-05-20,2026-05-17,Baseline,681,School,2,2,,
2026-05-20,2026-05-17,Baseline,U,Transbay,11,0,,
2026-05-20,2026-05-17,Baseline,801,All Nighter,11,0,,
2026-05-20,2026-05-17,Baseline,658,School,3,3,,
2026-05-20,2026-05-17,Baseline,800,All Nighter,27,1,,
2026-05-20,2026-05-17,Baseline,650,School,2,2,,
2026-05-20,2026-05-17,Baseline,629,School,2,2,,
2026-05-20,2026-05-17,Baseline,604,School,3,3,,
2026-05-20,2026-05-17,Baseline,624,School,2,2,,
2026-05-20,2026-05-17,Baseline,805,All Nighter,12,0,,
2026-05-20,2026-05-17,Baseline,667,School,4,4,,
2026-05-20,2026-05-17,Baseline,642,School,1,1,,
2026-05-20,2026-05-17,Baseline,617,School,2,2,,
2026-05-20,2026-05-17,Baseline,851,All Nighter,10,0,,
2026-05-20,2026-05-17,Baseline,639,School,2,2,,
2026-05-20,2026-05-17,Baseline,840,All Nighter,12,0,,
2026-05-20,2026-05-17,Baseline,677,School,2,2,,
2026-05-21,2026-05-17,Baseline,6,Local / other,173,172,,
2026-05-21,2026-05-17,Baseline,51B,Local / other,173,171,,
2026-05-21,2026-05-17,Baseline,40,Local / other,197,165,,
2026-05-21,2026-05-17,Baseline,51A,Local / other,174,144,,
2026-05-21,2026-05-17,Baseline,57,Local / other,151,146,,
2026-05-21,2026-05-17,Baseline,9,Local / other,146,145,,
2026-05-21,2026-05-17,Baseline,18,Local / other,144,140,,
2026-05-21,2026-05-17,Baseline,52,Local / other,129,129,,
2026-05-21,2026-05-17,Baseline,97,Local / other,122,122,,
2026-05-21,2026-05-17,Baseline,1T,Local / other,221,140,,
2026-05-21,2026-05-17,Baseline,88,Local / other,110,109,,
2026-05-21,2026-05-17,Baseline,73,Local / other,110,103,,
2026-05-21,2026-05-17,Baseline,62,Local / other,111,100,,
2026-05-21,2026-05-17,Baseline,98,Local / other,104,103,,
2026-05-21,2026-05-17,Baseline,14,Local / other,108,108,,
2026-05-21,2026-05-17,Baseline,90,Local / other,104,102,,
2026-05-21,2026-05-17,Baseline,54,Local / other,111,111,,
2026-05-21,2026-05-17,Baseline,NL,Transbay,113,98,,
2026-05-21,2026-05-17,Baseline,27,Local / other,78,78,,
2026-05-21,2026-05-17,Baseline,211,Local / other,78,78,,
2026-05-21,2026-05-17,Baseline,86,Local / other,77,77,,
2026-05-21,2026-05-17,Baseline,36,Local / other,78,77,,
2026-05-21,2026-05-17,Baseline,200,Local / other,76,76,,
2026-05-21,2026-05-17,Baseline,F,Transbay,85,79,,
2026-05-21,2026-05-17,Baseline,12,Local / other,104,100,,
2026-05-21,2026-05-17,Baseline,72,Local / other,78,71,,
2026-05-21,2026-05-17,Baseline,210,Local / other,69,68,,
2026-05-21,2026-05-17,Baseline,22,Local / other,66,66,,
2026-05-21,2026-05-17,Baseline,96,Local / other,67,67,,
2026-05-21,2026-05-17,Baseline,239,Local / other,71,71,,
2026-05-21,2026-05-17,Baseline,76,Local / other,81,67,,
2026-05-21,2026-05-17,Baseline,72M,Local / other,83,72,,
2026-05-21,2026-05-17,Baseline,74,Local / other,71,62,,
2026-05-21,2026-05-17,Baseline,60,Local / other,65,65,,
2026-05-21,2026-05-17,Baseline,O,Transbay,69,64,,
2026-05-21,2026-05-17,Baseline,30,Local / other,81,62,,
2026-05-21,2026-05-17,Baseline,45,Local / other,81,60,,
2026-05-21,2026-05-17,Baseline,70,Local / other,55,55,,
2026-05-21,2026-05-17,Baseline,71,Local / other,54,54,,
2026-05-21,2026-05-17,Baseline,93,Local / other,55,55,,
2026-05-21,2026-05-17,Baseline,31,Local / other,66,52,,
2026-05-21,2026-05-17,Baseline,56,Local / other,50,50,,
2026-05-21,2026-05-17,Baseline,72L,Local / other,54,51,,
2026-05-21,2026-05-17,Baseline,35,Local / other,52,51,,
2026-05-21,2026-05-17,Baseline,34,Local / other,50,49,,
2026-05-21,2026-05-17,Baseline,28,Local / other,51,50,,
2026-05-21,2026-05-17,Baseline,95,Local / other,44,43,,
2026-05-21,2026-05-17,Baseline,231,Local / other,41,41,,
2026-05-21,2026-05-17,Baseline,41,Local / other,34,34,,
2026-05-21,2026-05-17,Baseline,65,Local / other,40,34,,
2026-05-21,2026-05-17,Baseline,281,Local / other,30,30,,
2026-05-21,2026-05-17,Baseline,67,Local / other,29,29,,
2026-05-21,2026-05-17,Baseline,7,Local / other,34,34,,
2026-05-21,2026-05-17,Baseline,19,Local / other,32,29,,
2026-05-21,2026-05-17,Baseline,216,Local / other,28,27,,
2026-05-21,2026-05-17,Baseline,251,Local / other,27,27,,
2026-05-21,2026-05-17,Baseline,46L,Local / other,27,25,,
2026-05-21,2026-05-17,Baseline,800,All Nighter,27,25,,
2026-05-21,2026-05-17,Baseline,802,All Nighter,10,10,,
2026-05-21,2026-05-17,Baseline,801,All Nighter,11,10,,
2026-05-21,2026-05-17,Baseline,851,All Nighter,10,10,,
2026-05-21,2026-05-17,Baseline,840,All Nighter,12,8,,
2026-05-21,2026-05-17,Baseline,G,Transbay,10,9,,
2026-05-21,2026-05-17,Baseline,P,Transbay,16,14,,
2026-05-21,2026-05-17,Baseline,805,All Nighter,12,7,,
2026-05-21,2026-05-17,Baseline,V,Transbay,10,8,,
2026-05-21,2026-05-17,Baseline,689,School,5,5,,
2026-05-21,2026-05-17,Baseline,623,School,10,10,,
2026-05-21,2026-05-17,Baseline,621,School,6,6,,
2026-05-21,2026-05-17,Baseline,FS,Transbay,4,4,,
2026-05-21,2026-05-17,Baseline,J,Transbay,10,7,,
2026-05-21,2026-05-17,Baseline,641,School,3,3,,
2026-05-21,2026-05-17,Baseline,E,Transbay,8,8,,
2026-05-21,2026-05-17,Baseline,684,School,5,5,,
2026-05-21,2026-05-17,Baseline,682,School,5,5,,
2026-05-21,2026-05-17,Baseline,687,School,3,3,,
2026-05-21,2026-05-17,Baseline,675,School,7,7,,
2026-05-21,2026-05-17,Baseline,669,School,3,3,,
2026-05-21,2026-05-17,Baseline,696,School,2,2,,
2026-05-21,2026-05-17,Baseline,680,School,2,2,,
2026-05-21,2026-05-17,Baseline,667,School,4,4,,
2026-05-21,2026-05-17,Baseline,639,School,2,2,,
2026-05-21,2026-05-17,Baseline,652,School,2,2,,
2026-05-21,2026-05-17,Baseline,NX3,Transbay,7,4,,
2026-05-21,2026-05-17,Baseline,648,School,4,4,,
2026-05-21,2026-05-17,Baseline,L,Transbay,8,7,,
2026-05-21,2026-05-17,Baseline,625,School,6,6,,
2026-05-21,2026-05-17,Baseline,NX,Transbay,9,6,,
2026-05-21,2026-05-17,Baseline,629,School,2,2,,
2026-05-21,2026-05-17,Baseline,651,School,2,2,,
2026-05-21,2026-05-17,Baseline,646,School,8,8,,
2026-05-21,2026-05-17,Baseline,607,School,2,2,,
2026-05-21,2026-05-17,Baseline,638,School,2,1,,
2026-05-21,2026-05-17,Baseline,658,School,3,2,,
2026-05-21,2026-05-17,Baseline,655,School,4,4,,
2026-05-21,2026-05-17,Baseline,663,School,2,2,,
2026-05-21,2026-05-17,Baseline,703,Early Bird,1,1,,
2026-05-21,2026-05-17,Baseline,633,School,2,1,,
2026-05-21,2026-05-17,Baseline,649,School,4,4,,
2026-05-21,2026-05-17,Baseline,631,School,4,4,,
2026-05-21,2026-05-17,Baseline,627,School,2,2,,
2026-05-21,2026-05-17,Baseline,660,School,2,2,,
2026-05-21,2026-05-17,Baseline,654,School,5,5,,
2026-05-21,2026-05-17,Baseline,W,Transbay,9,7,,
2026-05-21,2026-05-17,Baseline,U,Transbay,11,0,,
2026-05-21,2026-05-17,Baseline,702,Early Bird,1,1,,
2026-05-21,2026-05-17,Baseline,678,School,3,3,,
2026-05-21,2026-05-17,Baseline,620,School,2,2,,
2026-05-21,2026-05-17,Baseline,642,School,1,1,,
2026-05-21,2026-05-17,Baseline,605,School,2,2,,
2026-05-21,2026-05-17,Baseline,681,School,2,2,,
2026-05-21,2026-05-17,Baseline,662,School,2,2,,
2026-05-21,2026-05-17,Baseline,677,School,2,2,,
2026-05-21,2026-05-17,Baseline,701,Early Bird,2,1,,
2026-05-21,2026-05-17,Baseline,606,School,2,2,,
2026-05-21,2026-05-17,Baseline,657,School,6,6,,
2026-05-21,2026-05-17,Baseline,683,School,1,1,,
2026-05-21,2026-05-17,Baseline,688,School,2,2,,
2026-05-21,2026-05-17,Baseline,617,School,2,2,,
2026-05-21,2026-05-17,Baseline,604,School,3,3,,
2026-05-21,2026-05-17,Baseline,650,School,2,2,,
2026-05-21,2026-05-17,Baseline,624,School,2,2,,
2026-05-21,2026-05-17,Baseline,653,School,3,2,,
2026-05-22,2026-05-17,Baseline,51B,Local / other,173,168,,
2026-05-22,2026-05-17,Baseline,6,Local / other,173,166,,
2026-05-22,2026-05-17,Baseline,1T,Local / other,221,186,,
2026-05-22,2026-05-17,Baseline,40,Local / other,197,157,,
2026-05-22,2026-05-17,Baseline,18,Local / other,144,142,,
2026-05-22,2026-05-17,Baseline,51A,Local / other,173,135,,
2026-05-22,2026-05-17,Baseline,52,Local / other,129,129,,
2026-05-22,2026-05-17,Baseline,57,Local / other,151,144,,
2026-05-22,2026-05-17,Baseline,9,Local / other,146,131,,
2026-05-22,2026-05-17,Baseline,88,Local / other,110,108,,
2026-05-22,2026-05-17,Baseline,97,Local / other,122,105,,
2026-05-22,2026-05-17,Baseline,98,Local / other,104,99,,
2026-05-22,2026-05-17,Baseline,90,Local / other,104,94,,
2026-05-22,2026-05-17,Baseline,73,Local / other,110,89,,
2026-05-22,2026-05-17,Baseline,14,Local / other,108,97,,
2026-05-22,2026-05-17,Baseline,62,Local / other,111,81,,
2026-05-22,2026-05-17,Baseline,NL,Transbay,113,91,,
2026-05-22,2026-05-17,Baseline,45,Local / other,81,80,,
2026-05-22,2026-05-17,Baseline,211,Local / other,78,78,,
2026-05-22,2026-05-17,Baseline,200,Local / other,76,75,,
2026-05-22,2026-05-17,Baseline,86,Local / other,77,77,,
2026-05-22,2026-05-17,Baseline,F,Transbay,85,83,,
2026-05-22,2026-05-17,Baseline,27,Local / other,78,76,,
2026-05-22,2026-05-17,Baseline,74,Local / other,71,71,,
2026-05-22,2026-05-17,Baseline,54,Local / other,111,79,,
2026-05-22,2026-05-17,Baseline,36,Local / other,78,73,,
2026-05-22,2026-05-17,Baseline,210,Local / other,69,69,,
2026-05-22,2026-05-17,Baseline,12,Local / other,104,103,,
2026-05-22,2026-05-17,Baseline,239,Local / other,71,71,,
2026-05-22,2026-05-17,Baseline,72M,Local / other,82,72,,
2026-05-22,2026-05-17,Baseline,76,Local / other,78,70,,
2026-05-22,2026-05-17,Baseline,31,Local / other,66,66,,
2026-05-22,2026-05-17,Baseline,96,Local / other,67,64,,
2026-05-22,2026-05-17,Baseline,22,Local / other,66,62,,
2026-05-22,2026-05-17,Baseline,60,Local / other,65,63,,
2026-05-22,2026-05-17,Baseline,72,Local / other,78,60,,
2026-05-22,2026-05-17,Baseline,71,Local / other,54,54,,
2026-05-22,2026-05-17,Baseline,70,Local / other,55,50,,
2026-05-22,2026-05-17,Baseline,93,Local / other,55,52,,
2026-05-22,2026-05-17,Baseline,56,Local / other,50,49,,
2026-05-22,2026-05-17,Baseline,28,Local / other,51,51,,
2026-05-22,2026-05-17,Baseline,30,Local / other,81,50,,
2026-05-22,2026-05-17,Baseline,35,Local / other,52,48,,
2026-05-22,2026-05-17,Baseline,34,Local / other,50,45,,
2026-05-22,2026-05-17,Baseline,O,Transbay,69,47,,
2026-05-22,2026-05-17,Baseline,95,Local / other,44,44,,
2026-05-22,2026-05-17,Baseline,231,Local / other,41,41,,
2026-05-22,2026-05-17,Baseline,65,Local / other,40,36,,
2026-05-22,2026-05-17,Baseline,41,Local / other,34,34,,
2026-05-22,2026-05-17,Baseline,72L,Local / other,54,38,,
2026-05-22,2026-05-17,Baseline,19,Local / other,32,32,,
2026-05-22,2026-05-17,Baseline,67,Local / other,29,29,,
2026-05-22,2026-05-17,Baseline,281,Local / other,30,30,,
2026-05-22,2026-05-17,Baseline,216,Local / other,28,28,,
2026-05-22,2026-05-17,Baseline,46L,Local / other,27,27,,
2026-05-22,2026-05-17,Baseline,7,Local / other,34,34,,
2026-05-22,2026-05-17,Baseline,251,Local / other,27,27,,
2026-05-22,2026-05-17,Baseline,800,All Nighter,27,25,,
2026-05-22,2026-05-17,Baseline,840,All Nighter,12,12,,
2026-05-22,2026-05-17,Baseline,801,All Nighter,11,11,,
2026-05-22,2026-05-17,Baseline,805,All Nighter,12,11,,
2026-05-22,2026-05-17,Baseline,802,All Nighter,10,10,,
2026-05-22,2026-05-17,Baseline,G,Transbay,10,10,,
2026-05-22,2026-05-17,Baseline,V,Transbay,10,9,,
2026-05-22,2026-05-17,Baseline,P,Transbay,16,16,,
2026-05-22,2026-05-17,Baseline,851,All Nighter,10,10,,
2026-05-22,2026-05-17,Baseline,J,Transbay,10,8,,
2026-05-22,2026-05-17,Baseline,623,School,10,10,,
2026-05-22,2026-05-17,Baseline,E,Transbay,8,8,,
2026-05-22,2026-05-17,Baseline,NX,Transbay,9,4,,
2026-05-22,2026-05-17,Baseline,654,School,5,5,,
2026-05-22,2026-05-17,Baseline,FS,Transbay,4,4,,
2026-05-22,2026-05-17,Baseline,689,School,2,2,,
2026-05-22,2026-05-17,Baseline,682,School,5,5,,
2026-05-22,2026-05-17,Baseline,687,School,3,3,,
2026-05-22,2026-05-17,Baseline,621,School,6,6,,
2026-05-22,2026-05-17,Baseline,646,School,8,8,,
2026-05-22,2026-05-17,Baseline,658,School,3,3,,
2026-05-22,2026-05-17,Baseline,655,School,4,4,,
2026-05-22,2026-05-17,Baseline,605,School,2,2,,
2026-05-22,2026-05-17,Baseline,652,School,2,2,,
2026-05-22,2026-05-17,Baseline,NX3,Transbay,7,4,,
2026-05-22,2026-05-17,Baseline,648,School,4,4,,
2026-05-22,2026-05-17,Baseline,649,School,4,4,,
2026-05-22,2026-05-17,Baseline,633,School,1,1,,
2026-05-22,2026-05-17,Baseline,L,Transbay,8,8,,
2026-05-22,2026-05-17,Baseline,606,School,2,2,,
2026-05-22,2026-05-17,Baseline,651,School,2,2,,
2026-05-22,2026-05-17,Baseline,702,Early Bird,1,1,,
2026-05-22,2026-05-17,Baseline,657,School,6,5,,
2026-05-22,2026-05-17,Baseline,620,School,2,2,,
2026-05-22,2026-05-17,Baseline,638,School,2,2,,
2026-05-22,2026-05-17,Baseline,653,School,3,3,,
2026-05-22,2026-05-17,Baseline,U,Transbay,11,0,,
2026-05-22,2026-05-17,Baseline,624,School,2,2,,
2026-05-22,2026-05-17,Baseline,696,School,2,2,,
2026-05-22,2026-05-17,Baseline,617,School,2,2,,
2026-05-22,2026-05-17,Baseline,629,School,2,2,,
2026-05-22,2026-05-17,Baseline,701,Early Bird,2,1,,
2026-05-22,2026-05-17,Baseline,642,School,1,1,,
2026-05-22,2026-05-17,Baseline,677,School,2,2,,
2026-05-22,2026-05-17,Baseline,680,School,2,2,,
2026-05-22,2026-05-17,Baseline,650,School,2,2,,
2026-05-22,2026-05-17,Baseline,627,School,2,2,,
2026-05-22,2026-05-17,Baseline,639,School,2,2,,
2026-05-22,2026-05-17,Baseline,625,School,6,6,,
2026-05-22,2026-05-17,Baseline,688,School,2,2,,
2026-05-22,2026-05-17,Baseline,604,School,2,2,,
2026-05-22,2026-05-17,Baseline,663,School,2,2,,
2026-05-22,2026-05-17,Baseline,641,School,3,3,,
2026-05-22,2026-05-17,Baseline,703,Early Bird,1,1,,
2026-05-22,2026-05-17,Baseline,660,School,2,2,,
2026-05-22,2026-05-17,Baseline,662,School,2,2,,
2026-05-22,2026-05-17,Baseline,W,Transbay,9,8,,
2026-05-22,2026-05-17,Baseline,631,School,4,3,,
2026-05-22,2026-05-17,Baseline,683,School,1,1,,
2026-05-23,2026-05-17,Baseline,6,Local / other,151,150,,
2026-05-23,2026-05-17,Baseline,51B,Local / other,140,139,,
2026-05-23,2026-05-17,Baseline,57,Local / other,152,140,,
2026-05-23,2026-05-17,Baseline,1T,Local / other,220,187,,
2026-05-23,2026-05-17,Baseline,40,Local / other,133,131,,
2026-05-23,2026-05-17,Baseline,9,Local / other,136,132,,
2026-05-23,2026-05-17,Baseline,18,Local / other,107,106,,
2026-05-23,2026-05-17,Baseline,51A,Local / other,131,104,,
2026-05-23,2026-05-17,Baseline,88,Local / other,100,100,,
2026-05-23,2026-05-17,Baseline,73,Local / other,110,91,,
2026-05-23,2026-05-17,Baseline,52,Local / other,92,92,,
2026-05-23,2026-05-17,Baseline,62,Local / other,99,82,,
2026-05-23,2026-05-17,Baseline,14,Local / other,100,79,,
2026-05-23,2026-05-17,Baseline,86,Local / other,78,78,,
2026-05-23,2026-05-17,Baseline,200,Local / other,76,76,,
2026-05-23,2026-05-17,Baseline,F,Transbay,77,76,,
2026-05-23,2026-05-17,Baseline,30,Local / other,80,78,,
2026-05-23,2026-05-17,Baseline,36,Local / other,74,74,,
2026-05-23,2026-05-17,Baseline,NL,Transbay,75,75,,
2026-05-23,2026-05-17,Baseline,72M,Local / other,82,70,,
2026-05-23,2026-05-17,Baseline,97,Local / other,71,71,,
2026-05-23,2026-05-17,Baseline,76,Local / other,74,71,,
2026-05-23,2026-05-17,Baseline,27,Local / other,66,66,,
2026-05-23,2026-05-17,Baseline,72,Local / other,77,65,,
2026-05-23,2026-05-17,Baseline,211,Local / other,74,74,,
2026-05-23,2026-05-17,Baseline,96,Local / other,66,66,,
2026-05-23,2026-05-17,Baseline,54,Local / other,74,62,,
2026-05-23,2026-05-17,Baseline,22,Local / other,66,66,,
2026-05-23,2026-05-17,Baseline,210,Local / other,64,64,,
2026-05-23,2026-05-17,Baseline,45,Local / other,66,57,,
2026-05-23,2026-05-17,Baseline,74,Local / other,54,53,,
2026-05-23,2026-05-17,Baseline,98,Local / other,66,48,,
2026-05-23,2026-05-17,Baseline,72L,Local / other,54,51,,
2026-05-23,2026-05-17,Baseline,60,Local / other,50,50,,
2026-05-23,2026-05-17,Baseline,12,Local / other,74,74,,
2026-05-23,2026-05-17,Baseline,28,Local / other,50,50,,
2026-05-23,2026-05-17,Baseline,31,Local / other,65,49,,
2026-05-23,2026-05-17,Baseline,90,Local / other,67,43,,
2026-05-23,2026-05-17,Baseline,95,Local / other,42,42,,
2026-05-23,2026-05-17,Baseline,231,Local / other,42,42,,
2026-05-23,2026-05-17,Baseline,34,Local / other,34,34,,
2026-05-23,2026-05-17,Baseline,93,Local / other,34,34,,
2026-05-23,2026-05-17,Baseline,35,Local / other,34,34,,
2026-05-23,2026-05-17,Baseline,239,Local / other,34,34,,
2026-05-23,2026-05-17,Baseline,O,Transbay,34,34,,
2026-05-23,2026-05-17,Baseline,41,Local / other,34,34,,
2026-05-23,2026-05-17,Baseline,7,Local / other,34,32,,
2026-05-23,2026-05-17,Baseline,56,Local / other,34,30,,
2026-05-23,2026-05-17,Baseline,19,Local / other,32,28,,
2026-05-23,2026-05-17,Baseline,70,Local / other,28,28,,
2026-05-23,2026-05-17,Baseline,216,Local / other,28,28,,
2026-05-23,2026-05-17,Baseline,71,Local / other,28,26,,
2026-05-23,2026-05-17,Baseline,251,Local / other,28,28,,
2026-05-23,2026-05-17,Baseline,281,Local / other,26,25,,
2026-05-23,2026-05-17,Baseline,800,All Nighter,27,24,,
2026-05-23,2026-05-17,Baseline,840,All Nighter,12,12,,
2026-05-23,2026-05-17,Baseline,801,All Nighter,11,11,,
2026-05-23,2026-05-17,Baseline,805,All Nighter,12,11,,
2026-05-23,2026-05-17,Baseline,802,All Nighter,10,10,,
2026-05-23,2026-05-17,Baseline,851,All Nighter,10,10,,
2026-05-24,2026-05-24,Baseline,6,Local / other,151,151,,
2026-05-24,2026-05-24,Baseline,1T,Local / other,220,154,,
2026-05-24,2026-05-24,Baseline,51B,Local / other,140,135,,
2026-05-24,2026-05-24,Baseline,57,Local / other,152,132,,
2026-05-24,2026-05-24,Baseline,9,Local / other,136,126,,
2026-05-24,2026-05-24,Baseline,18,Local / other,107,103,,
2026-05-24,2026-05-24,Baseline,51A,Local / other,132,97,,
2026-05-24,2026-05-24,Baseline,73,Local / other,109,91,,
2026-05-24,2026-05-24,Baseline,62,Local / other,100,88,,
2026-05-24,2026-05-24,Baseline,40,Local / other,133,93,,
2026-05-24,2026-05-24,Baseline,14,Local / other,100,85,,
2026-05-24,2026-05-24,Baseline,88,Local / other,100,82,,
2026-05-24,2026-05-24,Baseline,52,Local / other,92,80,,
2026-05-24,2026-05-24,Baseline,86,Local / other,78,77,,
2026-05-24,2026-05-24,Baseline,F,Transbay,77,77,,
2026-05-24,2026-05-24,Baseline,54,Local / other,74,74,,
2026-05-24,2026-05-24,Baseline,72,Local / other,77,75,,
2026-05-24,2026-05-24,Baseline,36,Local / other,74,73,,
2026-05-24,2026-05-24,Baseline,72M,Local / other,82,70,,
2026-05-24,2026-05-24,Baseline,27,Local / other,66,66,,
2026-05-24,2026-05-24,Baseline,200,Local / other,76,69,,
2026-05-24,2026-05-24,Baseline,97,Local / other,71,67,,
2026-05-24,2026-05-24,Baseline,211,Local / other,74,74,,
2026-05-24,2026-05-24,Baseline,76,Local / other,74,68,,
2026-05-24,2026-05-24,Baseline,22,Local / other,66,66,,
2026-05-24,2026-05-24,Baseline,30,Local / other,80,65,,
2026-05-24,2026-05-24,Baseline,NL,Transbay,75,65,,
2026-05-24,2026-05-24,Baseline,45,Local / other,66,57,,
2026-05-24,2026-05-24,Baseline,72L,Local / other,54,54,,
2026-05-24,2026-05-24,Baseline,74,Local / other,54,54,,
2026-05-24,2026-05-24,Baseline,31,Local / other,66,54,,
2026-05-24,2026-05-24,Baseline,210,Local / other,64,56,,
2026-05-24,2026-05-24,Baseline,28,Local / other,50,49,,
2026-05-24,2026-05-24,Baseline,96,Local / other,66,48,,
2026-05-24,2026-05-24,Baseline,60,Local / other,50,48,,
2026-05-24,2026-05-24,Baseline,95,Local / other,42,40,,
2026-05-24,2026-05-24,Baseline,98,Local / other,66,39,,
2026-05-24,2026-05-24,Baseline,90,Local / other,67,40,,
2026-05-24,2026-05-24,Baseline,12,Local / other,74,63,,
2026-05-24,2026-05-24,Baseline,231,Local / other,42,41,,
2026-05-24,2026-05-24,Baseline,34,Local / other,34,34,,
2026-05-24,2026-05-24,Baseline,93,Local / other,34,34,,
2026-05-24,2026-05-24,Baseline,56,Local / other,34,34,,
2026-05-24,2026-05-24,Baseline,35,Local / other,34,34,,
2026-05-24,2026-05-24,Baseline,41,Local / other,34,34,,
2026-05-24,2026-05-24,Baseline,O,Transbay,34,33,,
2026-05-24,2026-05-24,Baseline,239,Local / other,34,34,,
2026-05-24,2026-05-24,Baseline,7,Local / other,34,32,,
2026-05-24,2026-05-24,Baseline,19,Local / other,32,32,,
2026-05-24,2026-05-24,Baseline,216,Local / other,28,28,,
2026-05-24,2026-05-24,Baseline,70,Local / other,28,28,,
2026-05-24,2026-05-24,Baseline,71,Local / other,28,28,,
2026-05-24,2026-05-24,Baseline,281,Local / other,26,26,,
2026-05-24,2026-05-24,Baseline,251,Local / other,28,26,,
2026-05-24,2026-05-24,Baseline,800,All Nighter,27,25,,
2026-05-24,2026-05-24,Baseline,840,All Nighter,12,12,,
2026-05-24,2026-05-24,Baseline,801,All Nighter,11,11,,
2026-05-24,2026-05-24,Baseline,805,All Nighter,12,11,,
2026-05-24,2026-05-24,Baseline,802,All Nighter,10,10,,
2026-05-24,2026-05-24,Baseline,851,All Nighter,10,10,,
2026-05-25,2026-05-24,Baseline,1T,Local / other,220,202,,
2026-05-25,2026-05-24,Baseline,6,Local / other,151,151,,
2026-05-25,2026-05-24,Baseline,57,Local / other,152,152,,
2026-05-25,2026-05-24,Baseline,51B,Local / other,140,140,,
2026-05-25,2026-05-24,Baseline,40,Local / other,133,132,,
2026-05-25,2026-05-24,Baseline,51A,Local / other,132,126,,
2026-05-25,2026-05-24,Baseline,9,Local / other,136,134,,
2026-05-25,2026-05-24,Baseline,73,Local / other,109,109,,
2026-05-25,2026-05-24,Baseline,62,Local / other,100,100,,
2026-05-25,2026-05-24,Baseline,88,Local / other,100,100,,
2026-05-25,2026-05-24,Baseline,18,Local / other,107,104,,
2026-05-25,2026-05-24,Baseline,14,Local / other,100,98,,
2026-05-25,2026-05-24,Baseline,52,Local / other,92,92,,
2026-05-25,2026-05-24,Baseline,86,Local / other,78,78,,
2026-05-25,2026-05-24,Baseline,30,Local / other,80,80,,
2026-05-25,2026-05-24,Baseline,F,Transbay,77,77,,
2026-05-25,2026-05-24,Baseline,54,Local / other,74,74,,
2026-05-25,2026-05-24,Baseline,72,Local / other,77,76,,
2026-05-25,2026-05-24,Baseline,200,Local / other,76,76,,
2026-05-25,2026-05-24,Baseline,72M,Local / other,82,74,,
2026-05-25,2026-05-24,Baseline,36,Local / other,74,74,,
2026-05-25,2026-05-24,Baseline,NL,Transbay,75,75,,
2026-05-25,2026-05-24,Baseline,76,Local / other,74,74,,
2026-05-25,2026-05-24,Baseline,98,Local / other,66,66,,
2026-05-25,2026-05-24,Baseline,90,Local / other,67,67,,
2026-05-25,2026-05-24,Baseline,45,Local / other,66,66,,
2026-05-25,2026-05-24,Baseline,27,Local / other,66,66,,
2026-05-25,2026-05-24,Baseline,97,Local / other,71,68,,
2026-05-25,2026-05-24,Baseline,211,Local / other,74,74,,
2026-05-25,2026-05-24,Baseline,22,Local / other,66,66,,
2026-05-25,2026-05-24,Baseline,96,Local / other,66,66,,
2026-05-25,2026-05-24,Baseline,31,Local / other,66,66,,
2026-05-25,2026-05-24,Baseline,210,Local / other,64,64,,
2026-05-25,2026-05-24,Baseline,74,Local / other,54,54,,
2026-05-25,2026-05-24,Baseline,72L,Local / other,54,54,,
2026-05-25,2026-05-24,Baseline,12,Local / other,74,74,,
2026-05-25,2026-05-24,Baseline,60,Local / other,50,49,,
2026-05-25,2026-05-24,Baseline,28,Local / other,50,50,,
2026-05-25,2026-05-24,Baseline,95,Local / other,42,42,,
2026-05-25,2026-05-24,Baseline,231,Local / other,42,41,,
2026-05-25,2026-05-24,Baseline,35,Local / other,34,34,,
2026-05-25,2026-05-24,Baseline,34,Local / other,34,34,,
2026-05-25,2026-05-24,Baseline,93,Local / other,34,34,,
2026-05-25,2026-05-24,Baseline,56,Local / other,34,34,,
2026-05-25,2026-05-24,Baseline,41,Local / other,34,34,,
2026-05-25,2026-05-24,Baseline,O,Transbay,34,34,,
2026-05-25,2026-05-24,Baseline,239,Local / other,34,34,,
2026-05-25,2026-05-24,Baseline,19,Local / other,32,32,,
2026-05-25,2026-05-24,Baseline,7,Local / other,34,33,,
2026-05-25,2026-05-24,Baseline,70,Local / other,28,28,,
2026-05-25,2026-05-24,Baseline,71,Local / other,28,28,,
2026-05-25,2026-05-24,Baseline,216,Local / other,28,28,,
2026-05-25,2026-05-24,Baseline,281,Local / other,26,26,,
2026-05-25,2026-05-24,Baseline,251,Local / other,28,28,,
2026-05-25,2026-05-24,Baseline,800,All Nighter,27,25,,
2026-05-25,2026-05-24,Baseline,840,All Nighter,12,12,,
2026-05-25,2026-05-24,Baseline,801,All Nighter,11,11,,
2026-05-25,2026-05-24,Baseline,805,All Nighter,12,11,,
2026-05-25,2026-05-24,Baseline,802,All Nighter,10,10,,
2026-05-25,2026-05-24,Baseline,851,All Nighter,10,10,,
2026-05-26,2026-05-24,Baseline,40,Local / other,197,180,,
2026-05-26,2026-05-24,Baseline,6,Local / other,173,173,,
2026-05-26,2026-05-24,Baseline,51B,Local / other,173,171,,
2026-05-26,2026-05-24,Baseline,51A,Local / other,174,168,,
2026-05-26,2026-05-24,Baseline,1T,Local / other,221,185,,
2026-05-26,2026-05-24,Baseline,18,Local / other,144,141,,
2026-05-26,2026-05-24,Baseline,57,Local / other,151,149,,
2026-05-26,2026-05-24,Baseline,52,Local / other,129,128,,
2026-05-26,2026-05-24,Baseline,9,Local / other,146,132,,
2026-05-26,2026-05-24,Baseline,97,Local / other,122,115,,
2026-05-26,2026-05-24,Baseline,73,Local / other,110,110,,
2026-05-26,2026-05-24,Baseline,62,Local / other,111,110,,
2026-05-26,2026-05-24,Baseline,88,Local / other,110,110,,
2026-05-26,2026-05-24,Baseline,98,Local / other,104,104,,
2026-05-26,2026-05-24,Baseline,90,Local / other,104,104,,
2026-05-26,2026-05-24,Baseline,54,Local / other,111,111,,
2026-05-26,2026-05-24,Baseline,14,Local / other,108,102,,
2026-05-26,2026-05-24,Baseline,12,Local / other,104,104,,
2026-05-26,2026-05-24,Baseline,F,Transbay,85,85,,
2026-05-26,2026-05-24,Baseline,86,Local / other,77,77,,
2026-05-26,2026-05-24,Baseline,30,Local / other,81,81,,
2026-05-26,2026-05-24,Baseline,27,Local / other,78,78,,
2026-05-26,2026-05-24,Baseline,211,Local / other,78,78,,
2026-05-26,2026-05-24,Baseline,36,Local / other,78,77,,
2026-05-26,2026-05-24,Baseline,200,Local / other,76,70,,
2026-05-26,2026-05-24,Baseline,210,Local / other,69,69,,
2026-05-26,2026-05-24,Baseline,74,Local / other,71,69,,
2026-05-26,2026-05-24,Baseline,72,Local / other,78,68,,
2026-05-26,2026-05-24,Baseline,76,Local / other,81,71,,
2026-05-26,2026-05-24,Baseline,239,Local / other,71,71,,
2026-05-26,2026-05-24,Baseline,96,Local / other,67,67,,
2026-05-26,2026-05-24,Baseline,NL,Transbay,113,78,,
2026-05-26,2026-05-24,Baseline,72M,Local / other,83,71,,
2026-05-26,2026-05-24,Baseline,22,Local / other,66,66,,
2026-05-26,2026-05-24,Baseline,45,Local / other,81,62,,
2026-05-26,2026-05-24,Baseline,60,Local / other,65,60,,
2026-05-26,2026-05-24,Baseline,O,Transbay,69,60,,
2026-05-26,2026-05-24,Baseline,70,Local / other,55,55,,
2026-05-26,2026-05-24,Baseline,72L,Local / other,54,54,,
2026-05-26,2026-05-24,Baseline,71,Local / other,54,54,,
2026-05-26,2026-05-24,Baseline,31,Local / other,66,54,,
2026-05-26,2026-05-24,Baseline,34,Local / other,50,50,,
2026-05-26,2026-05-24,Baseline,35,Local / other,52,51,,
2026-05-26,2026-05-24,Baseline,56,Local / other,50,50,,
2026-05-26,2026-05-24,Baseline,28,Local / other,51,51,,
2026-05-26,2026-05-24,Baseline,95,Local / other,44,44,,
2026-05-26,2026-05-24,Baseline,93,Local / other,55,40,,
2026-05-26,2026-05-24,Baseline,231,Local / other,41,41,,
2026-05-26,2026-05-24,Baseline,41,Local / other,34,34,,
2026-05-26,2026-05-24,Baseline,65,Local / other,40,33,,
2026-05-26,2026-05-24,Baseline,19,Local / other,32,32,,
2026-05-26,2026-05-24,Baseline,281,Local / other,30,28,,
2026-05-26,2026-05-24,Baseline,46L,Local / other,27,27,,
2026-05-26,2026-05-24,Baseline,67,Local / other,29,28,,
2026-05-26,2026-05-24,Baseline,7,Local / other,34,32,,
2026-05-26,2026-05-24,Baseline,216,Local / other,28,27,,
2026-05-26,2026-05-24,Baseline,251,Local / other,27,27,,
2026-05-26,2026-05-24,Baseline,800,All Nighter,27,25,,
2026-05-26,2026-05-24,Baseline,840,All Nighter,12,12,,
2026-05-26,2026-05-24,Baseline,801,All Nighter,11,11,,
2026-05-26,2026-05-24,Baseline,805,All Nighter,12,11,,
2026-05-26,2026-05-24,Baseline,802,All Nighter,10,10,,
2026-05-26,2026-05-24,Baseline,G,Transbay,10,10,,
2026-05-26,2026-05-24,Baseline,V,Transbay,10,10,,
2026-05-26,2026-05-24,Baseline,P,Transbay,16,15,,
2026-05-26,2026-05-24,Baseline,J,Transbay,10,10,,
2026-05-26,2026-05-24,Baseline,623,School,10,10,,
2026-05-26,2026-05-24,Baseline,NX,Transbay,9,9,,
2026-05-26,2026-05-24,Baseline,FS,Transbay,4,4,,
2026-05-26,2026-05-24,Baseline,851,All Nighter,10,6,,
2026-05-26,2026-05-24,Baseline,689,School,5,5,,
2026-05-26,2026-05-24,Baseline,653,School,3,3,,
2026-05-26,2026-05-24,Baseline,E,Transbay,8,7,,
2026-05-26,2026-05-24,Baseline,680,School,2,2,,
2026-05-26,2026-05-24,Baseline,655,School,4,4,,
2026-05-26,2026-05-24,Baseline,684,School,5,5,,
2026-05-26,2026-05-24,Baseline,682,School,5,4,,
2026-05-26,2026-05-24,Baseline,NX3,Transbay,7,6,,
2026-05-26,2026-05-24,Baseline,648,School,4,4,,
2026-05-26,2026-05-24,Baseline,646,School,8,8,,
2026-05-26,2026-05-24,Baseline,669,School,3,3,,
2026-05-26,2026-05-24,Baseline,605,School,2,2,,
2026-05-26,2026-05-24,Baseline,667,School,4,4,,
2026-05-26,2026-05-24,Baseline,678,School,3,3,,
2026-05-26,2026-05-24,Baseline,652,School,2,2,,
2026-05-26,2026-05-24,Baseline,649,School,4,4,,
2026-05-26,2026-05-24,Baseline,631,School,4,4,,
2026-05-26,2026-05-24,Baseline,633,School,2,2,,
2026-05-26,2026-05-24,Baseline,L,Transbay,8,8,,
2026-05-26,2026-05-24,Baseline,606,School,2,2,,
2026-05-26,2026-05-24,Baseline,627,School,2,2,,
2026-05-26,2026-05-24,Baseline,687,School,3,3,,
2026-05-26,2026-05-24,Baseline,681,School,2,2,,
2026-05-26,2026-05-24,Baseline,621,School,6,6,,
2026-05-26,2026-05-24,Baseline,651,School,2,2,,
2026-05-26,2026-05-24,Baseline,641,School,3,3,,
2026-05-26,2026-05-24,Baseline,624,School,2,2,,
2026-05-26,2026-05-24,Baseline,W,Transbay,9,8,,
2026-05-26,2026-05-24,Baseline,642,School,1,1,,
2026-05-26,2026-05-24,Baseline,654,School,5,5,,
2026-05-26,2026-05-24,Baseline,696,School,2,2,,
2026-05-26,2026-05-24,Baseline,701,Early Bird,2,2,,
2026-05-26,2026-05-24,Baseline,629,School,2,2,,
2026-05-26,2026-05-24,Baseline,604,School,3,2,,
2026-05-26,2026-05-24,Baseline,658,School,3,3,,
2026-05-26,2026-05-24,Baseline,660,School,2,2,,
2026-05-26,2026-05-24,Baseline,617,School,2,2,,
2026-05-26,2026-05-24,Baseline,625,School,6,6,,
2026-05-26,2026-05-24,Baseline,662,School,2,2,,
2026-05-26,2026-05-24,Baseline,638,School,2,2,,
2026-05-26,2026-05-24,Baseline,675,School,7,6,,
2026-05-26,2026-05-24,Baseline,677,School,2,1,,
2026-05-26,2026-05-24,Baseline,U,Transbay,11,0,,
2026-05-26,2026-05-24,Baseline,639,School,2,2,,
2026-05-26,2026-05-24,Baseline,620,School,2,2,,
2026-05-26,2026-05-24,Baseline,702,Early Bird,1,1,,
2026-05-26,2026-05-24,Baseline,688,School,2,2,,
2026-05-26,2026-05-24,Baseline,657,School,6,6,,
2026-05-26,2026-05-24,Baseline,650,School,2,2,,
2026-05-26,2026-05-24,Baseline,683,School,1,0,,
2026-05-26,2026-05-24,Baseline,703,Early Bird,1,1,,
2026-05-26,2026-05-24,Baseline,607,School,2,1,,
2026-05-26,2026-05-24,Baseline,663,School,2,2,,
2026-05-27,2026-05-24,Baseline,40,Local / other,197,179,,
2026-05-27,2026-05-24,Baseline,6,Local / other,173,171,,
2026-05-27,2026-05-24,Baseline,51B,Local / other,173,172,,
2026-05-27,2026-05-24,Baseline,51A,Local / other,174,145,,
2026-05-27,2026-05-24,Baseline,18,Local / other,144,141,,
2026-05-27,2026-05-24,Baseline,9,Local / other,146,141,,
2026-05-27,2026-05-24,Baseline,1T,Local / other,221,169,,
2026-05-27,2026-05-24,Baseline,52,Local / other,129,127,,
2026-05-27,2026-05-24,Baseline,57,Local / other,151,151,,
2026-05-27,2026-05-24,Baseline,88,Local / other,110,110,,
2026-05-27,2026-05-24,Baseline,62,Local / other,111,103,,
2026-05-27,2026-05-24,Baseline,54,Local / other,111,111,,
2026-05-27,2026-05-24,Baseline,97,Local / other,122,95,,
2026-05-27,2026-05-24,Baseline,73,Local / other,110,84,,
2026-05-27,2026-05-24,Baseline,14,Local / other,108,90,,
2026-05-27,2026-05-24,Baseline,98,Local / other,104,82,,
2026-05-27,2026-05-24,Baseline,12,Local / other,104,103,,
2026-05-27,2026-05-24,Baseline,F,Transbay,85,85,,
2026-05-27,2026-05-24,Baseline,NL,Transbay,113,88,,
2026-05-27,2026-05-24,Baseline,76,Local / other,81,81,,
2026-05-27,2026-05-24,Baseline,36,Local / other,78,78,,
2026-05-27,2026-05-24,Baseline,45,Local / other,81,77,,
2026-05-27,2026-05-24,Baseline,86,Local / other,77,77,,
2026-05-27,2026-05-24,Baseline,211,Local / other,78,78,,
2026-05-27,2026-05-24,Baseline,27,Local / other,78,74,,
2026-05-27,2026-05-24,Baseline,90,Local / other,104,74,,
2026-05-27,2026-05-24,Baseline,74,Local / other,71,71,,
2026-05-27,2026-05-24,Baseline,200,Local / other,76,68,,
2026-05-27,2026-05-24,Baseline,30,Local / other,81,74,,
2026-05-27,2026-05-24,Baseline,72,Local / other,78,70,,
2026-05-27,2026-05-24,Baseline,210,Local / other,69,69,,
2026-05-27,2026-05-24,Baseline,72M,Local / other,83,74,,
2026-05-27,2026-05-24,Baseline,239,Local / other,71,71,,
2026-05-27,2026-05-24,Baseline,22,Local / other,66,66,,
2026-05-27,2026-05-24,Baseline,96,Local / other,67,62,,
2026-05-27,2026-05-24,Baseline,60,Local / other,65,63,,
2026-05-27,2026-05-24,Baseline,O,Transbay,69,55,,
2026-05-27,2026-05-24,Baseline,71,Local / other,54,54,,
2026-05-27,2026-05-24,Baseline,31,Local / other,66,52,,
2026-05-27,2026-05-24,Baseline,56,Local / other,50,50,,
2026-05-27,2026-05-24,Baseline,72L,Local / other,54,51,,
2026-05-27,2026-05-24,Baseline,28,Local / other,51,51,,
2026-05-27,2026-05-24,Baseline,70,Local / other,55,50,,
2026-05-27,2026-05-24,Baseline,34,Local / other,50,49,,
2026-05-27,2026-05-24,Baseline,35,Local / other,52,48,,
2026-05-27,2026-05-24,Baseline,93,Local / other,54,53,,
2026-05-27,2026-05-24,Baseline,95,Local / other,44,44,,
2026-05-27,2026-05-24,Baseline,65,Local / other,40,40,,
2026-05-27,2026-05-24,Baseline,231,Local / other,41,41,,
2026-05-27,2026-05-24,Baseline,41,Local / other,34,34,,
2026-05-27,2026-05-24,Baseline,281,Local / other,30,30,,
2026-05-27,2026-05-24,Baseline,67,Local / other,29,29,,
2026-05-27,2026-05-24,Baseline,7,Local / other,34,34,,
2026-05-27,2026-05-24,Baseline,216,Local / other,28,28,,
2026-05-27,2026-05-24,Baseline,19,Local / other,32,26,,
2026-05-27,2026-05-24,Baseline,46L,Local / other,27,26,,
2026-05-27,2026-05-24,Baseline,251,Local / other,27,27,,
2026-05-27,2026-05-24,Baseline,800,All Nighter,27,25,,
2026-05-27,2026-05-24,Baseline,840,All Nighter,12,12,,
2026-05-27,2026-05-24,Baseline,801,All Nighter,11,11,,
2026-05-27,2026-05-24,Baseline,805,All Nighter,12,11,,
2026-05-27,2026-05-24,Baseline,802,All Nighter,10,10,,
2026-05-27,2026-05-24,Baseline,G,Transbay,10,9,,
2026-05-27,2026-05-24,Baseline,851,All Nighter,10,10,,
2026-05-27,2026-05-24,Baseline,J,Transbay,10,10,,
2026-05-27,2026-05-24,Baseline,V,Transbay,10,10,,
2026-05-27,2026-05-24,Baseline,P,Transbay,16,13,,
2026-05-27,2026-05-24,Baseline,623,School,10,10,,
2026-05-27,2026-05-24,Baseline,NX,Transbay,9,9,,
2026-05-27,2026-05-24,Baseline,FS,Transbay,4,4,,
2026-05-27,2026-05-24,Baseline,689,School,5,5,,
2026-05-27,2026-05-24,Baseline,684,School,5,5,,
2026-05-27,2026-05-24,Baseline,649,School,4,4,,
2026-05-27,2026-05-24,Baseline,NX3,Transbay,7,6,,
2026-05-27,2026-05-24,Baseline,621,School,6,6,,
2026-05-27,2026-05-24,Baseline,641,School,3,3,,
2026-05-27,2026-05-24,Baseline,E,Transbay,8,8,,
2026-05-27,2026-05-24,Baseline,680,School,2,2,,
2026-05-27,2026-05-24,Baseline,605,School,2,2,,
2026-05-27,2026-05-24,Baseline,652,School,2,2,,
2026-05-27,2026-05-24,Baseline,639,School,2,2,,
2026-05-27,2026-05-24,Baseline,678,School,3,3,,
2026-05-27,2026-05-24,Baseline,682,School,5,5,,
2026-05-27,2026-05-24,Baseline,663,School,3,3,,
2026-05-27,2026-05-24,Baseline,633,School,2,2,,
2026-05-27,2026-05-24,Baseline,660,School,3,3,,
2026-05-27,2026-05-24,Baseline,L,Transbay,8,8,,
2026-05-27,2026-05-24,Baseline,606,School,2,2,,
2026-05-27,2026-05-24,Baseline,687,School,3,3,,
2026-05-27,2026-05-24,Baseline,651,School,2,2,,
2026-05-27,2026-05-24,Baseline,638,School,2,2,,
2026-05-27,2026-05-24,Baseline,U,Transbay,11,0,,
2026-05-27,2026-05-24,Baseline,701,Early Bird,2,2,,
2026-05-27,2026-05-24,Baseline,677,School,2,2,,
2026-05-27,2026-05-24,Baseline,681,School,2,2,,
2026-05-27,2026-05-24,Baseline,646,School,7,5,,
2026-05-27,2026-05-24,Baseline,702,Early Bird,1,0,,
2026-05-27,2026-05-24,Baseline,653,School,3,3,,
2026-05-27,2026-05-24,Baseline,688,School,2,2,,
2026-05-27,2026-05-24,Baseline,655,School,4,4,,
2026-05-27,2026-05-24,Baseline,W,Transbay,9,9,,
2026-05-27,2026-05-24,Baseline,642,School,1,1,,
2026-05-27,2026-05-24,Baseline,624,School,2,2,,
2026-05-27,2026-05-24,Baseline,683,School,1,1,,
2026-05-27,2026-05-24,Baseline,627,School,2,2,,
2026-05-27,2026-05-24,Baseline,662,School,2,2,,
2026-05-27,2026-05-24,Baseline,604,School,3,3,,
2026-05-27,2026-05-24,Baseline,669,School,3,3,,
2026-05-27,2026-05-24,Baseline,631,School,4,4,,
2026-05-27,2026-05-24,Baseline,620,School,2,2,,
2026-05-27,2026-05-24,Baseline,617,School,2,2,,
2026-05-27,2026-05-24,Baseline,667,School,4,4,,
2026-05-27,2026-05-24,Baseline,648,School,4,4,,
2026-05-27,2026-05-24,Baseline,696,School,2,2,,
2026-05-27,2026-05-24,Baseline,625,School,6,6,,
2026-05-27,2026-05-24,Baseline,658,School,3,3,,
2026-05-27,2026-05-24,Baseline,657,School,6,6,,
2026-05-27,2026-05-24,Baseline,654,School,5,5,,
2026-05-27,2026-05-24,Baseline,703,Early Bird,1,1,,
2026-05-27,2026-05-24,Baseline,629,School,2,2,,
2026-05-27,2026-05-24,Baseline,650,School,2,2,,
2026-05-27,2026-05-24,Baseline,675,School,7,7,,
2026-05-27,2026-05-24,Baseline,607,School,2,2,,
2026-05-28,2026-05-24,Baseline,40,Local / other,197,181,,
2026-05-28,2026-05-24,Baseline,51B,Local / other,173,173,,
2026-05-28,2026-05-24,Baseline,6,Local / other,173,168,,
2026-05-28,2026-05-24,Baseline,18,Local / other,144,144,,
2026-05-28,2026-05-24,Baseline,1T,Local / other,221,168,,
2026-05-28,2026-05-24,Baseline,57,Local / other,151,149,,
2026-05-28,2026-05-24,Baseline,52,Local / other,129,129,,
2026-05-28,2026-05-24,Baseline,9,Local / other,146,135,,
2026-05-28,2026-05-24,Baseline,51A,Local / other,174,128,,
2026-05-28,2026-05-24,Baseline,97,Local / other,122,115,,
2026-05-28,2026-05-24,Baseline,88,Local / other,110,106,,
2026-05-28,2026-05-24,Baseline,54,Local / other,111,110,,
2026-05-28,2026-05-24,Baseline,62,Local / other,111,98,,
2026-05-28,2026-05-24,Baseline,73,Local / other,110,97,,
2026-05-28,2026-05-24,Baseline,14,Local / other,108,95,,
2026-05-28,2026-05-24,Baseline,NL,Transbay,113,101,,
2026-05-28,2026-05-24,Baseline,98,Local / other,104,82,,
2026-05-28,2026-05-24,Baseline,90,Local / other,104,81,,
2026-05-28,2026-05-24,Baseline,45,Local / other,81,81,,
2026-05-28,2026-05-24,Baseline,F,Transbay,85,85,,
2026-05-28,2026-05-24,Baseline,27,Local / other,78,77,,
2026-05-28,2026-05-24,Baseline,86,Local / other,77,77,,
2026-05-28,2026-05-24,Baseline,76,Local / other,81,81,,
2026-05-28,2026-05-24,Baseline,72,Local / other,78,75,,
2026-05-28,2026-05-24,Baseline,200,Local / other,76,71,,
2026-05-28,2026-05-24,Baseline,12,Local / other,104,104,,
2026-05-28,2026-05-24,Baseline,36,Local / other,78,74,,
2026-05-28,2026-05-24,Baseline,74,Local / other,71,71,,
2026-05-28,2026-05-24,Baseline,211,Local / other,78,72,,
2026-05-28,2026-05-24,Baseline,210,Local / other,69,68,,
2026-05-28,2026-05-24,Baseline,22,Local / other,66,66,,
2026-05-28,2026-05-24,Baseline,96,Local / other,67,67,,
2026-05-28,2026-05-24,Baseline,239,Local / other,71,71,,
2026-05-28,2026-05-24,Baseline,72M,Local / other,83,73,,
2026-05-28,2026-05-24,Baseline,31,Local / other,66,59,,
2026-05-28,2026-05-24,Baseline,30,Local / other,81,58,,
2026-05-28,2026-05-24,Baseline,O,Transbay,69,56,,
2026-05-28,2026-05-24,Baseline,70,Local / other,55,55,,
2026-05-28,2026-05-24,Baseline,93,Local / other,55,54,,
2026-05-28,2026-05-24,Baseline,71,Local / other,54,54,,
2026-05-28,2026-05-24,Baseline,60,Local / other,65,52,,
2026-05-28,2026-05-24,Baseline,28,Local / other,51,51,,
2026-05-28,2026-05-24,Baseline,72L,Local / other,54,50,,
2026-05-28,2026-05-24,Baseline,35,Local / other,52,48,,
2026-05-28,2026-05-24,Baseline,34,Local / other,50,46,,
2026-05-28,2026-05-24,Baseline,95,Local / other,44,43,,
2026-05-28,2026-05-24,Baseline,65,Local / other,40,40,,
2026-05-28,2026-05-24,Baseline,56,Local / other,50,40,,
2026-05-28,2026-05-24,Baseline,231,Local / other,41,41,,
2026-05-28,2026-05-24,Baseline,41,Local / other,34,34,,
2026-05-28,2026-05-24,Baseline,19,Local / other,32,32,,
2026-05-28,2026-05-24,Baseline,281,Local / other,30,30,,
2026-05-28,2026-05-24,Baseline,67,Local / other,29,29,,
2026-05-28,2026-05-24,Baseline,7,Local / other,34,32,,
2026-05-28,2026-05-24,Baseline,46L,Local / other,27,27,,
2026-05-28,2026-05-24,Baseline,216,Local / other,28,27,,
2026-05-28,2026-05-24,Baseline,251,Local / other,27,27,,
2026-05-28,2026-05-24,Baseline,800,All Nighter,27,25,,
2026-05-28,2026-05-24,Baseline,840,All Nighter,12,12,,
2026-05-28,2026-05-24,Baseline,801,All Nighter,11,11,,
2026-05-28,2026-05-24,Baseline,805,All Nighter,12,11,,
2026-05-28,2026-05-24,Baseline,802,All Nighter,10,10,,
2026-05-28,2026-05-24,Baseline,V,Transbay,10,10,,
2026-05-28,2026-05-24,Baseline,P,Transbay,16,16,,
2026-05-28,2026-05-24,Baseline,851,All Nighter,10,10,,
2026-05-28,2026-05-24,Baseline,G,Transbay,10,9,,
2026-05-28,2026-05-24,Baseline,NX,Transbay,9,9,,
2026-05-28,2026-05-24,Baseline,J,Transbay,10,10,,
2026-05-28,2026-05-24,Baseline,623,School,10,10,,
2026-05-28,2026-05-24,Baseline,FS,Transbay,4,4,,
2026-05-28,2026-05-24,Baseline,646,School,8,8,,
2026-05-28,2026-05-24,Baseline,NX3,Transbay,7,7,,
2026-05-28,2026-05-24,Baseline,621,School,6,6,,
2026-05-28,2026-05-24,Baseline,E,Transbay,8,8,,
2026-05-28,2026-05-24,Baseline,675,School,7,7,,
2026-05-28,2026-05-24,Baseline,684,School,5,5,,
2026-05-28,2026-05-24,Baseline,649,School,4,4,,
2026-05-28,2026-05-24,Baseline,689,School,5,5,,
2026-05-28,2026-05-24,Baseline,687,School,3,3,,
2026-05-28,2026-05-24,Baseline,669,School,3,3,,
2026-05-28,2026-05-24,Baseline,662,School,2,2,,
2026-05-28,2026-05-24,Baseline,605,School,2,2,,
2026-05-28,2026-05-24,Baseline,W,Transbay,9,9,,
2026-05-28,2026-05-24,Baseline,667,School,4,4,,
2026-05-28,2026-05-24,Baseline,678,School,3,3,,
2026-05-28,2026-05-24,Baseline,639,School,2,2,,
2026-05-28,2026-05-24,Baseline,682,School,5,5,,
2026-05-28,2026-05-24,Baseline,654,School,5,5,,
2026-05-28,2026-05-24,Baseline,648,School,4,4,,
2026-05-28,2026-05-24,Baseline,627,School,2,2,,
2026-05-28,2026-05-24,Baseline,L,Transbay,8,8,,
2026-05-28,2026-05-24,Baseline,638,School,2,2,,
2026-05-28,2026-05-24,Baseline,681,School,2,2,,
2026-05-28,2026-05-24,Baseline,606,School,2,2,,
2026-05-28,2026-05-24,Baseline,651,School,2,2,,
2026-05-28,2026-05-24,Baseline,641,School,3,3,,
2026-05-28,2026-05-24,Baseline,680,School,2,2,,
2026-05-28,2026-05-24,Baseline,620,School,2,2,,
2026-05-28,2026-05-24,Baseline,696,School,2,2,,
2026-05-28,2026-05-24,Baseline,703,Early Bird,1,1,,
2026-05-28,2026-05-24,Baseline,607,School,2,2,,
2026-05-28,2026-05-24,Baseline,702,Early Bird,1,1,,
2026-05-28,2026-05-24,Baseline,660,School,2,2,,
2026-05-28,2026-05-24,Baseline,658,School,3,3,,
2026-05-28,2026-05-24,Baseline,631,School,4,3,,
2026-05-28,2026-05-24,Baseline,604,School,3,3,,
2026-05-28,2026-05-24,Baseline,677,School,2,2,,
2026-05-28,2026-05-24,Baseline,650,School,2,2,,
2026-05-28,2026-05-24,Baseline,617,School,2,2,,
2026-05-28,2026-05-24,Baseline,624,School,2,2,,
2026-05-28,2026-05-24,Baseline,655,School,4,4,,
2026-05-28,2026-05-24,Baseline,683,School,1,1,,
2026-05-28,2026-05-24,Baseline,625,School,6,6,,
2026-05-28,2026-05-24,Baseline,688,School,2,2,,
2026-05-28,2026-05-24,Baseline,642,School,1,1,,
2026-05-28,2026-05-24,Baseline,629,School,2,2,,
2026-05-28,2026-05-24,Baseline,652,School,2,2,,
2026-05-28,2026-05-24,Baseline,633,School,1,1,,
2026-05-28,2026-05-24,Baseline,657,School,6,5,,
2026-05-28,2026-05-24,Baseline,U,Transbay,11,0,,
2026-05-28,2026-05-24,Baseline,701,Early Bird,2,1,,
2026-05-28,2026-05-24,Baseline,653,School,3,3,,
2026-05-28,2026-05-24,Baseline,663,School,2,2,,
2026-05-29,2026-05-24,Baseline,40,Local / other,197,182,,
2026-05-29,2026-05-24,Baseline,51B,Local / other,173,167,,
2026-05-29,2026-05-24,Baseline,6,Local / other,173,158,,
2026-05-29,2026-05-24,Baseline,51A,Local / other,173,145,,
2026-05-29,2026-05-24,Baseline,57,Local / other,150,145,,
2026-05-29,2026-05-24,Baseline,18,Local / other,144,142,,
2026-05-29,2026-05-24,Baseline,52,Local / other,129,129,,
2026-05-29,2026-05-24,Baseline,9,Local / other,146,135,,
2026-05-29,2026-05-24,Baseline,1T,Local / other,221,146,,
2026-05-29,2026-05-24,Baseline,73,Local / other,110,110,,
2026-05-29,2026-05-24,Baseline,88,Local / other,110,110,,
2026-05-29,2026-05-24,Baseline,62,Local / other,111,105,,
2026-05-29,2026-05-24,Baseline,98,Local / other,104,101,,
2026-05-29,2026-05-24,Baseline,54,Local / other,111,109,,
2026-05-29,2026-05-24,Baseline,90,Local / other,104,96,,
2026-05-29,2026-05-24,Baseline,97,Local / other,122,90,,
2026-05-29,2026-05-24,Baseline,14,Local / other,108,91,,
2026-05-29,2026-05-24,Baseline,200,Local / other,76,76,,
2026-05-29,2026-05-24,Baseline,27,Local / other,78,77,,
2026-05-29,2026-05-24,Baseline,F,Transbay,85,81,,
2026-05-29,2026-05-24,Baseline,NL,Transbay,113,85,,
2026-05-29,2026-05-24,Baseline,36,Local / other,78,75,,
2026-05-29,2026-05-24,Baseline,86,Local / other,77,72,,
2026-05-29,2026-05-24,Baseline,211,Local / other,78,76,,
2026-05-29,2026-05-24,Baseline,12,Local / other,104,98,,
2026-05-29,2026-05-24,Baseline,74,Local / other,71,71,,
2026-05-29,2026-05-24,Baseline,210,Local / other,69,67,,
2026-05-29,2026-05-24,Baseline,72,Local / other,78,70,,
2026-05-29,2026-05-24,Baseline,76,Local / other,81,73,,
2026-05-29,2026-05-24,Baseline,96,Local / other,67,67,,
2026-05-29,2026-05-24,Baseline,45,Local / other,81,66,,
2026-05-29,2026-05-24,Baseline,22,Local / other,66,65,,
2026-05-29,2026-05-24,Baseline,239,Local / other,71,67,,
2026-05-29,2026-05-24,Baseline,31,Local / other,66,63,,
2026-05-29,2026-05-24,Baseline,72M,Local / other,83,68,,
2026-05-29,2026-05-24,Baseline,30,Local / other,81,65,,
2026-05-29,2026-05-24,Baseline,70,Local / other,55,55,,
2026-05-29,2026-05-24,Baseline,O,Transbay,69,61,,
2026-05-29,2026-05-24,Baseline,93,Local / other,55,53,,
2026-05-29,2026-05-24,Baseline,71,Local / other,54,54,,
2026-05-29,2026-05-24,Baseline,28,Local / other,51,50,,
2026-05-29,2026-05-24,Baseline,56,Local / other,50,47,,
2026-05-29,2026-05-24,Baseline,35,Local / other,52,49,,
2026-05-29,2026-05-24,Baseline,34,Local / other,50,46,,
2026-05-29,2026-05-24,Baseline,60,Local / other,65,48,,
2026-05-29,2026-05-24,Baseline,95,Local / other,44,44,,
2026-05-29,2026-05-24,Baseline,72L,Local / other,54,44,,
2026-05-29,2026-05-24,Baseline,231,Local / other,41,41,,
2026-05-29,2026-05-24,Baseline,19,Local / other,32,32,,
2026-05-29,2026-05-24,Baseline,41,Local / other,34,34,,
2026-05-29,2026-05-24,Baseline,65,Local / other,40,31,,
2026-05-29,2026-05-24,Baseline,7,Local / other,34,34,,
2026-05-29,2026-05-24,Baseline,67,Local / other,29,29,,
2026-05-29,2026-05-24,Baseline,281,Local / other,30,29,,
2026-05-29,2026-05-24,Baseline,46L,Local / other,27,27,,
2026-05-29,2026-05-24,Baseline,216,Local / other,28,28,,
2026-05-29,2026-05-24,Baseline,251,Local / other,27,27,,
2026-05-29,2026-05-24,Baseline,800,All Nighter,27,25,,
2026-05-29,2026-05-24,Baseline,840,All Nighter,12,12,,
2026-05-29,2026-05-24,Baseline,801,All Nighter,11,11,,
2026-05-29,2026-05-24,Baseline,805,All Nighter,12,11,,
2026-05-29,2026-05-24,Baseline,802,All Nighter,10,10,,
2026-05-29,2026-05-24,Baseline,J,Transbay,10,10,,
2026-05-29,2026-05-24,Baseline,851,All Nighter,10,10,,
2026-05-29,2026-05-24,Baseline,G,Transbay,10,10,,
2026-05-29,2026-05-24,Baseline,V,Transbay,10,10,,
2026-05-29,2026-05-24,Baseline,623,School,10,10,,
2026-05-29,2026-05-24,Baseline,NX,Transbay,9,8,,
2026-05-29,2026-05-24,Baseline,P,Transbay,16,14,,
2026-05-29,2026-05-24,Baseline,621,School,6,6,,
2026-05-29,2026-05-24,Baseline,FS,Transbay,4,4,,
2026-05-29,2026-05-24,Baseline,E,Transbay,8,8,,
2026-05-29,2026-05-24,Baseline,675,School,7,7,,
2026-05-29,2026-05-24,Baseline,680,School,2,2,,
2026-05-29,2026-05-24,Baseline,684,School,5,5,,
2026-05-29,2026-05-24,Baseline,689,School,5,5,,
2026-05-29,2026-05-24,Baseline,682,School,5,4,,
2026-05-29,2026-05-24,Baseline,NX3,Transbay,7,7,,
2026-05-29,2026-05-24,Baseline,687,School,3,3,,
2026-05-29,2026-05-24,Baseline,625,School,6,6,,
2026-05-29,2026-05-24,Baseline,641,School,3,3,,
2026-05-29,2026-05-24,Baseline,669,School,3,3,,
2026-05-29,2026-05-24,Baseline,605,School,2,2,,
2026-05-29,2026-05-24,Baseline,667,School,4,4,,
2026-05-29,2026-05-24,Baseline,688,School,2,2,,
2026-05-29,2026-05-24,Baseline,701,Early Bird,2,1,,
2026-05-29,2026-05-24,Baseline,631,School,4,4,,
2026-05-29,2026-05-24,Baseline,681,School,2,2,,
2026-05-29,2026-05-24,Baseline,702,Early Bird,1,1,,
2026-05-29,2026-05-24,Baseline,604,School,3,3,,
2026-05-29,2026-05-24,Baseline,L,Transbay,8,6,,
2026-05-29,2026-05-24,Baseline,663,School,2,2,,
2026-05-29,2026-05-24,Baseline,607,School,2,2,,
2026-05-29,2026-05-24,Baseline,606,School,2,2,,
2026-05-29,2026-05-24,Baseline,U,Transbay,11,0,,
2026-05-29,2026-05-24,Baseline,678,School,3,3,,
2026-05-29,2026-05-24,Baseline,624,School,2,1,,
2026-05-29,2026-05-24,Baseline,703,Early Bird,1,1,,
2026-05-29,2026-05-24,Baseline,683,School,1,1,,
2026-05-29,2026-05-24,Baseline,W,Transbay,9,8,,
2026-05-30,2026-05-24,Baseline,6,Local / other,151,137,,
2026-05-30,2026-05-24,Baseline,51B,Local / other,140,132,,
2026-05-30,2026-05-24,Baseline,57,Local / other,152,124,,
2026-05-30,2026-05-24,Baseline,1T,Local / other,220,169,,
2026-05-30,2026-05-24,Baseline,9,Local / other,136,129,,
2026-05-30,2026-05-24,Baseline,73,Local / other,110,110,,
2026-05-30,2026-05-24,Baseline,51A,Local / other,131,115,,
2026-05-30,2026-05-24,Baseline,40,Local / other,133,106,,
2026-05-30,2026-05-24,Baseline,18,Local / other,107,104,,
2026-05-30,2026-05-24,Baseline,88,Local / other,100,95,,
2026-05-30,2026-05-24,Baseline,14,Local / other,100,91,,
2026-05-30,2026-05-24,Baseline,52,Local / other,92,90,,
2026-05-30,2026-05-24,Baseline,62,Local / other,99,81,,
2026-05-30,2026-05-24,Baseline,F,Transbay,77,75,,
2026-05-30,2026-05-24,Baseline,86,Local / other,78,73,,
2026-05-30,2026-05-24,Baseline,72M,Local / other,82,75,,
2026-05-30,2026-05-24,Baseline,72,Local / other,77,74,,
2026-05-30,2026-05-24,Baseline,200,Local / other,76,74,,
2026-05-30,2026-05-24,Baseline,76,Local / other,74,68,,
2026-05-30,2026-05-24,Baseline,27,Local / other,66,66,,
2026-05-30,2026-05-24,Baseline,36,Local / other,74,64,,
2026-05-30,2026-05-24,Baseline,30,Local / other,80,64,,
2026-05-30,2026-05-24,Baseline,NL,Transbay,75,67,,
2026-05-30,2026-05-24,Baseline,211,Local / other,74,69,,
2026-05-30,2026-05-24,Baseline,210,Local / other,64,63,,
2026-05-30,2026-05-24,Baseline,22,Local / other,66,65,,
2026-05-30,2026-05-24,Baseline,54,Local / other,74,59,,
2026-05-30,2026-05-24,Baseline,96,Local / other,66,60,,
2026-05-30,2026-05-24,Baseline,31,Local / other,65,59,,
2026-05-30,2026-05-24,Baseline,74,Local / other,54,54,,
2026-05-30,2026-05-24,Baseline,72L,Local / other,54,51,,
2026-05-30,2026-05-24,Baseline,98,Local / other,66,48,,
2026-05-30,2026-05-24,Baseline,90,Local / other,67,47,,
2026-05-30,2026-05-24,Baseline,12,Local / other,74,73,,
2026-05-30,2026-05-24,Baseline,60,Local / other,50,50,,
2026-05-30,2026-05-24,Baseline,28,Local / other,50,47,,
2026-05-30,2026-05-24,Baseline,45,Local / other,66,48,,
2026-05-30,2026-05-24,Baseline,97,Local / other,71,44,,
2026-05-30,2026-05-24,Baseline,95,Local / other,42,40,,
2026-05-30,2026-05-24,Baseline,231,Local / other,42,42,,
2026-05-30,2026-05-24,Baseline,34,Local / other,34,34,,
2026-05-30,2026-05-24,Baseline,56,Local / other,34,33,,
2026-05-30,2026-05-24,Baseline,35,Local / other,34,34,,
2026-05-30,2026-05-24,Baseline,93,Local / other,34,34,,
2026-05-30,2026-05-24,Baseline,O,Transbay,34,34,,
2026-05-30,2026-05-24,Baseline,19,Local / other,32,32,,
2026-05-30,2026-05-24,Baseline,41,Local / other,34,34,,
2026-05-30,2026-05-24,Baseline,7,Local / other,34,34,,
2026-05-30,2026-05-24,Baseline,239,Local / other,34,30,,
2026-05-30,2026-05-24,Baseline,70,Local / other,28,28,,
2026-05-30,2026-05-24,Baseline,71,Local / other,28,28,,
2026-05-30,2026-05-24,Baseline,216,Local / other,28,28,,
2026-05-30,2026-05-24,Baseline,251,Local / other,28,28,,
2026-05-30,2026-05-24,Baseline,281,Local / other,26,26,,
2026-05-30,2026-05-24,Baseline,800,All Nighter,27,25,,
2026-05-30,2026-05-24,Baseline,851,All Nighter,10,10,,
2026-05-30,2026-05-24,Baseline,801,All Nighter,11,8,,
2026-05-30,2026-05-24,Baseline,840,All Nighter,12,7,,
2026-05-30,2026-05-24,Baseline,805,All Nighter,12,7,,
2026-05-30,2026-05-24,Baseline,802,All Nighter,10,0,,
2026-05-31,2026-05-31,Baseline,1T,Local / other,220,197,,
2026-05-31,2026-05-31,Baseline,6,Local / other,151,150,,
2026-05-31,2026-05-31,Baseline,57,Local / other,152,145,,
2026-05-31,2026-05-31,Baseline,51B,Local / other,140,139,,
2026-05-31,2026-05-31,Baseline,40,Local / other,133,125,,
2026-05-31,2026-05-31,Baseline,51A,Local / other,132,121,,
2026-05-31,2026-05-31,Baseline,9,Local / other,136,121,,
2026-05-31,2026-05-31,Baseline,18,Local / other,107,105,,
2026-05-31,2026-05-31,Baseline,88,Local / other,100,97,,
2026-05-31,2026-05-31,Baseline,14,Local / other,100,86,,
2026-05-31,2026-05-31,Baseline,52,Local / other,92,86,,
2026-05-31,2026-05-31,Baseline,62,Local / other,100,82,,
2026-05-31,2026-05-31,Baseline,73,Local / other,109,80,,
2026-05-31,2026-05-31,Baseline,F,Transbay,77,77,,
2026-05-31,2026-05-31,Baseline,54,Local / other,74,74,,
2026-05-31,2026-05-31,Baseline,72M,Local / other,82,75,,
2026-05-31,2026-05-31,Baseline,36,Local / other,74,74,,
2026-05-31,2026-05-31,Baseline,76,Local / other,74,71,,
2026-05-31,2026-05-31,Baseline,97,Local / other,71,69,,
2026-05-31,2026-05-31,Baseline,86,Local / other,78,69,,
2026-05-31,2026-05-31,Baseline,72,Local / other,77,66,,
2026-05-31,2026-05-31,Baseline,30,Local / other,80,69,,
2026-05-31,2026-05-31,Baseline,45,Local / other,66,64,,
2026-05-31,2026-05-31,Baseline,27,Local / other,66,66,,
2026-05-31,2026-05-31,Baseline,31,Local / other,66,66,,
2026-05-31,2026-05-31,Baseline,96,Local / other,66,64,,
2026-05-31,2026-05-31,Baseline,200,Local / other,76,63,,
2026-05-31,2026-05-31,Baseline,98,Local / other,66,60,,
2026-05-31,2026-05-31,Baseline,22,Local / other,66,64,,
2026-05-31,2026-05-31,Baseline,90,Local / other,67,60,,
2026-05-31,2026-05-31,Baseline,NL,Transbay,75,60,,
2026-05-31,2026-05-31,Baseline,211,Local / other,74,63,,
2026-05-31,2026-05-31,Baseline,210,Local / other,64,54,,
2026-05-31,2026-05-31,Baseline,12,Local / other,74,70,,
2026-05-31,2026-05-31,Baseline,74,Local / other,54,49,,
2026-05-31,2026-05-31,Baseline,72L,Local / other,54,49,,
2026-05-31,2026-05-31,Baseline,28,Local / other,50,50,,
2026-05-31,2026-05-31,Baseline,95,Local / other,42,42,,
2026-05-31,2026-05-31,Baseline,60,Local / other,50,43,,
2026-05-31,2026-05-31,Baseline,231,Local / other,42,40,,
2026-05-31,2026-05-31,Baseline,O,Transbay,34,34,,
2026-05-31,2026-05-31,Baseline,7,Local / other,34,34,,
2026-05-31,2026-05-31,Baseline,239,Local / other,34,34,,
2026-05-31,2026-05-31,Baseline,19,Local / other,32,32,,
2026-05-31,2026-05-31,Baseline,41,Local / other,34,29,,
2026-05-31,2026-05-31,Baseline,35,Local / other,34,27,,
2026-05-31,2026-05-31,Baseline,34,Local / other,34,26,,
2026-05-31,2026-05-31,Baseline,216,Local / other,28,28,,
2026-05-31,2026-05-31,Baseline,71,Local / other,28,28,,
2026-05-31,2026-05-31,Baseline,70,Local / other,28,28,,
2026-05-31,2026-05-31,Baseline,56,Local / other,34,25,,
2026-05-31,2026-05-31,Baseline,93,Local / other,34,25,,
2026-05-31,2026-05-31,Baseline,281,Local / other,26,26,,
2026-05-31,2026-05-31,Baseline,251,Local / other,28,25,,
2026-05-31,2026-05-31,Baseline,800,All Nighter,27,25,,
2026-05-31,2026-05-31,Baseline,840,All Nighter,12,12,,
2026-05-31,2026-05-31,Baseline,801,All Nighter,11,11,,
2026-05-31,2026-05-31,Baseline,805,All Nighter,12,11,,
2026-05-31,2026-05-31,Baseline,802,All Nighter,10,10,,
2026-05-31,2026-05-31,Baseline,851,All Nighter,10,10,,
2026-06-01,2026-05-31,Baseline,40,Local / other,197,188,,
2026-06-01,2026-05-31,Baseline,6,Local / other,173,172,,
2026-06-01,2026-05-31,Baseline,51B,Local / other,173,168,,
2026-06-01,2026-05-31,Baseline,51A,Local / other,174,170,,
2026-06-01,2026-05-31,Baseline,1T,Local / other,221,200,,
2026-06-01,2026-05-31,Baseline,18,Local / other,144,144,,
2026-06-01,2026-05-31,Baseline,52,Local / other,129,129,,
2026-06-01,2026-05-31,Baseline,57,Local / other,150,149,,
2026-06-01,2026-05-31,Baseline,9,Local / other,146,121,,
2026-06-01,2026-05-31,Baseline,97,Local / other,122,116,,
2026-06-01,2026-05-31,Baseline,62,Local / other,111,106,,
2026-06-01,2026-05-31,Baseline,88,Local / other,110,106,,
2026-06-01,2026-05-31,Baseline,73,Local / other,110,103,,
2026-06-01,2026-05-31,Baseline,98,Local / other,104,102,,
2026-06-01,2026-05-31,Baseline,90,Local / other,104,102,,
2026-06-01,2026-05-31,Baseline,54,Local / other,111,105,,
2026-06-01,2026-05-31,Baseline,14,Local / other,108,99,,
2026-06-01,2026-05-31,Baseline,NL,Transbay,113,101,,
2026-06-01,2026-05-31,Baseline,45,Local / other,81,80,,
2026-06-01,2026-05-31,Baseline,F,Transbay,85,85,,
2026-06-01,2026-05-31,Baseline,86,Local / other,77,77,,
2026-06-01,2026-05-31,Baseline,200,Local / other,76,73,,
2026-06-01,2026-05-31,Baseline,27,Local / other,78,75,,
2026-06-01,2026-05-31,Baseline,211,Local / other,78,77,,
2026-06-01,2026-05-31,Baseline,36,Local / other,78,76,,
2026-06-01,2026-05-31,Baseline,12,Local / other,104,97,,
2026-06-01,2026-05-31,Baseline,76,Local / other,81,73,,
2026-06-01,2026-05-31,Baseline,96,Local / other,67,65,,
2026-06-01,2026-05-31,Baseline,239,Local / other,71,71,,
2026-06-01,2026-05-31,Baseline,O,Transbay,69,66,,
2026-06-01,2026-05-31,Baseline,31,Local / other,66,63,,
2026-06-01,2026-05-31,Baseline,74,Local / other,71,64,,
2026-06-01,2026-05-31,Baseline,30,Local / other,81,63,,
2026-06-01,2026-05-31,Baseline,22,Local / other,66,61,,
2026-06-01,2026-05-31,Baseline,72,Local / other,78,60,,
2026-06-01,2026-05-31,Baseline,72M,Local / other,83,59,,
2026-06-01,2026-05-31,Baseline,93,Local / other,55,53,,
2026-06-01,2026-05-31,Baseline,56,Local / other,50,50,,
2026-06-01,2026-05-31,Baseline,35,Local / other,52,49,,
2026-06-01,2026-05-31,Baseline,34,Local / other,50,47,,
2026-06-01,2026-05-31,Baseline,70,Local / other,55,50,,
2026-06-01,2026-05-31,Baseline,210,Local / other,69,51,,
2026-06-01,2026-05-31,Baseline,71,Local / other,54,49,,
2026-06-01,2026-05-31,Baseline,72L,Local / other,54,49,,
2026-06-01,2026-05-31,Baseline,95,Local / other,44,43,,
2026-06-01,2026-05-31,Baseline,60,Local / other,65,45,,
2026-06-01,2026-05-31,Baseline,28,Local / other,51,41,,
2026-06-01,2026-05-31,Baseline,65,Local / other,40,40,,
2026-06-01,2026-05-31,Baseline,231,Local / other,41,41,,
2026-06-01,2026-05-31,Baseline,41,Local / other,34,34,,
2026-06-01,2026-05-31,Baseline,19,Local / other,32,32,,
2026-06-01,2026-05-31,Baseline,7,Local / other,34,34,,
2026-06-01,2026-05-31,Baseline,281,Local / other,30,30,,
2026-06-01,2026-05-31,Baseline,67,Local / other,29,29,,
2026-06-01,2026-05-31,Baseline,216,Local / other,28,28,,
2026-06-01,2026-05-31,Baseline,46L,Local / other,27,27,,
2026-06-01,2026-05-31,Baseline,251,Local / other,27,27,,
2026-06-01,2026-05-31,Baseline,800,All Nighter,27,25,,
2026-06-01,2026-05-31,Baseline,840,All Nighter,12,12,,
2026-06-01,2026-05-31,Baseline,801,All Nighter,11,11,,
2026-06-01,2026-05-31,Baseline,805,All Nighter,12,11,,
2026-06-01,2026-05-31,Baseline,802,All Nighter,10,10,,
2026-06-01,2026-05-31,Baseline,G,Transbay,10,9,,
2026-06-01,2026-05-31,Baseline,851,All Nighter,10,10,,
2026-06-01,2026-05-31,Baseline,V,Transbay,10,8,,
2026-06-01,2026-05-31,Baseline,J,Transbay,10,10,,
2026-06-01,2026-05-31,Baseline,P,Transbay,16,15,,
2026-06-01,2026-05-31,Baseline,623,School,10,10,,
2026-06-01,2026-05-31,Baseline,NX,Transbay,9,9,,
2026-06-01,2026-05-31,Baseline,FS,Transbay,4,4,,
2026-06-01,2026-05-31,Baseline,E,Transbay,8,8,,
2026-06-01,2026-05-31,Baseline,684,School,5,5,,
2026-06-01,2026-05-31,Baseline,689,School,5,5,,
2026-06-01,2026-05-31,Baseline,625,School,6,6,,
2026-06-01,2026-05-31,Baseline,621,School,6,6,,
2026-06-01,2026-05-31,Baseline,669,School,3,3,,
2026-06-01,2026-05-31,Baseline,667,School,4,4,,
2026-06-01,2026-05-31,Baseline,NX3,Transbay,7,7,,
2026-06-01,2026-05-31,Baseline,L,Transbay,8,8,,
2026-06-01,2026-05-31,Baseline,687,School,3,2,,
2026-06-01,2026-05-31,Baseline,641,School,3,3,,
2026-06-01,2026-05-31,Baseline,702,Early Bird,1,0,,
2026-06-01,2026-05-31,Baseline,624,School,2,2,,
2026-06-01,2026-05-31,Baseline,U,Transbay,11,0,,
2026-06-01,2026-05-31,Baseline,701,Early Bird,2,1,,
2026-06-01,2026-05-31,Baseline,631,School,4,4,,
2026-06-01,2026-05-31,Baseline,675,School,7,7,,
2026-06-01,2026-05-31,Baseline,703,Early Bird,1,1,,
2026-06-01,2026-05-31,Baseline,663,School,2,2,,
2026-06-01,2026-05-31,Baseline,678,School,3,3,,
2026-06-01,2026-05-31,Baseline,606,School,2,2,,
2026-06-01,2026-05-31,Baseline,688,School,2,2,,
2026-06-01,2026-05-31,Baseline,605,School,2,2,,
2026-06-01,2026-05-31,Baseline,604,School,3,3,,
2026-06-01,2026-05-31,Baseline,607,School,2,2,,
2026-06-01,2026-05-31,Baseline,W,Transbay,9,9,,
2026-06-01,2026-05-31,Baseline,681,School,2,2,,
2026-06-02,2026-05-31,Baseline,40,Local / other,197,173,,
2026-06-02,2026-05-31,Baseline,6,Local / other,173,172,,
2026-06-02,2026-05-31,Baseline,51A,Local / other,174,169,,
2026-06-02,2026-05-31,Baseline,51B,Local / other,173,159,,
2026-06-02,2026-05-31,Baseline,1T,Local / other,221,189,,
2026-06-02,2026-05-31,Baseline,18,Local / other,144,138,,
2026-06-02,2026-05-31,Baseline,57,Local / other,150,150,,
2026-06-02,2026-05-31,Baseline,52,Local / other,129,129,,
2026-06-02,2026-05-31,Baseline,97,Local / other,122,112,,
2026-06-02,2026-05-31,Baseline,73,Local / other,110,109,,
2026-06-02,2026-05-31,Baseline,88,Local / other,110,110,,
2026-06-02,2026-05-31,Baseline,54,Local / other,111,111,,
2026-06-02,2026-05-31,Baseline,9,Local / other,146,110,,
2026-06-02,2026-05-31,Baseline,62,Local / other,111,101,,
2026-06-02,2026-05-31,Baseline,98,Local / other,104,100,,
2026-06-02,2026-05-31,Baseline,90,Local / other,104,99,,
2026-06-02,2026-05-31,Baseline,NL,Transbay,113,102,,
2026-06-02,2026-05-31,Baseline,14,Local / other,108,101,,
2026-06-02,2026-05-31,Baseline,27,Local / other,78,78,,
2026-06-02,2026-05-31,Baseline,200,Local / other,76,76,,
2026-06-02,2026-05-31,Baseline,211,Local / other,78,78,,
2026-06-02,2026-05-31,Baseline,86,Local / other,77,77,,
2026-06-02,2026-05-31,Baseline,36,Local / other,78,78,,
2026-06-02,2026-05-31,Baseline,30,Local / other,81,80,,
2026-06-02,2026-05-31,Baseline,72,Local / other,78,76,,
2026-06-02,2026-05-31,Baseline,12,Local / other,104,103,,
2026-06-02,2026-05-31,Baseline,76,Local / other,81,76,,
2026-06-02,2026-05-31,Baseline,F,Transbay,85,81,,
2026-06-02,2026-05-31,Baseline,72M,Local / other,83,78,,
2026-06-02,2026-05-31,Baseline,210,Local / other,69,69,,
2026-06-02,2026-05-31,Baseline,45,Local / other,81,69,,
2026-06-02,2026-05-31,Baseline,96,Local / other,67,67,,
2026-06-02,2026-05-31,Baseline,31,Local / other,66,66,,
2026-06-02,2026-05-31,Baseline,22,Local / other,66,66,,
2026-06-02,2026-05-31,Baseline,O,Transbay,69,66,,
2026-06-02,2026-05-31,Baseline,74,Local / other,71,61,,
2026-06-02,2026-05-31,Baseline,239,Local / other,71,68,,
2026-06-02,2026-05-31,Baseline,60,Local / other,65,62,,
2026-06-02,2026-05-31,Baseline,70,Local / other,55,51,,
2026-06-02,2026-05-31,Baseline,71,Local / other,54,54,,
2026-06-02,2026-05-31,Baseline,56,Local / other,50,50,,
2026-06-02,2026-05-31,Baseline,34,Local / other,50,44,,
2026-06-02,2026-05-31,Baseline,35,Local / other,52,46,,
2026-06-02,2026-05-31,Baseline,95,Local / other,44,44,,
2026-06-02,2026-05-31,Baseline,28,Local / other,51,44,,
2026-06-02,2026-05-31,Baseline,72L,Local / other,54,44,,
2026-06-02,2026-05-31,Baseline,93,Local / other,55,42,,
2026-06-02,2026-05-31,Baseline,65,Local / other,40,37,,
2026-06-02,2026-05-31,Baseline,19,Local / other,32,32,,
2026-06-02,2026-05-31,Baseline,7,Local / other,34,34,,
2026-06-02,2026-05-31,Baseline,231,Local / other,41,33,,
2026-06-02,2026-05-31,Baseline,67,Local / other,29,29,,
2026-06-02,2026-05-31,Baseline,281,Local / other,30,27,,
2026-06-02,2026-05-31,Baseline,46L,Local / other,27,27,,
2026-06-02,2026-05-31,Baseline,41,Local / other,34,29,,
2026-06-02,2026-05-31,Baseline,216,Local / other,28,27,,
2026-06-02,2026-05-31,Baseline,251,Local / other,27,27,,
2026-06-02,2026-05-31,Baseline,800,All Nighter,27,25,,
2026-06-02,2026-05-31,Baseline,840,All Nighter,12,12,,
2026-06-02,2026-05-31,Baseline,801,All Nighter,11,11,,
2026-06-02,2026-05-31,Baseline,805,All Nighter,12,11,,
2026-06-02,2026-05-31,Baseline,802,All Nighter,10,10,,
2026-06-02,2026-05-31,Baseline,P,Transbay,16,16,,
2026-06-02,2026-05-31,Baseline,G,Transbay,10,9,,
2026-06-02,2026-05-31,Baseline,851,All Nighter,10,10,,
2026-06-02,2026-05-31,Baseline,J,Transbay,10,9,,
2026-06-02,2026-05-31,Baseline,V,Transbay,10,10,,
2026-06-02,2026-05-31,Baseline,NX,Transbay,9,8,,
2026-06-02,2026-05-31,Baseline,FS,Transbay,4,4,,
2026-06-02,2026-05-31,Baseline,E,Transbay,8,8,,
2026-06-02,2026-05-31,Baseline,684,School,5,5,,
2026-06-02,2026-05-31,Baseline,689,School,5,5,,
2026-06-02,2026-05-31,Baseline,623,School,10,9,,
2026-06-02,2026-05-31,Baseline,NX3,Transbay,7,7,,
2026-06-02,2026-05-31,Baseline,621,School,6,6,,
2026-06-02,2026-05-31,Baseline,641,School,3,2,,
2026-06-02,2026-05-31,Baseline,675,School,7,7,,
2026-06-02,2026-05-31,Baseline,669,School,3,3,,
2026-06-02,2026-05-31,Baseline,605,School,2,2,,
2026-06-02,2026-05-31,Baseline,667,School,4,4,,
2026-06-02,2026-05-31,Baseline,606,School,2,2,,
2026-06-02,2026-05-31,Baseline,625,School,6,6,,
2026-06-02,2026-05-31,Baseline,687,School,3,2,,
2026-06-02,2026-05-31,Baseline,L,Transbay,8,8,,
2026-06-02,2026-05-31,Baseline,681,School,2,2,,
2026-06-02,2026-05-31,Baseline,607,School,2,2,,
2026-06-02,2026-05-31,Baseline,U,Transbay,11,0,,
2026-06-02,2026-05-31,Baseline,604,School,3,3,,
2026-06-02,2026-05-31,Baseline,703,Early Bird,1,1,,
2026-06-02,2026-05-31,Baseline,678,School,3,3,,
2026-06-02,2026-05-31,Baseline,624,School,2,2,,
2026-06-02,2026-05-31,Baseline,702,Early Bird,1,1,,
2026-06-02,2026-05-31,Baseline,688,School,2,2,,
2026-06-02,2026-05-31,Baseline,701,Early Bird,2,2,,
2026-06-02,2026-05-31,Baseline,W,Transbay,9,8,,
2026-06-02,2026-05-31,Baseline,631,School,4,4,,
2026-06-02,2026-05-31,Baseline,663,School,2,2,,
2026-06-03,2026-05-31,Baseline,6,Local / other,173,172,,
2026-06-03,2026-05-31,Baseline,51B,Local / other,173,170,,
2026-06-03,2026-05-31,Baseline,40,Local / other,197,165,,
2026-06-03,2026-05-31,Baseline,51A,Local / other,174,148,,
2026-06-03,2026-05-31,Baseline,18,Local / other,144,144,,
2026-06-03,2026-05-31,Baseline,57,Local / other,150,149,,
2026-06-03,2026-05-31,Baseline,52,Local / other,129,126,,
2026-06-03,2026-05-31,Baseline,1T,Local / other,221,158,,
2026-06-03,2026-05-31,Baseline,73,Local / other,110,110,,
2026-06-03,2026-05-31,Baseline,9,Local / other,146,117,,
2026-06-03,2026-05-31,Baseline,98,Local / other,104,103,,
2026-06-03,2026-05-31,Baseline,54,Local / other,111,110,,
2026-06-03,2026-05-31,Baseline,88,Local / other,110,104,,
2026-06-03,2026-05-31,Baseline,90,Local / other,104,102,,
2026-06-03,2026-05-31,Baseline,62,Local / other,111,92,,
2026-06-03,2026-05-31,Baseline,97,Local / other,122,89,,
2026-06-03,2026-05-31,Baseline,14,Local / other,108,88,,
2026-06-03,2026-05-31,Baseline,27,Local / other,78,78,,
2026-06-03,2026-05-31,Baseline,211,Local / other,78,78,,
2026-06-03,2026-05-31,Baseline,F,Transbay,85,82,,
2026-06-03,2026-05-31,Baseline,86,Local / other,77,76,,
2026-06-03,2026-05-31,Baseline,72,Local / other,78,76,,
2026-06-03,2026-05-31,Baseline,36,Local / other,78,77,,
2026-06-03,2026-05-31,Baseline,200,Local / other,76,70,,
2026-06-03,2026-05-31,Baseline,45,Local / other,81,75,,
2026-06-03,2026-05-31,Baseline,72M,Local / other,83,78,,
2026-06-03,2026-05-31,Baseline,12,Local / other,104,102,,
2026-06-03,2026-05-31,Baseline,74,Local / other,71,67,,
2026-06-03,2026-05-31,Baseline,210,Local / other,69,68,,
2026-06-03,2026-05-31,Baseline,NL,Transbay,113,77,,
2026-06-03,2026-05-31,Baseline,22,Local / other,66,65,,
2026-06-03,2026-05-31,Baseline,96,Local / other,67,67,,
2026-06-03,2026-05-31,Baseline,76,Local / other,81,67,,
2026-06-03,2026-05-31,Baseline,239,Local / other,71,71,,
2026-06-03,2026-05-31,Baseline,O,Transbay,69,66,,
2026-06-03,2026-05-31,Baseline,30,Local / other,81,64,,
2026-06-03,2026-05-31,Baseline,35,Local / other,52,52,,
2026-06-03,2026-05-31,Baseline,71,Local / other,54,54,,
2026-06-03,2026-05-31,Baseline,28,Local / other,51,51,,
2026-06-03,2026-05-31,Baseline,72L,Local / other,54,51,,
2026-06-03,2026-05-31,Baseline,31,Local / other,66,50,,
2026-06-03,2026-05-31,Baseline,34,Local / other,50,50,,
2026-06-03,2026-05-31,Baseline,70,Local / other,55,49,,
2026-06-03,2026-05-31,Baseline,60,Local / other,65,48,,
2026-06-03,2026-05-31,Baseline,56,Local / other,50,43,,
2026-06-03,2026-05-31,Baseline,95,Local / other,44,43,,
2026-06-03,2026-05-31,Baseline,65,Local / other,40,40,,
2026-06-03,2026-05-31,Baseline,93,Local / other,54,40,,
2026-06-03,2026-05-31,Baseline,231,Local / other,41,40,,
2026-06-03,2026-05-31,Baseline,41,Local / other,34,34,,
2026-06-03,2026-05-31,Baseline,19,Local / other,32,32,,
2026-06-03,2026-05-31,Baseline,281,Local / other,30,30,,
2026-06-03,2026-05-31,Baseline,7,Local / other,34,34,,
2026-06-03,2026-05-31,Baseline,67,Local / other,29,28,,
2026-06-03,2026-05-31,Baseline,216,Local / other,28,28,,
2026-06-03,2026-05-31,Baseline,46L,Local / other,27,27,,
2026-06-03,2026-05-31,Baseline,251,Local / other,27,25,,
2026-06-03,2026-05-31,Baseline,800,All Nighter,27,21,,
2026-06-03,2026-05-31,Baseline,840,All Nighter,12,12,,
2026-06-03,2026-05-31,Baseline,801,All Nighter,11,11,,
2026-06-03,2026-05-31,Baseline,805,All Nighter,12,11,,
2026-06-03,2026-05-31,Baseline,851,All Nighter,10,10,,
2026-06-03,2026-05-31,Baseline,802,All Nighter,10,10,,
2026-06-03,2026-05-31,Baseline,G,Transbay,10,10,,
2026-06-03,2026-05-31,Baseline,J,Transbay,10,10,,
2026-06-03,2026-05-31,Baseline,P,Transbay,16,14,,
2026-06-03,2026-05-31,Baseline,V,Transbay,10,10,,
2026-06-03,2026-05-31,Baseline,689,School,5,5,,
2026-06-03,2026-05-31,Baseline,NX,Transbay,9,9,,
2026-06-03,2026-05-31,Baseline,FS,Transbay,4,4,,
2026-06-03,2026-05-31,Baseline,E,Transbay,8,8,,
2026-06-03,2026-05-31,Baseline,NX3,Transbay,7,6,,
2026-06-03,2026-05-31,Baseline,675,School,7,7,,
2026-06-03,2026-05-31,Baseline,684,School,5,5,,
2026-06-03,2026-05-31,Baseline,606,School,2,2,,
2026-06-03,2026-05-31,Baseline,687,School,3,1,,
2026-06-03,2026-05-31,Baseline,669,School,3,3,,
2026-06-03,2026-05-31,Baseline,605,School,2,2,,
2026-06-03,2026-05-31,Baseline,U,Transbay,11,0,,
2026-06-03,2026-05-31,Baseline,703,Early Bird,1,1,,
2026-06-03,2026-05-31,Baseline,667,School,4,4,,
2026-06-03,2026-05-31,Baseline,607,School,2,2,,
2026-06-03,2026-05-31,Baseline,L,Transbay,8,8,,
2026-06-03,2026-05-31,Baseline,631,School,4,3,,
2026-06-03,2026-05-31,Baseline,678,School,3,3,,
2026-06-03,2026-05-31,Baseline,702,Early Bird,1,1,,
2026-06-03,2026-05-31,Baseline,688,School,2,2,,
2026-06-03,2026-05-31,Baseline,681,School,2,2,,
2026-06-03,2026-05-31,Baseline,663,School,3,3,,
2026-06-03,2026-05-31,Baseline,604,School,3,3,,
2026-06-03,2026-05-31,Baseline,701,Early Bird,2,2,,
2026-06-03,2026-05-31,Baseline,W,Transbay,9,8,,
2026-06-04,2026-05-31,Baseline,40,Local / other,197,192,,
2026-06-04,2026-05-31,Baseline,6,Local / other,173,172,,
2026-06-04,2026-05-31,Baseline,51B,Local / other,173,169,,
2026-06-04,2026-05-31,Baseline,51A,Local / other,174,152,,
2026-06-04,2026-05-31,Baseline,1T,Local / other,221,169,,
2026-06-04,2026-05-31,Baseline,18,Local / other,144,134,,
2026-06-04,2026-05-31,Baseline,52,Local / other,129,128,,
2026-06-04,2026-05-31,Baseline,57,Local / other,150,144,,
2026-06-04,2026-05-31,Baseline,9,Local / other,146,132,,
2026-06-04,2026-05-31,Baseline,97,Local / other,122,113,,
2026-06-04,2026-05-31,Baseline,88,Local / other,110,108,,
2026-06-04,2026-05-31,Baseline,54,Local / other,111,105,,
2026-06-04,2026-05-31,Baseline,98,Local / other,104,92,,
2026-06-04,2026-05-31,Baseline,73,Local / other,110,92,,
2026-06-04,2026-05-31,Baseline,14,Local / other,108,94,,
2026-06-04,2026-05-31,Baseline,NL,Transbay,113,100,,
2026-06-04,2026-05-31,Baseline,90,Local / other,104,90,,
2026-06-04,2026-05-31,Baseline,62,Local / other,111,85,,
2026-06-04,2026-05-31,Baseline,86,Local / other,77,77,,
2026-06-04,2026-05-31,Baseline,F,Transbay,85,83,,
2026-06-04,2026-05-31,Baseline,200,Local / other,76,72,,
2026-06-04,2026-05-31,Baseline,76,Local / other,81,76,,
2026-06-04,2026-05-31,Baseline,36,Local / other,78,73,,
2026-06-04,2026-05-31,Baseline,27,Local / other,78,73,,
2026-06-04,2026-05-31,Baseline,45,Local / other,81,77,,
2026-06-04,2026-05-31,Baseline,74,Local / other,71,71,,
2026-06-04,2026-05-31,Baseline,211,Local / other,78,72,,
2026-06-04,2026-05-31,Baseline,210,Local / other,69,69,,
2026-06-04,2026-05-31,Baseline,239,Local / other,71,70,,
2026-06-04,2026-05-31,Baseline,12,Local / other,104,98,,
2026-06-04,2026-05-31,Baseline,22,Local / other,66,66,,
2026-06-04,2026-05-31,Baseline,96,Local / other,67,66,,
2026-06-04,2026-05-31,Baseline,31,Local / other,66,63,,
2026-06-04,2026-05-31,Baseline,30,Local / other,81,62,,
2026-06-04,2026-05-31,Baseline,72,Local / other,78,60,,
2026-06-04,2026-05-31,Baseline,70,Local / other,55,55,,
2026-06-04,2026-05-31,Baseline,72M,Local / other,83,61,,
2026-06-04,2026-05-31,Baseline,71,Local / other,54,53,,
2026-06-04,2026-05-31,Baseline,60,Local / other,65,55,,
2026-06-04,2026-05-31,Baseline,93,Local / other,52,50,,
2026-06-04,2026-05-31,Baseline,28,Local / other,51,50,,
2026-06-04,2026-05-31,Baseline,72L,Local / other,54,49,,
2026-06-04,2026-05-31,Baseline,35,Local / other,52,48,,
2026-06-04,2026-05-31,Baseline,O,Transbay,69,54,,
2026-06-04,2026-05-31,Baseline,34,Local / other,50,46,,
2026-06-04,2026-05-31,Baseline,95,Local / other,44,43,,
2026-06-04,2026-05-31,Baseline,56,Local / other,50,40,,
2026-06-04,2026-05-31,Baseline,65,Local / other,40,40,,
2026-06-04,2026-05-31,Baseline,231,Local / other,41,40,,
2026-06-04,2026-05-31,Baseline,41,Local / other,34,34,,
2026-06-04,2026-05-31,Baseline,7,Local / other,34,34,,
2026-06-04,2026-05-31,Baseline,281,Local / other,30,30,,
2026-06-04,2026-05-31,Baseline,67,Local / other,29,29,,
2026-06-04,2026-05-31,Baseline,216,Local / other,28,28,,
2026-06-04,2026-05-31,Baseline,19,Local / other,32,29,,
2026-06-04,2026-05-31,Baseline,46L,Local / other,27,27,,
2026-06-04,2026-05-31,Baseline,251,Local / other,27,27,,
2026-06-04,2026-05-31,Baseline,800,All Nighter,27,25,,
2026-06-04,2026-05-31,Baseline,840,All Nighter,12,12,,
2026-06-04,2026-05-31,Baseline,801,All Nighter,11,11,,
2026-06-04,2026-05-31,Baseline,805,All Nighter,12,11,,
2026-06-04,2026-05-31,Baseline,802,All Nighter,10,10,,
2026-06-04,2026-05-31,Baseline,G,Transbay,10,10,,
2026-06-04,2026-05-31,Baseline,J,Transbay,10,10,,
2026-06-04,2026-05-31,Baseline,P,Transbay,16,15,,
2026-06-04,2026-05-31,Baseline,V,Transbay,10,8,,
2026-06-04,2026-05-31,Baseline,851,All Nighter,10,10,,
2026-06-04,2026-05-31,Baseline,NX,Transbay,9,8,,
2026-06-04,2026-05-31,Baseline,FS,Transbay,4,4,,
2026-06-04,2026-05-31,Baseline,NX3,Transbay,7,6,,
2026-06-04,2026-05-31,Baseline,E,Transbay,8,8,,
2026-06-04,2026-05-31,Baseline,675,School,7,7,,
2026-06-04,2026-05-31,Baseline,669,School,3,3,,
2026-06-04,2026-05-31,Baseline,684,School,5,5,,
2026-06-04,2026-05-31,Baseline,667,School,4,4,,
2026-06-04,2026-05-31,Baseline,689,School,5,4,,
2026-06-04,2026-05-31,Baseline,L,Transbay,8,8,,
2026-06-04,2026-05-31,Baseline,687,School,3,2,,
2026-06-04,2026-05-31,Baseline,703,Early Bird,1,1,,
2026-06-04,2026-05-31,Baseline,702,Early Bird,1,1,,
2026-06-04,2026-05-31,Baseline,W,Transbay,9,7,,
2026-06-04,2026-05-31,Baseline,681,School,2,2,,
2026-06-04,2026-05-31,Baseline,U,Transbay,11,0,,
2026-06-04,2026-05-31,Baseline,688,School,2,2,,
2026-06-04,2026-05-31,Baseline,631,School,4,4,,
2026-06-04,2026-05-31,Baseline,604,School,2,2,,
2026-06-04,2026-05-31,Baseline,607,School,2,2,,
2026-06-04,2026-05-31,Baseline,701,Early Bird,2,2,,
2026-06-04,2026-05-31,Baseline,663,School,2,2,,
2026-06-04,2026-05-31,Baseline,678,School,3,3,,
2026-06-05,2026-05-31,Baseline,40,Local / other,197,174,,
2026-06-05,2026-05-31,Baseline,51B,Local / other,173,165,,
2026-06-05,2026-05-31,Baseline,6,Local / other,173,161,,
2026-06-05,2026-05-31,Baseline,51A,Local / other,173,156,,
2026-06-05,2026-05-31,Baseline,1T,Local / other,221,182,,
2026-06-05,2026-05-31,Baseline,18,Local / other,144,142,,
2026-06-05,2026-05-31,Baseline,57,Local / other,150,145,,
2026-06-05,2026-05-31,Baseline,52,Local / other,129,128,,
2026-06-05,2026-05-31,Baseline,9,Local / other,146,124,,
2026-06-05,2026-05-31,Baseline,88,Local / other,110,107,,
2026-06-05,2026-05-31,Baseline,90,Local / other,104,99,,
2026-06-05,2026-05-31,Baseline,97,Local / other,122,98,,
2026-06-05,2026-05-31,Baseline,98,Local / other,104,97,,
2026-06-05,2026-05-31,Baseline,73,Local / other,110,92,,
2026-06-05,2026-05-31,Baseline,14,Local / other,108,98,,
2026-06-05,2026-05-31,Baseline,62,Local / other,111,86,,
2026-06-05,2026-05-31,Baseline,200,Local / other,76,76,,
2026-06-05,2026-05-31,Baseline,86,Local / other,77,77,,
2026-06-05,2026-05-31,Baseline,F,Transbay,85,81,,
2026-06-05,2026-05-31,Baseline,27,Local / other,78,73,,
2026-06-05,2026-05-31,Baseline,76,Local / other,81,75,,
2026-06-05,2026-05-31,Baseline,74,Local / other,71,71,,
2026-06-05,2026-05-31,Baseline,NL,Transbay,113,82,,
2026-06-05,2026-05-31,Baseline,36,Local / other,78,72,,
2026-06-05,2026-05-31,Baseline,210,Local / other,69,69,,
2026-06-05,2026-05-31,Baseline,211,Local / other,78,73,,
2026-06-05,2026-05-31,Baseline,54,Local / other,111,76,,
2026-06-05,2026-05-31,Baseline,12,Local / other,104,92,,
2026-06-05,2026-05-31,Baseline,22,Local / other,66,66,,
2026-06-05,2026-05-31,Baseline,31,Local / other,66,66,,
2026-06-05,2026-05-31,Baseline,O,Transbay,69,67,,
2026-06-05,2026-05-31,Baseline,45,Local / other,81,65,,
2026-06-05,2026-05-31,Baseline,60,Local / other,65,65,,
2026-06-05,2026-05-31,Baseline,72,Local / other,78,63,,
2026-06-05,2026-05-31,Baseline,30,Local / other,81,59,,
2026-06-05,2026-05-31,Baseline,72M,Local / other,83,61,,
2026-06-05,2026-05-31,Baseline,239,Local / other,71,63,,
2026-06-05,2026-05-31,Baseline,70,Local / other,55,55,,
2026-06-05,2026-05-31,Baseline,93,Local / other,52,52,,
2026-06-05,2026-05-31,Baseline,96,Local / other,67,51,,
2026-06-05,2026-05-31,Baseline,71,Local / other,54,54,,
2026-06-05,2026-05-31,Baseline,35,Local / other,52,48,,
2026-06-05,2026-05-31,Baseline,72L,Local / other,54,49,,
2026-06-05,2026-05-31,Baseline,34,Local / other,50,47,,
2026-06-05,2026-05-31,Baseline,56,Local / other,50,43,,
2026-06-05,2026-05-31,Baseline,95,Local / other,44,43,,
2026-06-05,2026-05-31,Baseline,28,Local / other,51,44,,
2026-06-05,2026-05-31,Baseline,65,Local / other,40,37,,
2026-06-05,2026-05-31,Baseline,19,Local / other,32,32,,
2026-06-05,2026-05-31,Baseline,7,Local / other,34,34,,
2026-06-05,2026-05-31,Baseline,67,Local / other,29,29,,
2026-06-05,2026-05-31,Baseline,41,Local / other,34,26,,
2026-06-05,2026-05-31,Baseline,281,Local / other,30,28,,
2026-06-05,2026-05-31,Baseline,46L,Local / other,27,27,,
2026-06-05,2026-05-31,Baseline,231,Local / other,41,28,,
2026-06-05,2026-05-31,Baseline,216,Local / other,28,26,,
2026-06-05,2026-05-31,Baseline,251,Local / other,27,25,,
2026-06-05,2026-05-31,Baseline,800,All Nighter,27,25,,
2026-06-05,2026-05-31,Baseline,840,All Nighter,12,12,,
2026-06-05,2026-05-31,Baseline,805,All Nighter,12,11,,
2026-06-05,2026-05-31,Baseline,801,All Nighter,11,11,,
2026-06-05,2026-05-31,Baseline,802,All Nighter,10,10,,
2026-06-05,2026-05-31,Baseline,G,Transbay,10,10,,
2026-06-05,2026-05-31,Baseline,P,Transbay,16,15,,
2026-06-05,2026-05-31,Baseline,851,All Nighter,10,10,,
2026-06-05,2026-05-31,Baseline,V,Transbay,10,7,,
2026-06-05,2026-05-31,Baseline,J,Transbay,10,8,,
2026-06-05,2026-05-31,Baseline,NX,Transbay,9,8,,
2026-06-05,2026-05-31,Baseline,FS,Transbay,4,4,,
2026-06-05,2026-05-31,Baseline,689,School,5,5,,
2026-06-05,2026-05-31,Baseline,E,Transbay,8,7,,
2026-06-05,2026-05-31,Baseline,NX3,Transbay,7,6,,
2026-06-05,2026-05-31,Baseline,675,School,7,7,,
2026-06-05,2026-05-31,Baseline,684,School,5,5,,
2026-06-05,2026-05-31,Baseline,667,School,4,4,,
2026-06-05,2026-05-31,Baseline,L,Transbay,8,8,,
2026-06-05,2026-05-31,Baseline,604,School,2,2,,
2026-06-05,2026-05-31,Baseline,607,School,2,2,,
2026-06-05,2026-05-31,Baseline,669,School,3,3,,
2026-06-05,2026-05-31,Baseline,701,Early Bird,2,2,,
2026-06-05,2026-05-31,Baseline,W,Transbay,9,9,,
2026-06-05,2026-05-31,Baseline,688,School,2,2,,
2026-06-05,2026-05-31,Baseline,702,Early Bird,1,1,,
2026-06-05,2026-05-31,Baseline,U,Transbay,11,0,,
2026-06-05,2026-05-31,Baseline,681,School,2,1,,
2026-06-05,2026-05-31,Baseline,678,School,3,1,,
2026-06-05,2026-05-31,Baseline,703,Early Bird,1,1,,
2026-06-06,2026-05-31,Baseline,6,Local / other,151,144,,
2026-06-06,2026-05-31,Baseline,57,Local / other,152,141,,
2026-06-06,2026-05-31,Baseline,1T,Local / other,220,166,,
2026-06-06,2026-05-31,Baseline,51B,Local / other,140,127,,
2026-06-06,2026-05-31,Baseline,40,Local / other,133,123,,
2026-06-06,2026-05-31,Baseline,9,Local / other,136,125,,
2026-06-06,2026-05-31,Baseline,18,Local / other,107,103,,
2026-06-06,2026-05-31,Baseline,51A,Local / other,131,104,,
2026-06-06,2026-05-31,Baseline,88,Local / other,100,99,,
2026-06-06,2026-05-31,Baseline,52,Local / other,92,90,,
2026-06-06,2026-05-31,Baseline,62,Local / other,99,82,,
2026-06-06,2026-05-31,Baseline,73,Local / other,110,83,,
2026-06-06,2026-05-31,Baseline,14,Local / other,100,79,,
2026-06-06,2026-05-31,Baseline,86,Local / other,78,78,,
2026-06-06,2026-05-31,Baseline,200,Local / other,76,76,,
2026-06-06,2026-05-31,Baseline,54,Local / other,74,73,,
2026-06-06,2026-05-31,Baseline,97,Local / other,71,70,,
2026-06-06,2026-05-31,Baseline,36,Local / other,74,70,,
2026-06-06,2026-05-31,Baseline,F,Transbay,77,69,,
2026-06-06,2026-05-31,Baseline,72M,Local / other,82,69,,
2026-06-06,2026-05-31,Baseline,27,Local / other,66,66,,
2026-06-06,2026-05-31,Baseline,210,Local / other,64,64,,
2026-06-06,2026-05-31,Baseline,22,Local / other,66,66,,
2026-06-06,2026-05-31,Baseline,98,Local / other,66,58,,
2026-06-06,2026-05-31,Baseline,90,Local / other,67,59,,
2026-06-06,2026-05-31,Baseline,96,Local / other,66,63,,
2026-06-06,2026-05-31,Baseline,NL,Transbay,75,64,,
2026-06-06,2026-05-31,Baseline,30,Local / other,80,58,,
2026-06-06,2026-05-31,Baseline,72,Local / other,77,57,,
2026-06-06,2026-05-31,Baseline,76,Local / other,74,62,,
2026-06-06,2026-05-31,Baseline,211,Local / other,74,63,,
2026-06-06,2026-05-31,Baseline,45,Local / other,66,51,,
2026-06-06,2026-05-31,Baseline,31,Local / other,65,53,,
2026-06-06,2026-05-31,Baseline,74,Local / other,54,51,,
2026-06-06,2026-05-31,Baseline,60,Local / other,50,49,,
2026-06-06,2026-05-31,Baseline,72L,Local / other,54,47,,
2026-06-06,2026-05-31,Baseline,12,Local / other,74,71,,
2026-06-06,2026-05-31,Baseline,28,Local / other,50,43,,
2026-06-06,2026-05-31,Baseline,95,Local / other,42,36,,
2026-06-06,2026-05-31,Baseline,56,Local / other,34,34,,
2026-06-06,2026-05-31,Baseline,239,Local / other,34,34,,
2026-06-06,2026-05-31,Baseline,93,Local / other,34,34,,
2026-06-06,2026-05-31,Baseline,231,Local / other,42,39,,
2026-06-06,2026-05-31,Baseline,34,Local / other,34,32,,
2026-06-06,2026-05-31,Baseline,19,Local / other,32,32,,
2026-06-06,2026-05-31,Baseline,41,Local / other,34,34,,
2026-06-06,2026-05-31,Baseline,35,Local / other,34,32,,
2026-06-06,2026-05-31,Baseline,O,Transbay,34,31,,
2026-06-06,2026-05-31,Baseline,7,Local / other,34,32,,
2026-06-06,2026-05-31,Baseline,70,Local / other,28,28,,
2026-06-06,2026-05-31,Baseline,71,Local / other,28,28,,
2026-06-06,2026-05-31,Baseline,216,Local / other,28,28,,
2026-06-06,2026-05-31,Baseline,251,Local / other,28,26,,
2026-06-06,2026-05-31,Baseline,281,Local / other,26,22,,
2026-06-06,2026-05-31,Baseline,800,All Nighter,27,25,,
2026-06-06,2026-05-31,Baseline,840,All Nighter,12,12,,
2026-06-06,2026-05-31,Baseline,801,All Nighter,11,11,,
2026-06-06,2026-05-31,Baseline,805,All Nighter,12,11,,
2026-06-06,2026-05-31,Baseline,802,All Nighter,10,10,,
2026-06-06,2026-05-31,Baseline,851,All Nighter,10,10,,
2026-06-07,2026-06-07,Baseline,1T,Local / other,220,201,,
2026-06-07,2026-06-07,Baseline,6,Local / other,151,122,,
2026-06-07,2026-06-07,Baseline,57,Local / other,152,134,,
2026-06-07,2026-06-07,Baseline,51B,Local / other,140,124,,
2026-06-07,2026-06-07,Baseline,9,Local / other,136,124,,
2026-06-07,2026-06-07,Baseline,18,Local / other,107,100,,
2026-06-07,2026-06-07,Baseline,51A,Local / other,132,100,,
2026-06-07,2026-06-07,Baseline,88,Local / other,100,99,,
2026-06-07,2026-06-07,Baseline,14,Local / other,100,97,,
2026-06-07,2026-06-07,Baseline,62,Local / other,100,94,,
2026-06-07,2026-06-07,Baseline,73,Local / other,109,91,,
2026-06-07,2026-06-07,Baseline,40,Local / other,133,92,,
2026-06-07,2026-06-07,Baseline,52,Local / other,92,84,,
2026-06-07,2026-06-07,Baseline,86,Local / other,78,78,,
2026-06-07,2026-06-07,Baseline,F,Transbay,77,77,,
2026-06-07,2026-06-07,Baseline,54,Local / other,74,74,,
2026-06-07,2026-06-07,Baseline,36,Local / other,74,71,,
2026-06-07,2026-06-07,Baseline,97,Local / other,71,71,,
2026-06-07,2026-06-07,Baseline,30,Local / other,80,69,,
2026-06-07,2026-06-07,Baseline,200,Local / other,76,68,,
2026-06-07,2026-06-07,Baseline,27,Local / other,66,66,,
2026-06-07,2026-06-07,Baseline,76,Local / other,74,69,,
2026-06-07,2026-06-07,Baseline,72,Local / other,77,61,,
2026-06-07,2026-06-07,Baseline,22,Local / other,66,65,,
2026-06-07,2026-06-07,Baseline,31,Local / other,66,66,,
2026-06-07,2026-06-07,Baseline,96,Local / other,66,63,,
2026-06-07,2026-06-07,Baseline,72M,Local / other,82,62,,
2026-06-07,2026-06-07,Baseline,98,Local / other,66,57,,
2026-06-07,2026-06-07,Baseline,45,Local / other,66,56,,
2026-06-07,2026-06-07,Baseline,211,Local / other,74,65,,
2026-06-07,2026-06-07,Baseline,210,Local / other,64,64,,
2026-06-07,2026-06-07,Baseline,90,Local / other,67,58,,
2026-06-07,2026-06-07,Baseline,NL,Transbay,75,54,,
2026-06-07,2026-06-07,Baseline,60,Local / other,50,43,,
2026-06-07,2026-06-07,Baseline,95,Local / other,42,39,,
2026-06-07,2026-06-07,Baseline,28,Local / other,50,41,,
2026-06-07,2026-06-07,Baseline,12,Local / other,74,64,,
2026-06-07,2026-06-07,Baseline,74,Local / other,54,39,,
2026-06-07,2026-06-07,Baseline,56,Local / other,34,34,,
2026-06-07,2026-06-07,Baseline,231,Local / other,42,40,,
2026-06-07,2026-06-07,Baseline,7,Local / other,34,34,,
2026-06-07,2026-06-07,Baseline,93,Local / other,34,34,,
2026-06-07,2026-06-07,Baseline,239,Local / other,34,34,,
2026-06-07,2026-06-07,Baseline,41,Local / other,34,34,,
2026-06-07,2026-06-07,Baseline,34,Local / other,34,32,,
2026-06-07,2026-06-07,Baseline,35,Local / other,34,30,,
2026-06-07,2026-06-07,Baseline,19,Local / other,32,32,,
2026-06-07,2026-06-07,Baseline,72L,Local / other,54,29,,
2026-06-07,2026-06-07,Baseline,71,Local / other,28,26,,
2026-06-07,2026-06-07,Baseline,70,Local / other,28,27,,
2026-06-07,2026-06-07,Baseline,216,Local / other,28,26,,
2026-06-07,2026-06-07,Baseline,251,Local / other,28,28,,
2026-06-07,2026-06-07,Baseline,281,Local / other,26,26,,
2026-06-07,2026-06-07,Baseline,O,Transbay,34,23,,
2026-06-07,2026-06-07,Baseline,800,All Nighter,27,25,,
2026-06-07,2026-06-07,Baseline,801,All Nighter,11,11,,
2026-06-07,2026-06-07,Baseline,805,All Nighter,12,10,,
2026-06-07,2026-06-07,Baseline,840,All Nighter,12,11,,
2026-06-07,2026-06-07,Baseline,802,All Nighter,10,10,,
2026-06-07,2026-06-07,Baseline,851,All Nighter,10,10,,
2026-06-08,2026-06-07,Baseline,40,Local / other,197,166,,
2026-06-08,2026-06-07,Baseline,6,Local / other,173,164,,
2026-06-08,2026-06-07,Baseline,51B,Local / other,173,159,,
2026-06-08,2026-06-07,Baseline,1T,Local / other,221,201,,
2026-06-08,2026-06-07,Baseline,51A,Local / other,174,149,,
2026-06-08,2026-06-07,Baseline,18,Local / other,144,144,,
2026-06-08,2026-06-07,Baseline,9,Local / other,146,140,,
2026-06-08,2026-06-07,Baseline,52,Local / other,129,129,,
2026-06-08,2026-06-07,Baseline,57,Local / other,150,143,,
2026-06-08,2026-06-07,Baseline,62,Local / other,111,106,,
2026-06-08,2026-06-07,Baseline,88,Local / other,110,110,,
2026-06-08,2026-06-07,Baseline,97,Local / other,121,104,,
2026-06-08,2026-06-07,Baseline,54,Local / other,111,105,,
2026-06-08,2026-06-07,Baseline,73,Local / other,110,90,,
2026-06-08,2026-06-07,Baseline,98,Local / other,104,82,,
2026-06-08,2026-06-07,Baseline,NL,Transbay,113,91,,
2026-06-08,2026-06-07,Baseline,211,Local / other,78,78,,
2026-06-08,2026-06-07,Baseline,90,Local / other,104,79,,
2026-06-08,2026-06-07,Baseline,14,Local / other,108,81,,
2026-06-08,2026-06-07,Baseline,F,Transbay,85,85,,
2026-06-08,2026-06-07,Baseline,86,Local / other,77,77,,
2026-06-08,2026-06-07,Baseline,200,Local / other,76,76,,
2026-06-08,2026-06-07,Baseline,36,Local / other,78,77,,
2026-06-08,2026-06-07,Baseline,27,Local / other,78,69,,
2026-06-08,2026-06-07,Baseline,210,Local / other,69,69,,
2026-06-08,2026-06-07,Baseline,45,Local / other,81,69,,
2026-06-08,2026-06-07,Baseline,12,Local / other,104,103,,
2026-06-08,2026-06-07,Baseline,72M,Local / other,83,71,,
2026-06-08,2026-06-07,Baseline,96,Local / other,67,67,,
2026-06-08,2026-06-07,Baseline,22,Local / other,66,66,,
2026-06-08,2026-06-07,Baseline,239,Local / other,71,70,,
2026-06-08,2026-06-07,Baseline,30,Local / other,81,64,,
2026-06-08,2026-06-07,Baseline,O,Transbay,69,63,,
2026-06-08,2026-06-07,Baseline,76,Local / other,81,64,,
2026-06-08,2026-06-07,Baseline,31,Local / other,66,62,,
2026-06-08,2026-06-07,Baseline,72,Local / other,78,63,,
2026-06-08,2026-06-07,Baseline,74,Local / other,71,54,,
2026-06-08,2026-06-07,Baseline,56,Local / other,50,50,,
2026-06-08,2026-06-07,Baseline,71,Local / other,54,50,,
2026-06-08,2026-06-07,Baseline,93,Local / other,52,52,,
2026-06-08,2026-06-07,Baseline,34,Local / other,50,46,,
2026-06-08,2026-06-07,Baseline,70,Local / other,55,51,,
2026-06-08,2026-06-07,Baseline,72L,Local / other,54,51,,
2026-06-08,2026-06-07,Baseline,28,Local / other,51,49,,
2026-06-08,2026-06-07,Baseline,35,Local / other,52,48,,
2026-06-08,2026-06-07,Baseline,60,Local / other,65,49,,
2026-06-08,2026-06-07,Baseline,95,Local / other,42,42,,
2026-06-08,2026-06-07,Baseline,65,Local / other,40,40,,
2026-06-08,2026-06-07,Baseline,231,Local / other,41,40,,
2026-06-08,2026-06-07,Baseline,41,Local / other,34,33,,
2026-06-08,2026-06-07,Baseline,19,Local / other,32,31,,
2026-06-08,2026-06-07,Baseline,7,Local / other,34,34,,
2026-06-08,2026-06-07,Baseline,281,Local / other,30,30,,
2026-06-08,2026-06-07,Baseline,67,Local / other,29,29,,
2026-06-08,2026-06-07,Baseline,216,Local / other,28,28,,
2026-06-08,2026-06-07,Baseline,251,Local / other,27,27,,
2026-06-08,2026-06-07,Baseline,46L,Local / other,27,24,,
2026-06-08,2026-06-07,Baseline,800,All Nighter,27,25,,
2026-06-08,2026-06-07,Baseline,840,All Nighter,12,12,,
2026-06-08,2026-06-07,Baseline,801,All Nighter,11,11,,
2026-06-08,2026-06-07,Baseline,805,All Nighter,12,11,,
2026-06-08,2026-06-07,Baseline,802,All Nighter,10,10,,
2026-06-08,2026-06-07,Baseline,851,All Nighter,10,10,,
2026-06-08,2026-06-07,Baseline,V,Transbay,10,8,,
2026-06-08,2026-06-07,Baseline,J,Transbay,10,10,,
2026-06-08,2026-06-07,Baseline,G,Transbay,10,9,,
2026-06-08,2026-06-07,Baseline,P,Transbay,16,12,,
2026-06-08,2026-06-07,Baseline,NX,Transbay,9,8,,
2026-06-08,2026-06-07,Baseline,689,School,5,5,,
2026-06-08,2026-06-07,Baseline,FS,Transbay,4,4,,
2026-06-08,2026-06-07,Baseline,NX3,Transbay,7,5,,
2026-06-08,2026-06-07,Baseline,E,Transbay,8,7,,
2026-06-08,2026-06-07,Baseline,675,School,7,7,,
2026-06-08,2026-06-07,Baseline,669,School,3,3,,
2026-06-08,2026-06-07,Baseline,684,School,5,5,,
2026-06-08,2026-06-07,Baseline,667,School,4,4,,
2026-06-08,2026-06-07,Baseline,L,Transbay,8,8,,
2026-06-08,2026-06-07,Baseline,604,School,2,2,,
2026-06-08,2026-06-07,Baseline,703,Early Bird,1,1,,
2026-06-08,2026-06-07,Baseline,W,Transbay,9,9,,
2026-06-08,2026-06-07,Baseline,681,School,2,2,,
2026-06-08,2026-06-07,Baseline,701,Early Bird,2,1,,
2026-06-08,2026-06-07,Baseline,702,Early Bird,1,1,,
2026-06-08,2026-06-07,Baseline,688,School,2,2,,
2026-06-08,2026-06-07,Baseline,U,Transbay,11,0,,
2026-06-08,2026-06-07,Baseline,607,School,2,2,,
2026-06-08,2026-06-07,Baseline,678,School,3,0,,
2026-06-09,2026-06-07,Baseline,40,Local / other,197,187,,
2026-06-09,2026-06-07,Baseline,51B,Local / other,173,167,,
2026-06-09,2026-06-07,Baseline,6,Local / other,173,162,,
2026-06-09,2026-06-07,Baseline,1T,Local / other,221,198,,
2026-06-09,2026-06-07,Baseline,51A,Local / other,174,152,,
2026-06-09,2026-06-07,Baseline,18,Local / other,144,139,,
2026-06-09,2026-06-07,Baseline,9,Local / other,146,139,,
2026-06-09,2026-06-07,Baseline,52,Local / other,129,129,,
2026-06-09,2026-06-07,Baseline,57,Local / other,150,146,,
2026-06-09,2026-06-07,Baseline,97,Local / other,121,116,,
2026-06-09,2026-06-07,Baseline,62,Local / other,111,111,,
2026-06-09,2026-06-07,Baseline,88,Local / other,110,107,,
2026-06-09,2026-06-07,Baseline,54,Local / other,111,109,,
2026-06-09,2026-06-07,Baseline,98,Local / other,104,95,,
2026-06-09,2026-06-07,Baseline,NL,Transbay,113,102,,
2026-06-09,2026-06-07,Baseline,90,Local / other,104,89,,
2026-06-09,2026-06-07,Baseline,73,Local / other,110,87,,
2026-06-09,2026-06-07,Baseline,14,Local / other,108,89,,
2026-06-09,2026-06-07,Baseline,45,Local / other,81,80,,
2026-06-09,2026-06-07,Baseline,211,Local / other,78,78,,
2026-06-09,2026-06-07,Baseline,200,Local / other,76,75,,
2026-06-09,2026-06-07,Baseline,27,Local / other,78,78,,
2026-06-09,2026-06-07,Baseline,F,Transbay,85,84,,
2026-06-09,2026-06-07,Baseline,12,Local / other,104,104,,
2026-06-09,2026-06-07,Baseline,36,Local / other,78,77,,
2026-06-09,2026-06-07,Baseline,86,Local / other,77,74,,
2026-06-09,2026-06-07,Baseline,76,Local / other,81,80,,
2026-06-09,2026-06-07,Baseline,74,Local / other,71,70,,
2026-06-09,2026-06-07,Baseline,30,Local / other,81,73,,
2026-06-09,2026-06-07,Baseline,210,Local / other,69,68,,
2026-06-09,2026-06-07,Baseline,72,Local / other,78,66,,
2026-06-09,2026-06-07,Baseline,96,Local / other,67,64,,
2026-06-09,2026-06-07,Baseline,O,Transbay,69,67,,
2026-06-09,2026-06-07,Baseline,22,Local / other,66,65,,
2026-06-09,2026-06-07,Baseline,239,Local / other,71,69,,
2026-06-09,2026-06-07,Baseline,72M,Local / other,83,69,,
2026-06-09,2026-06-07,Baseline,60,Local / other,65,65,,
2026-06-09,2026-06-07,Baseline,31,Local / other,66,58,,
2026-06-09,2026-06-07,Baseline,72L,Local / other,54,53,,
2026-06-09,2026-06-07,Baseline,70,Local / other,55,54,,
2026-06-09,2026-06-07,Baseline,71,Local / other,54,54,,
2026-06-09,2026-06-07,Baseline,93,Local / other,52,52,,
2026-06-09,2026-06-07,Baseline,35,Local / other,52,50,,
2026-06-09,2026-06-07,Baseline,34,Local / other,50,48,,
2026-06-09,2026-06-07,Baseline,28,Local / other,51,46,,
2026-06-09,2026-06-07,Baseline,95,Local / other,42,42,,
2026-06-09,2026-06-07,Baseline,65,Local / other,40,40,,
2026-06-09,2026-06-07,Baseline,231,Local / other,41,41,,
2026-06-09,2026-06-07,Baseline,56,Local / other,50,34,,
2026-06-09,2026-06-07,Baseline,19,Local / other,32,32,,
2026-06-09,2026-06-07,Baseline,41,Local / other,34,31,,
2026-06-09,2026-06-07,Baseline,7,Local / other,34,34,,
2026-06-09,2026-06-07,Baseline,67,Local / other,29,29,,
2026-06-09,2026-06-07,Baseline,281,Local / other,30,30,,
2026-06-09,2026-06-07,Baseline,216,Local / other,28,28,,
2026-06-09,2026-06-07,Baseline,46L,Local / other,27,27,,
2026-06-09,2026-06-07,Baseline,251,Local / other,27,27,,
2026-06-09,2026-06-07,Baseline,800,All Nighter,27,25,,
2026-06-09,2026-06-07,Baseline,840,All Nighter,12,12,,
2026-06-09,2026-06-07,Baseline,805,All Nighter,12,11,,
2026-06-09,2026-06-07,Baseline,802,All Nighter,10,10,,
2026-06-09,2026-06-07,Baseline,G,Transbay,10,10,,
2026-06-09,2026-06-07,Baseline,J,Transbay,10,10,,
2026-06-09,2026-06-07,Baseline,801,All Nighter,11,9,,
2026-06-09,2026-06-07,Baseline,851,All Nighter,10,10,,
2026-06-09,2026-06-07,Baseline,V,Transbay,10,9,,
2026-06-09,2026-06-07,Baseline,P,Transbay,16,15,,
2026-06-09,2026-06-07,Baseline,NX3,Transbay,7,7,,
2026-06-09,2026-06-07,Baseline,NX,Transbay,9,9,,
2026-06-09,2026-06-07,Baseline,FS,Transbay,4,4,,
2026-06-09,2026-06-07,Baseline,E,Transbay,8,8,,
2026-06-09,2026-06-07,Baseline,689,School,5,5,,
2026-06-09,2026-06-07,Baseline,675,School,7,7,,
2026-06-09,2026-06-07,Baseline,669,School,3,3,,
2026-06-09,2026-06-07,Baseline,684,School,5,5,,
2026-06-09,2026-06-07,Baseline,667,School,4,4,,
2026-06-09,2026-06-07,Baseline,W,Transbay,9,9,,
2026-06-09,2026-06-07,Baseline,703,Early Bird,1,1,,
2026-06-09,2026-06-07,Baseline,688,School,2,2,,
2026-06-09,2026-06-07,Baseline,678,School,3,3,,
2026-06-09,2026-06-07,Baseline,604,School,2,2,,
2026-06-09,2026-06-07,Baseline,681,School,2,2,,
2026-06-09,2026-06-07,Baseline,701,Early Bird,2,2,,
2026-06-09,2026-06-07,Baseline,607,School,2,2,,
2026-06-09,2026-06-07,Baseline,L,Transbay,8,8,,
2026-06-09,2026-06-07,Baseline,U,Transbay,11,0,,
2026-06-09,2026-06-07,Baseline,702,Early Bird,1,1,,
2026-06-10,2026-06-07,Baseline,40,Local / other,197,181,,
2026-06-10,2026-06-07,Baseline,6,Local / other,173,172,,
2026-06-10,2026-06-07,Baseline,51B,Local / other,173,163,,
2026-06-10,2026-06-07,Baseline,1T,Local / other,221,201,,
2026-06-10,2026-06-07,Baseline,51A,Local / other,174,143,,
2026-06-10,2026-06-07,Baseline,18,Local / other,144,142,,
2026-06-10,2026-06-07,Baseline,9,Local / other,146,139,,
2026-06-10,2026-06-07,Baseline,52,Local / other,129,129,,
2026-06-10,2026-06-07,Baseline,57,Local / other,150,137,,
2026-06-10,2026-06-07,Baseline,97,Local / other,121,121,,
2026-06-10,2026-06-07,Baseline,73,Local / other,110,107,,
2026-06-10,2026-06-07,Baseline,98,Local / other,104,100,,
2026-06-10,2026-06-07,Baseline,54,Local / other,111,111,,
2026-06-10,2026-06-07,Baseline,88,Local / other,110,100,,
2026-06-10,2026-06-07,Baseline,NL,Transbay,113,109,,
2026-06-10,2026-06-07,Baseline,62,Local / other,111,92,,
2026-06-10,2026-06-07,Baseline,90,Local / other,104,92,,
2026-06-10,2026-06-07,Baseline,14,Local / other,108,94,,
2026-06-10,2026-06-07,Baseline,45,Local / other,81,80,,
2026-06-10,2026-06-07,Baseline,200,Local / other,76,76,,
2026-06-10,2026-06-07,Baseline,211,Local / other,78,78,,
2026-06-10,2026-06-07,Baseline,86,Local / other,77,74,,
2026-06-10,2026-06-07,Baseline,76,Local / other,81,75,,
2026-06-10,2026-06-07,Baseline,F,Transbay,85,78,,
2026-06-10,2026-06-07,Baseline,72,Local / other,78,74,,
2026-06-10,2026-06-07,Baseline,27,Local / other,78,69,,
2026-06-10,2026-06-07,Baseline,210,Local / other,69,69,,
2026-06-10,2026-06-07,Baseline,36,Local / other,78,70,,
2026-06-10,2026-06-07,Baseline,72M,Local / other,83,75,,
2026-06-10,2026-06-07,Baseline,239,Local / other,71,71,,
2026-06-10,2026-06-07,Baseline,12,Local / other,104,96,,
2026-06-10,2026-06-07,Baseline,96,Local / other,67,64,,
2026-06-10,2026-06-07,Baseline,74,Local / other,71,63,,
2026-06-10,2026-06-07,Baseline,30,Local / other,81,64,,
2026-06-10,2026-06-07,Baseline,22,Local / other,66,64,,
2026-06-10,2026-06-07,Baseline,O,Transbay,69,63,,
2026-06-10,2026-06-07,Baseline,31,Local / other,66,61,,
2026-06-10,2026-06-07,Baseline,60,Local / other,65,62,,
2026-06-10,2026-06-07,Baseline,70,Local / other,55,55,,
2026-06-10,2026-06-07,Baseline,72L,Local / other,54,54,,
2026-06-10,2026-06-07,Baseline,34,Local / other,50,49,,
2026-06-10,2026-06-07,Baseline,35,Local / other,52,51,,
2026-06-10,2026-06-07,Baseline,93,Local / other,52,52,,
2026-06-10,2026-06-07,Baseline,56,Local / other,50,50,,
2026-06-10,2026-06-07,Baseline,71,Local / other,54,52,,
2026-06-10,2026-06-07,Baseline,28,Local / other,51,51,,
2026-06-10,2026-06-07,Baseline,95,Local / other,42,42,,
2026-06-10,2026-06-07,Baseline,65,Local / other,40,40,,
2026-06-10,2026-06-07,Baseline,41,Local / other,34,34,,
2026-06-10,2026-06-07,Baseline,231,Local / other,41,33,,
2026-06-10,2026-06-07,Baseline,7,Local / other,34,34,,
2026-06-10,2026-06-07,Baseline,19,Local / other,32,29,,
2026-06-10,2026-06-07,Baseline,67,Local / other,29,29,,
2026-06-10,2026-06-07,Baseline,281,Local / other,30,30,,
2026-06-10,2026-06-07,Baseline,216,Local / other,28,28,,
2026-06-10,2026-06-07,Baseline,46L,Local / other,27,27,,
2026-06-10,2026-06-07,Baseline,251,Local / other,27,27,,
2026-06-10,2026-06-07,Baseline,800,All Nighter,27,25,,
2026-06-10,2026-06-07,Baseline,840,All Nighter,12,12,,
2026-06-10,2026-06-07,Baseline,801,All Nighter,11,11,,
2026-06-10,2026-06-07,Baseline,805,All Nighter,12,11,,
2026-06-10,2026-06-07,Baseline,802,All Nighter,10,10,,
2026-06-10,2026-06-07,Baseline,G,Transbay,10,10,,
2026-06-10,2026-06-07,Baseline,851,All Nighter,10,10,,
2026-06-10,2026-06-07,Baseline,J,Transbay,10,10,,
2026-06-10,2026-06-07,Baseline,P,Transbay,16,14,,
2026-06-10,2026-06-07,Baseline,689,School,5,5,,
2026-06-10,2026-06-07,Baseline,NX,Transbay,9,9,,
2026-06-10,2026-06-07,Baseline,FS,Transbay,4,4,,
2026-06-10,2026-06-07,Baseline,V,Transbay,10,7,,
2026-06-10,2026-06-07,Baseline,684,School,5,5,,
2026-06-10,2026-06-07,Baseline,678,School,3,3,,
2026-06-10,2026-06-07,Baseline,NX3,Transbay,7,7,,
2026-06-10,2026-06-07,Baseline,E,Transbay,8,8,,
2026-06-10,2026-06-07,Baseline,667,School,4,4,,
2026-06-10,2026-06-07,Baseline,L,Transbay,8,8,,
2026-06-10,2026-06-07,Baseline,702,Early Bird,1,0,,
2026-06-10,2026-06-07,Baseline,U,Transbay,11,0,,
2026-06-10,2026-06-07,Baseline,607,School,2,2,,
2026-06-10,2026-06-07,Baseline,675,School,7,7,,
2026-06-10,2026-06-07,Baseline,669,School,3,3,,
2026-06-10,2026-06-07,Baseline,701,Early Bird,2,2,,
2026-06-10,2026-06-07,Baseline,681,School,2,1,,
2026-06-10,2026-06-07,Baseline,W,Transbay,9,9,,
2026-06-10,2026-06-07,Baseline,604,School,2,2,,
2026-06-10,2026-06-07,Baseline,703,Early Bird,1,1,,
2026-06-10,2026-06-07,Baseline,688,School,2,1,,
2026-06-11,2026-06-07,Baseline,6,Local / other,173,170,,
2026-06-11,2026-06-07,Baseline,40,Local / other,197,158,,
2026-06-11,2026-06-07,Baseline,51B,Local / other,173,151,,
2026-06-11,2026-06-07,Baseline,51A,Local / other,174,141,,
2026-06-11,2026-06-07,Baseline,9,Local / other,146,140,,
2026-06-11,2026-06-07,Baseline,18,Local / other,144,139,,
2026-06-11,2026-06-07,Baseline,1T,Local / other,221,149,,
2026-06-11,2026-06-07,Baseline,97,Local / other,121,117,,
2026-06-11,2026-06-07,Baseline,52,Local / other,129,118,,
2026-06-11,2026-06-07,Baseline,62,Local / other,111,102,,
2026-06-11,2026-06-07,Baseline,57,Local / other,150,112,,
2026-06-11,2026-06-07,Baseline,88,Local / other,110,105,,
2026-06-11,2026-06-07,Baseline,NL,Transbay,113,101,,
2026-06-11,2026-06-07,Baseline,98,Local / other,104,87,,
2026-06-11,2026-06-07,Baseline,90,Local / other,104,81,,
2026-06-11,2026-06-07,Baseline,200,Local / other,76,76,,
2026-06-11,2026-06-07,Baseline,73,Local / other,110,79,,
2026-06-11,2026-06-07,Baseline,36,Local / other,78,75,,
2026-06-11,2026-06-07,Baseline,86,Local / other,77,77,,
2026-06-11,2026-06-07,Baseline,211,Local / other,78,78,,
2026-06-11,2026-06-07,Baseline,54,Local / other,111,85,,
2026-06-11,2026-06-07,Baseline,14,Local / other,108,81,,
2026-06-11,2026-06-07,Baseline,F,Transbay,85,81,,
2026-06-11,2026-06-07,Baseline,45,Local / other,81,73,,
2026-06-11,2026-06-07,Baseline,76,Local / other,81,76,,
2026-06-11,2026-06-07,Baseline,210,Local / other,69,69,,
2026-06-11,2026-06-07,Baseline,27,Local / other,78,68,,
2026-06-11,2026-06-07,Baseline,74,Local / other,71,65,,
2026-06-11,2026-06-07,Baseline,12,Local / other,104,96,,
2026-06-11,2026-06-07,Baseline,239,Local / other,71,71,,
2026-06-11,2026-06-07,Baseline,30,Local / other,81,67,,
2026-06-11,2026-06-07,Baseline,60,Local / other,65,65,,
2026-06-11,2026-06-07,Baseline,72M,Local / other,83,67,,
2026-06-11,2026-06-07,Baseline,22,Local / other,66,62,,
2026-06-11,2026-06-07,Baseline,72,Local / other,78,58,,
2026-06-11,2026-06-07,Baseline,96,Local / other,67,59,,
2026-06-11,2026-06-07,Baseline,35,Local / other,52,52,,
2026-06-11,2026-06-07,Baseline,O,Transbay,69,56,,
2026-06-11,2026-06-07,Baseline,70,Local / other,55,53,,
2026-06-11,2026-06-07,Baseline,31,Local / other,66,50,,
2026-06-11,2026-06-07,Baseline,34,Local / other,50,50,,
2026-06-11,2026-06-07,Baseline,93,Local / other,52,52,,
2026-06-11,2026-06-07,Baseline,56,Local / other,50,50,,
2026-06-11,2026-06-07,Baseline,28,Local / other,51,50,,
2026-06-11,2026-06-07,Baseline,95,Local / other,42,42,,
2026-06-11,2026-06-07,Baseline,231,Local / other,41,41,,
2026-06-11,2026-06-07,Baseline,65,Local / other,40,40,,
2026-06-11,2026-06-07,Baseline,41,Local / other,34,34,,
2026-06-11,2026-06-07,Baseline,71,Local / other,54,35,,
2026-06-11,2026-06-07,Baseline,19,Local / other,32,32,,
2026-06-11,2026-06-07,Baseline,281,Local / other,30,30,,
2026-06-11,2026-06-07,Baseline,72L,Local / other,54,32,,
2026-06-11,2026-06-07,Baseline,67,Local / other,29,29,,
2026-06-11,2026-06-07,Baseline,216,Local / other,28,28,,
2026-06-11,2026-06-07,Baseline,46L,Local / other,27,27,,
2026-06-11,2026-06-07,Baseline,251,Local / other,27,26,,
2026-06-11,2026-06-07,Baseline,7,Local / other,34,29,,
2026-06-11,2026-06-07,Baseline,800,All Nighter,27,21,,
2026-06-11,2026-06-07,Baseline,801,All Nighter,11,11,,
2026-06-11,2026-06-07,Baseline,802,All Nighter,10,10,,
2026-06-11,2026-06-07,Baseline,J,Transbay,10,10,,
2026-06-11,2026-06-07,Baseline,851,All Nighter,10,10,,
2026-06-11,2026-06-07,Baseline,840,All Nighter,12,8,,
2026-06-11,2026-06-07,Baseline,V,Transbay,10,9,,
2026-06-11,2026-06-07,Baseline,NX,Transbay,9,8,,
2026-06-11,2026-06-07,Baseline,805,All Nighter,12,7,,
2026-06-11,2026-06-07,Baseline,G,Transbay,10,8,,
2026-06-11,2026-06-07,Baseline,P,Transbay,16,12,,
2026-06-11,2026-06-07,Baseline,FS,Transbay,4,4,,
2026-06-11,2026-06-07,Baseline,675,School,7,7,,
2026-06-11,2026-06-07,Baseline,E,Transbay,8,8,,
2026-06-11,2026-06-07,Baseline,689,School,5,5,,
2026-06-11,2026-06-07,Baseline,NX3,Transbay,7,6,,
2026-06-11,2026-06-07,Baseline,669,School,3,3,,
2026-06-11,2026-06-07,Baseline,684,School,5,5,,
2026-06-11,2026-06-07,Baseline,W,Transbay,9,8,,
2026-06-11,2026-06-07,Baseline,607,School,2,2,,
2026-06-11,2026-06-07,Baseline,678,School,3,3,,
2026-06-11,2026-06-07,Baseline,667,School,4,4,,
2026-06-11,2026-06-07,Baseline,L,Transbay,8,8,,
2026-06-11,2026-06-07,Baseline,U,Transbay,11,0,,
2026-06-11,2026-06-07,Baseline,681,School,2,2,,
2026-06-11,2026-06-07,Baseline,688,School,2,2,,
2026-06-11,2026-06-07,Baseline,701,Early Bird,2,1,,
2026-06-11,2026-06-07,Baseline,604,School,2,2,,
2026-06-11,2026-06-07,Baseline,703,Early Bird,1,1,,
2026-06-11,2026-06-07,Baseline,702,Early Bird,1,0,,
2026-06-12,2026-06-07,Baseline,40,Local / other,197,161,,
2026-06-12,2026-06-07,Baseline,51A,Local / other,173,156,,
2026-06-12,2026-06-07,Baseline,51B,Local / other,173,153,,
2026-06-12,2026-06-07,Baseline,18,Local / other,144,137,,
2026-06-12,2026-06-07,Baseline,6,Local / other,173,129,,
2026-06-12,2026-06-07,Baseline,57,Local / other,150,137,,
2026-06-12,2026-06-07,Baseline,1T,Local / other,221,156,,
2026-06-12,2026-06-07,Baseline,9,Local / other,146,127,,
2026-06-12,2026-06-07,Baseline,52,Local / other,129,114,,
2026-06-12,2026-06-07,Baseline,62,Local / other,111,99,,
2026-06-12,2026-06-07,Baseline,97,Local / other,121,100,,
2026-06-12,2026-06-07,Baseline,54,Local / other,111,96,,
2026-06-12,2026-06-07,Baseline,73,Local / other,110,90,,
2026-06-12,2026-06-07,Baseline,98,Local / other,104,86,,
2026-06-12,2026-06-07,Baseline,NL,Transbay,113,98,,
2026-06-12,2026-06-07,Baseline,88,Local / other,110,88,,
2026-06-12,2026-06-07,Baseline,90,Local / other,104,84,,
2026-06-12,2026-06-07,Baseline,200,Local / other,76,76,,
2026-06-12,2026-06-07,Baseline,36,Local / other,78,77,,
2026-06-12,2026-06-07,Baseline,12,Local / other,104,101,,
2026-06-12,2026-06-07,Baseline,14,Local / other,108,78,,
2026-06-12,2026-06-07,Baseline,74,Local / other,71,71,,
2026-06-12,2026-06-07,Baseline,86,Local / other,77,72,,
2026-06-12,2026-06-07,Baseline,F,Transbay,85,78,,
2026-06-12,2026-06-07,Baseline,30,Local / other,81,74,,
2026-06-12,2026-06-07,Baseline,27,Local / other,78,69,,
2026-06-12,2026-06-07,Baseline,211,Local / other,78,70,,
2026-06-12,2026-06-07,Baseline,210,Local / other,69,62,,
2026-06-12,2026-06-07,Baseline,76,Local / other,81,67,,
2026-06-12,2026-06-07,Baseline,O,Transbay,69,66,,
2026-06-12,2026-06-07,Baseline,45,Local / other,81,62,,
2026-06-12,2026-06-07,Baseline,239,Local / other,71,65,,
2026-06-12,2026-06-07,Baseline,22,Local / other,66,60,,
2026-06-12,2026-06-07,Baseline,96,Local / other,67,58,,
2026-06-12,2026-06-07,Baseline,93,Local / other,52,52,,
2026-06-12,2026-06-07,Baseline,72M,Local / other,83,57,,
2026-06-12,2026-06-07,Baseline,56,Local / other,50,50,,
2026-06-12,2026-06-07,Baseline,28,Local / other,51,51,,
2026-06-12,2026-06-07,Baseline,72,Local / other,78,49,,
2026-06-12,2026-06-07,Baseline,31,Local / other,66,44,,
2026-06-12,2026-06-07,Baseline,60,Local / other,65,49,,
2026-06-12,2026-06-07,Baseline,95,Local / other,42,42,,
2026-06-12,2026-06-07,Baseline,34,Local / other,50,42,,
2026-06-12,2026-06-07,Baseline,35,Local / other,52,41,,
2026-06-12,2026-06-07,Baseline,70,Local / other,55,42,,
2026-06-12,2026-06-07,Baseline,65,Local / other,40,40,,
2026-06-12,2026-06-07,Baseline,72L,Local / other,54,39,,
2026-06-12,2026-06-07,Baseline,231,Local / other,41,37,,
2026-06-12,2026-06-07,Baseline,41,Local / other,34,34,,
2026-06-12,2026-06-07,Baseline,71,Local / other,54,35,,
2026-06-12,2026-06-07,Baseline,19,Local / other,32,29,,
2026-06-12,2026-06-07,Baseline,67,Local / other,29,29,,
2026-06-12,2026-06-07,Baseline,7,Local / other,34,32,,
2026-06-12,2026-06-07,Baseline,281,Local / other,30,30,,
2026-06-12,2026-06-07,Baseline,46L,Local / other,27,27,,
2026-06-12,2026-06-07,Baseline,216,Local / other,28,27,,
2026-06-12,2026-06-07,Baseline,251,Local / other,27,27,,
2026-06-12,2026-06-07,Baseline,800,All Nighter,27,21,,
2026-06-12,2026-06-07,Baseline,840,All Nighter,12,12,,
2026-06-12,2026-06-07,Baseline,801,All Nighter,11,10,,
2026-06-12,2026-06-07,Baseline,805,All Nighter,12,11,,
2026-06-12,2026-06-07,Baseline,802,All Nighter,10,10,,
2026-06-12,2026-06-07,Baseline,851,All Nighter,10,10,,
2026-06-12,2026-06-07,Baseline,G,Transbay,10,8,,
2026-06-12,2026-06-07,Baseline,V,Transbay,10,8,,
2026-06-12,2026-06-07,Baseline,NX,Transbay,9,9,,
2026-06-12,2026-06-07,Baseline,J,Transbay,10,10,,
2026-06-12,2026-06-07,Baseline,P,Transbay,16,15,,
2026-06-12,2026-06-07,Baseline,675,School,7,7,,
2026-06-12,2026-06-07,Baseline,FS,Transbay,4,4,,
2026-06-12,2026-06-07,Baseline,E,Transbay,8,7,,
2026-06-12,2026-06-07,Baseline,689,School,5,5,,
2026-06-12,2026-06-07,Baseline,NX3,Transbay,7,7,,
2026-06-12,2026-06-07,Baseline,684,School,5,5,,
2026-06-12,2026-06-07,Baseline,669,School,3,3,,
2026-06-12,2026-06-07,Baseline,667,School,4,4,,
2026-06-12,2026-06-07,Baseline,701,Early Bird,2,2,,
2026-06-12,2026-06-07,Baseline,607,School,2,2,,
2026-06-12,2026-06-07,Baseline,604,School,2,2,,
2026-06-12,2026-06-07,Baseline,703,Early Bird,1,1,,
2026-06-12,2026-06-07,Baseline,W,Transbay,9,9,,
2026-06-12,2026-06-07,Baseline,702,Early Bird,1,1,,
2026-06-12,2026-06-07,Baseline,L,Transbay,8,8,,
2026-06-12,2026-06-07,Baseline,U,Transbay,11,0,,
2026-06-12,2026-06-07,Baseline,681,School,2,2,,
2026-06-12,2026-06-07,Baseline,678,School,3,3,,
2026-06-13,2026-06-07,Baseline,6,Local / other,151,121,,
2026-06-13,2026-06-07,Baseline,51B,Local / other,140,123,,
2026-06-13,2026-06-07,Baseline,40,Local / other,133,117,,
2026-06-13,2026-06-07,Baseline,9,Local / other,136,114,,
2026-06-13,2026-06-07,Baseline,57,Local / other,152,110,,
2026-06-13,2026-06-07,Baseline,18,Local / other,107,99,,
2026-06-13,2026-06-07,Baseline,88,Local / other,100,86,,
2026-06-13,2026-06-07,Baseline,51A,Local / other,131,87,,
2026-06-13,2026-06-07,Baseline,1T,Local / other,220,113,,
2026-06-13,2026-06-07,Baseline,86,Local / other,78,77,,
2026-06-13,2026-06-07,Baseline,62,Local / other,99,75,,
2026-06-13,2026-06-07,Baseline,73,Local / other,110,74,,
2026-06-13,2026-06-07,Baseline,52,Local / other,92,73,,
2026-06-13,2026-06-07,Baseline,200,Local / other,76,68,,
2026-06-13,2026-06-07,Baseline,97,Local / other,71,71,,
2026-06-13,2026-06-07,Baseline,F,Transbay,77,69,,
2026-06-13,2026-06-07,Baseline,54,Local / other,74,67,,
2026-06-13,2026-06-07,Baseline,72M,Local / other,82,70,,
2026-06-13,2026-06-07,Baseline,36,Local / other,74,68,,
2026-06-13,2026-06-07,Baseline,27,Local / other,66,66,,
2026-06-13,2026-06-07,Baseline,76,Local / other,74,68,,
2026-06-13,2026-06-07,Baseline,30,Local / other,80,62,,
2026-06-13,2026-06-07,Baseline,14,Local / other,100,61,,
2026-06-13,2026-06-07,Baseline,22,Local / other,66,65,,
2026-06-13,2026-06-07,Baseline,72,Local / other,77,60,,
2026-06-13,2026-06-07,Baseline,90,Local / other,67,57,,
2026-06-13,2026-06-07,Baseline,211,Local / other,74,61,,
2026-06-13,2026-06-07,Baseline,74,Local / other,54,54,,
2026-06-13,2026-06-07,Baseline,72L,Local / other,54,52,,
2026-06-13,2026-06-07,Baseline,98,Local / other,66,51,,
2026-06-13,2026-06-07,Baseline,210,Local / other,64,52,,
2026-06-13,2026-06-07,Baseline,NL,Transbay,75,52,,
2026-06-13,2026-06-07,Baseline,28,Local / other,50,50,,
2026-06-13,2026-06-07,Baseline,31,Local / other,65,50,,
2026-06-13,2026-06-07,Baseline,45,Local / other,66,46,,
2026-06-13,2026-06-07,Baseline,60,Local / other,50,45,,
2026-06-13,2026-06-07,Baseline,95,Local / other,42,42,,
2026-06-13,2026-06-07,Baseline,96,Local / other,66,45,,
2026-06-13,2026-06-07,Baseline,12,Local / other,74,61,,
2026-06-13,2026-06-07,Baseline,56,Local / other,34,34,,
2026-06-13,2026-06-07,Baseline,93,Local / other,34,34,,
2026-06-13,2026-06-07,Baseline,231,Local / other,42,40,,
2026-06-13,2026-06-07,Baseline,O,Transbay,34,34,,
2026-06-13,2026-06-07,Baseline,7,Local / other,34,34,,
2026-06-13,2026-06-07,Baseline,239,Local / other,34,34,,
2026-06-13,2026-06-07,Baseline,34,Local / other,34,32,,
2026-06-13,2026-06-07,Baseline,35,Local / other,34,30,,
2026-06-13,2026-06-07,Baseline,19,Local / other,32,30,,
2026-06-13,2026-06-07,Baseline,216,Local / other,28,28,,
2026-06-13,2026-06-07,Baseline,70,Local / other,28,24,,
2026-06-13,2026-06-07,Baseline,41,Local / other,34,26,,
2026-06-13,2026-06-07,Baseline,281,Local / other,26,26,,
2026-06-13,2026-06-07,Baseline,251,Local / other,28,26,,
2026-06-13,2026-06-07,Baseline,71,Local / other,28,25,,
2026-06-13,2026-06-07,Baseline,800,All Nighter,25,23,,
2026-06-13,2026-06-07,Baseline,840,All Nighter,12,12,,
2026-06-13,2026-06-07,Baseline,801,All Nighter,11,11,,
2026-06-13,2026-06-07,Baseline,805,All Nighter,11,11,,
2026-06-13,2026-06-07,Baseline,802,All Nighter,10,10,,
2026-06-13,2026-06-07,Baseline,851,All Nighter,10,10,,
2026-06-15,2026-06-14,Summer,6,Local / other,173,169,,
2026-06-15,2026-06-14,Summer,40,Local / other,197,164,,
2026-06-15,2026-06-14,Summer,51B,Local / other,173,162,,
2026-06-15,2026-06-14,Summer,18,Local / other,144,143,,
2026-06-15,2026-06-14,Summer,1T,Local / other,221,189,,
2026-06-15,2026-06-14,Summer,9,Local / other,146,139,,
2026-06-15,2026-06-14,Summer,52,Local / other,129,129,,
2026-06-15,2026-06-14,Summer,57,Local / other,150,146,,
2026-06-15,2026-06-14,Summer,51A,Local / other,174,129,,
2026-06-15,2026-06-14,Summer,88,Local / other,110,110,,
2026-06-15,2026-06-14,Summer,97,Local / other,121,107,,
2026-06-15,2026-06-14,Summer,62,Local / other,111,100,,
2026-06-15,2026-06-14,Summer,90,Local / other,104,91,,
2026-06-15,2026-06-14,Summer,NL,Transbay,113,104,,
2026-06-15,2026-06-14,Summer,14,Local / other,108,96,,
2026-06-15,2026-06-14,Summer,98,Local / other,104,92,,
2026-06-15,2026-06-14,Summer,54,Local / other,111,109,,
2026-06-15,2026-06-14,Summer,73,Local / other,110,89,,
2026-06-15,2026-06-14,Summer,86,Local / other,77,77,,
2026-06-15,2026-06-14,Summer,200,Local / other,76,76,,
2026-06-15,2026-06-14,Summer,27,Local / other,78,78,,
2026-06-15,2026-06-14,Summer,F,Transbay,80,80,,
2026-06-15,2026-06-14,Summer,36,Local / other,78,76,,
2026-06-15,2026-06-14,Summer,211,Local / other,78,74,,
2026-06-15,2026-06-14,Summer,72,Local / other,78,74,,
2026-06-15,2026-06-14,Summer,45,Local / other,81,74,,
2026-06-15,2026-06-14,Summer,74,Local / other,71,71,,
2026-06-15,2026-06-14,Summer,76,Local / other,78,76,,
2026-06-15,2026-06-14,Summer,210,Local / other,69,69,,
2026-06-15,2026-06-14,Summer,12,Local / other,104,101,,
2026-06-15,2026-06-14,Summer,30,Local / other,81,72,,
2026-06-15,2026-06-14,Summer,239,Local / other,71,71,,
2026-06-15,2026-06-14,Summer,72M,Local / other,82,73,,
2026-06-15,2026-06-14,Summer,96,Local / other,67,67,,
2026-06-15,2026-06-14,Summer,22,Local / other,66,65,,
2026-06-15,2026-06-14,Summer,31,Local / other,66,63,,
2026-06-15,2026-06-14,Summer,O,Transbay,69,62,,
2026-06-15,2026-06-14,Summer,60,Local / other,65,64,,
2026-06-15,2026-06-14,Summer,34,Local / other,50,50,,
2026-06-15,2026-06-14,Summer,93,Local / other,52,52,,
2026-06-15,2026-06-14,Summer,71,Local / other,54,51,,
2026-06-15,2026-06-14,Summer,28,Local / other,51,51,,
2026-06-15,2026-06-14,Summer,35,Local / other,52,52,,
2026-06-15,2026-06-14,Summer,70,Local / other,55,49,,
2026-06-15,2026-06-14,Summer,56,Local / other,50,46,,
2026-06-15,2026-06-14,Summer,72L,Local / other,54,45,,
2026-06-15,2026-06-14,Summer,95,Local / other,42,42,,
2026-06-15,2026-06-14,Summer,65,Local / other,40,40,,
2026-06-15,2026-06-14,Summer,231,Local / other,41,41,,
2026-06-15,2026-06-14,Summer,41,Local / other,34,34,,
2026-06-15,2026-06-14,Summer,7,Local / other,34,34,,
2026-06-15,2026-06-14,Summer,19,Local / other,32,32,,
2026-06-15,2026-06-14,Summer,281,Local / other,30,30,,
2026-06-15,2026-06-14,Summer,216,Local / other,28,28,,
2026-06-15,2026-06-14,Summer,251,Local / other,27,26,,
2026-06-15,2026-06-14,Summer,67,Local / other,29,27,,
2026-06-15,2026-06-14,Summer,46L,Local / other,27,27,,
2026-06-15,2026-06-14,Summer,800,All Nighter,27,25,,
2026-06-15,2026-06-14,Summer,840,All Nighter,12,12,,
2026-06-15,2026-06-14,Summer,G,Transbay,10,10,,
2026-06-15,2026-06-14,Summer,801,All Nighter,11,11,,
2026-06-15,2026-06-14,Summer,805,All Nighter,12,11,,
2026-06-15,2026-06-14,Summer,851,All Nighter,10,10,,
2026-06-15,2026-06-14,Summer,802,All Nighter,10,10,,
2026-06-15,2026-06-14,Summer,P,Transbay,16,16,,
2026-06-15,2026-06-14,Summer,V,Transbay,10,9,,
2026-06-15,2026-06-14,Summer,J,Transbay,10,9,,
2026-06-15,2026-06-14,Summer,NX,Transbay,9,8,,
2026-06-15,2026-06-14,Summer,FS,Transbay,4,4,,
2026-06-15,2026-06-14,Summer,E,Transbay,8,8,,
2026-06-15,2026-06-14,Summer,NX3,Transbay,7,6,,
2026-06-15,2026-06-14,Summer,701,Early Bird,2,2,,
2026-06-15,2026-06-14,Summer,703,Early Bird,1,1,,
2026-06-15,2026-06-14,Summer,702,Early Bird,1,1,,
2026-06-15,2026-06-14,Summer,L,Transbay,8,8,,
2026-06-15,2026-06-14,Summer,W,Transbay,9,8,,
2026-06-15,2026-06-14,Summer,U,Transbay,11,0,,
2026-06-16,2026-06-14,Summer,40,Local / other,197,187,,
2026-06-16,2026-06-14,Summer,6,Local / other,173,172,,
2026-06-16,2026-06-14,Summer,51B,Local / other,173,169,,
2026-06-16,2026-06-14,Summer,51A,Local / other,174,161,,
2026-06-16,2026-06-14,Summer,1T,Local / other,221,194,,
2026-06-16,2026-06-14,Summer,18,Local / other,144,143,,
2026-06-16,2026-06-14,Summer,9,Local / other,146,142,,
2026-06-16,2026-06-14,Summer,57,Local / other,150,149,,
2026-06-16,2026-06-14,Summer,52,Local / other,129,125,,
2026-06-16,2026-06-14,Summer,97,Local / other,121,117,,
2026-06-16,2026-06-14,Summer,73,Local / other,110,109,,
2026-06-16,2026-06-14,Summer,90,Local / other,104,104,,
2026-06-16,2026-06-14,Summer,88,Local / other,110,110,,
2026-06-16,2026-06-14,Summer,62,Local / other,111,104,,
2026-06-16,2026-06-14,Summer,98,Local / other,104,104,,
2026-06-16,2026-06-14,Summer,14,Local / other,108,104,,
2026-06-16,2026-06-14,Summer,NL,Transbay,113,104,,
2026-06-16,2026-06-14,Summer,54,Local / other,111,111,,
2026-06-16,2026-06-14,Summer,45,Local / other,81,78,,
2026-06-16,2026-06-14,Summer,27,Local / other,78,77,,
2026-06-16,2026-06-14,Summer,86,Local / other,77,77,,
2026-06-16,2026-06-14,Summer,211,Local / other,78,78,,
2026-06-16,2026-06-14,Summer,200,Local / other,76,76,,
2026-06-16,2026-06-14,Summer,36,Local / other,78,78,,
2026-06-16,2026-06-14,Summer,30,Local / other,81,78,,
2026-06-16,2026-06-14,Summer,F,Transbay,80,79,,
2026-06-16,2026-06-14,Summer,12,Local / other,104,103,,
2026-06-16,2026-06-14,Summer,76,Local / other,78,78,,
2026-06-16,2026-06-14,Summer,72,Local / other,78,74,,
2026-06-16,2026-06-14,Summer,210,Local / other,69,69,,
2026-06-16,2026-06-14,Summer,239,Local / other,71,71,,
2026-06-16,2026-06-14,Summer,74,Local / other,71,66,,
2026-06-16,2026-06-14,Summer,96,Local / other,67,67,,
2026-06-16,2026-06-14,Summer,22,Local / other,66,66,,
2026-06-16,2026-06-14,Summer,31,Local / other,66,64,,
2026-06-16,2026-06-14,Summer,O,Transbay,69,66,,
2026-06-16,2026-06-14,Summer,72M,Local / other,82,70,,
2026-06-16,2026-06-14,Summer,70,Local / other,55,55,,
2026-06-16,2026-06-14,Summer,71,Local / other,54,54,,
2026-06-16,2026-06-14,Summer,93,Local / other,52,52,,
2026-06-16,2026-06-14,Summer,56,Local / other,50,50,,
2026-06-16,2026-06-14,Summer,72L,Local / other,54,53,,
2026-06-16,2026-06-14,Summer,28,Local / other,51,50,,
2026-06-16,2026-06-14,Summer,34,Local / other,50,48,,
2026-06-16,2026-06-14,Summer,35,Local / other,52,51,,
2026-06-16,2026-06-14,Summer,60,Local / other,65,50,,
2026-06-16,2026-06-14,Summer,231,Local / other,41,41,,
2026-06-16,2026-06-14,Summer,65,Local / other,40,40,,
2026-06-16,2026-06-14,Summer,95,Local / other,42,38,,
2026-06-16,2026-06-14,Summer,41,Local / other,34,34,,
2026-06-16,2026-06-14,Summer,7,Local / other,34,34,,
2026-06-16,2026-06-14,Summer,19,Local / other,32,32,,
2026-06-16,2026-06-14,Summer,281,Local / other,30,29,,
2026-06-16,2026-06-14,Summer,67,Local / other,29,29,,
2026-06-16,2026-06-14,Summer,251,Local / other,27,27,,
2026-06-16,2026-06-14,Summer,46L,Local / other,27,27,,
2026-06-16,2026-06-14,Summer,216,Local / other,28,27,,
2026-06-16,2026-06-14,Summer,800,All Nighter,27,25,,
2026-06-16,2026-06-14,Summer,840,All Nighter,12,12,,
2026-06-16,2026-06-14,Summer,801,All Nighter,11,11,,
2026-06-16,2026-06-14,Summer,805,All Nighter,12,11,,
2026-06-16,2026-06-14,Summer,802,All Nighter,10,10,,
2026-06-16,2026-06-14,Summer,G,Transbay,10,10,,
2026-06-16,2026-06-14,Summer,J,Transbay,10,10,,
2026-06-16,2026-06-14,Summer,851,All Nighter,10,9,,
2026-06-16,2026-06-14,Summer,P,Transbay,16,15,,
2026-06-16,2026-06-14,Summer,V,Transbay,10,10,,
2026-06-16,2026-06-14,Summer,NX,Transbay,9,9,,
2026-06-16,2026-06-14,Summer,FS,Transbay,4,4,,
2026-06-16,2026-06-14,Summer,E,Transbay,8,8,,
2026-06-16,2026-06-14,Summer,W,Transbay,9,9,,
2026-06-16,2026-06-14,Summer,NX3,Transbay,7,7,,
2026-06-16,2026-06-14,Summer,L,Transbay,8,8,,
2026-06-16,2026-06-14,Summer,701,Early Bird,2,1,,
2026-06-16,2026-06-14,Summer,702,Early Bird,1,1,,
2026-06-16,2026-06-14,Summer,703,Early Bird,1,1,,
2026-06-16,2026-06-14,Summer,U,Transbay,11,0,,
2026-06-17,2026-06-14,Summer,40,Local / other,197,187,,
2026-06-17,2026-06-14,Summer,6,Local / other,173,173,,
2026-06-17,2026-06-14,Summer,51A,Local / other,174,172,,
2026-06-17,2026-06-14,Summer,51B,Local / other,173,168,,
2026-06-17,2026-06-14,Summer,57,Local / other,150,150,,
2026-06-17,2026-06-14,Summer,1T,Local / other,221,188,,
2026-06-17,2026-06-14,Summer,52,Local / other,129,129,,
2026-06-17,2026-06-14,Summer,18,Local / other,144,136,,
2026-06-17,2026-06-14,Summer,9,Local / other,146,136,,
2026-06-17,2026-06-14,Summer,97,Local / other,121,121,,
2026-06-17,2026-06-14,Summer,73,Local / other,110,109,,
2026-06-17,2026-06-14,Summer,62,Local / other,111,108,,
2026-06-17,2026-06-14,Summer,88,Local / other,110,110,,
2026-06-17,2026-06-14,Summer,90,Local / other,104,103,,
2026-06-17,2026-06-14,Summer,98,Local / other,104,102,,
2026-06-17,2026-06-14,Summer,NL,Transbay,113,112,,
2026-06-17,2026-06-14,Summer,14,Local / other,108,104,,
2026-06-17,2026-06-14,Summer,54,Local / other,111,110,,
2026-06-17,2026-06-14,Summer,45,Local / other,81,81,,
2026-06-17,2026-06-14,Summer,200,Local / other,76,76,,
2026-06-17,2026-06-14,Summer,211,Local / other,78,78,,
2026-06-17,2026-06-14,Summer,86,Local / other,77,77,,
2026-06-17,2026-06-14,Summer,27,Local / other,78,78,,
2026-06-17,2026-06-14,Summer,F,Transbay,80,80,,
2026-06-17,2026-06-14,Summer,12,Local / other,104,102,,
2026-06-17,2026-06-14,Summer,36,Local / other,78,76,,
2026-06-17,2026-06-14,Summer,30,Local / other,81,75,,
2026-06-17,2026-06-14,Summer,72,Local / other,78,73,,
2026-06-17,2026-06-14,Summer,76,Local / other,78,72,,
2026-06-17,2026-06-14,Summer,210,Local / other,69,69,,
2026-06-17,2026-06-14,Summer,239,Local / other,71,71,,
2026-06-17,2026-06-14,Summer,96,Local / other,67,67,,
2026-06-17,2026-06-14,Summer,22,Local / other,66,66,,
2026-06-17,2026-06-14,Summer,O,Transbay,69,68,,
2026-06-17,2026-06-14,Summer,74,Local / other,71,59,,
2026-06-17,2026-06-14,Summer,72M,Local / other,82,70,,
2026-06-17,2026-06-14,Summer,31,Local / other,66,59,,
2026-06-17,2026-06-14,Summer,72L,Local / other,54,54,,
2026-06-17,2026-06-14,Summer,70,Local / other,55,53,,
2026-06-17,2026-06-14,Summer,93,Local / other,52,52,,
2026-06-17,2026-06-14,Summer,56,Local / other,50,50,,
2026-06-17,2026-06-14,Summer,34,Local / other,50,49,,
2026-06-17,2026-06-14,Summer,28,Local / other,51,51,,
2026-06-17,2026-06-14,Summer,35,Local / other,52,52,,
2026-06-17,2026-06-14,Summer,71,Local / other,54,49,,
2026-06-17,2026-06-14,Summer,95,Local / other,42,42,,
2026-06-17,2026-06-14,Summer,65,Local / other,40,40,,
2026-06-17,2026-06-14,Summer,231,Local / other,41,41,,
2026-06-17,2026-06-14,Summer,60,Local / other,65,42,,
2026-06-17,2026-06-14,Summer,41,Local / other,34,34,,
2026-06-17,2026-06-14,Summer,7,Local / other,34,34,,
2026-06-17,2026-06-14,Summer,19,Local / other,32,28,,
2026-06-17,2026-06-14,Summer,281,Local / other,30,30,,
2026-06-17,2026-06-14,Summer,67,Local / other,29,29,,
2026-06-17,2026-06-14,Summer,251,Local / other,27,27,,
2026-06-17,2026-06-14,Summer,216,Local / other,28,28,,
2026-06-17,2026-06-14,Summer,46L,Local / other,27,27,,
2026-06-17,2026-06-14,Summer,800,All Nighter,27,25,,
2026-06-17,2026-06-14,Summer,840,All Nighter,12,12,,
2026-06-17,2026-06-14,Summer,801,All Nighter,11,10,,
2026-06-17,2026-06-14,Summer,805,All Nighter,12,11,,
2026-06-17,2026-06-14,Summer,802,All Nighter,10,10,,
2026-06-17,2026-06-14,Summer,G,Transbay,10,10,,
2026-06-17,2026-06-14,Summer,851,All Nighter,10,10,,
2026-06-17,2026-06-14,Summer,P,Transbay,16,15,,
2026-06-17,2026-06-14,Summer,J,Transbay,10,10,,
2026-06-17,2026-06-14,Summer,V,Transbay,10,9,,
2026-06-17,2026-06-14,Summer,NX,Transbay,9,9,,
2026-06-17,2026-06-14,Summer,FS,Transbay,4,4,,
2026-06-17,2026-06-14,Summer,NX3,Transbay,7,7,,
2026-06-17,2026-06-14,Summer,E,Transbay,8,7,,
2026-06-17,2026-06-14,Summer,L,Transbay,8,8,,
2026-06-17,2026-06-14,Summer,W,Transbay,9,9,,
2026-06-17,2026-06-14,Summer,701,Early Bird,2,2,,
2026-06-17,2026-06-14,Summer,703,Early Bird,1,1,,
2026-06-17,2026-06-14,Summer,702,Early Bird,1,1,,
2026-06-17,2026-06-14,Summer,U,Transbay,11,0,,
2026-06-18,2026-06-14,Summer,40,Local / other,197,172,,
2026-06-18,2026-06-14,Summer,51A,Local / other,174,169,,
2026-06-18,2026-06-14,Summer,51B,Local / other,173,168,,
2026-06-18,2026-06-14,Summer,6,Local / other,173,163,,
2026-06-18,2026-06-14,Summer,9,Local / other,146,142,,
2026-06-18,2026-06-14,Summer,18,Local / other,144,141,,
2026-06-18,2026-06-14,Summer,1T,Local / other,221,183,,
2026-06-18,2026-06-14,Summer,57,Local / other,150,142,,
2026-06-18,2026-06-14,Summer,52,Local / other,129,129,,
2026-06-18,2026-06-14,Summer,97,Local / other,121,121,,
2026-06-18,2026-06-14,Summer,62,Local / other,111,111,,
2026-06-18,2026-06-14,Summer,73,Local / other,110,110,,
2026-06-18,2026-06-14,Summer,90,Local / other,104,96,,
2026-06-18,2026-06-14,Summer,NL,Transbay,113,105,,
2026-06-18,2026-06-14,Summer,14,Local / other,108,102,,
2026-06-18,2026-06-14,Summer,98,Local / other,104,97,,
2026-06-18,2026-06-14,Summer,88,Local / other,110,93,,
2026-06-18,2026-06-14,Summer,54,Local / other,111,101,,
2026-06-18,2026-06-14,Summer,211,Local / other,78,78,,
2026-06-18,2026-06-14,Summer,72,Local / other,78,77,,
2026-06-18,2026-06-14,Summer,27,Local / other,78,78,,
2026-06-18,2026-06-14,Summer,86,Local / other,77,77,,
2026-06-18,2026-06-14,Summer,30,Local / other,81,81,,
2026-06-18,2026-06-14,Summer,F,Transbay,80,80,,
2026-06-18,2026-06-14,Summer,12,Local / other,104,103,,
2026-06-18,2026-06-14,Summer,74,Local / other,71,71,,
2026-06-18,2026-06-14,Summer,72M,Local / other,82,78,,
2026-06-18,2026-06-14,Summer,45,Local / other,81,72,,
2026-06-18,2026-06-14,Summer,210,Local / other,69,69,,
2026-06-18,2026-06-14,Summer,36,Local / other,78,71,,
2026-06-18,2026-06-14,Summer,239,Local / other,71,70,,
2026-06-18,2026-06-14,Summer,76,Local / other,78,72,,
2026-06-18,2026-06-14,Summer,96,Local / other,67,67,,
2026-06-18,2026-06-14,Summer,O,Transbay,69,69,,
2026-06-18,2026-06-14,Summer,200,Local / other,76,62,,
2026-06-18,2026-06-14,Summer,22,Local / other,66,65,,
2026-06-18,2026-06-14,Summer,70,Local / other,55,55,,
2026-06-18,2026-06-14,Summer,60,Local / other,65,61,,
2026-06-18,2026-06-14,Summer,71,Local / other,54,54,,
2026-06-18,2026-06-14,Summer,72L,Local / other,54,54,,
2026-06-18,2026-06-14,Summer,93,Local / other,52,52,,
2026-06-18,2026-06-14,Summer,56,Local / other,50,50,,
2026-06-18,2026-06-14,Summer,34,Local / other,50,50,,
2026-06-18,2026-06-14,Summer,35,Local / other,52,52,,
2026-06-18,2026-06-14,Summer,28,Local / other,51,50,,
2026-06-18,2026-06-14,Summer,31,Local / other,66,49,,
2026-06-18,2026-06-14,Summer,95,Local / other,42,42,,
2026-06-18,2026-06-14,Summer,231,Local / other,41,41,,
2026-06-18,2026-06-14,Summer,65,Local / other,40,37,,
2026-06-18,2026-06-14,Summer,41,Local / other,34,34,,
2026-06-18,2026-06-14,Summer,19,Local / other,32,32,,
2026-06-18,2026-06-14,Summer,7,Local / other,34,34,,
2026-06-18,2026-06-14,Summer,67,Local / other,29,29,,
2026-06-18,2026-06-14,Summer,281,Local / other,30,27,,
2026-06-18,2026-06-14,Summer,251,Local / other,27,27,,
2026-06-18,2026-06-14,Summer,46L,Local / other,27,27,,
2026-06-18,2026-06-14,Summer,216,Local / other,28,27,,
2026-06-18,2026-06-14,Summer,800,All Nighter,27,21,,
2026-06-18,2026-06-14,Summer,840,All Nighter,12,12,,
2026-06-18,2026-06-14,Summer,801,All Nighter,11,11,,
2026-06-18,2026-06-14,Summer,805,All Nighter,12,11,,
2026-06-18,2026-06-14,Summer,802,All Nighter,10,10,,
2026-06-18,2026-06-14,Summer,851,All Nighter,10,10,,
2026-06-18,2026-06-14,Summer,P,Transbay,16,16,,
2026-06-18,2026-06-14,Summer,G,Transbay,10,10,,
2026-06-18,2026-06-14,Summer,J,Transbay,10,10,,
2026-06-18,2026-06-14,Summer,V,Transbay,10,10,,
2026-06-18,2026-06-14,Summer,NX,Transbay,9,9,,
2026-06-18,2026-06-14,Summer,FS,Transbay,4,4,,
2026-06-18,2026-06-14,Summer,E,Transbay,8,8,,
2026-06-18,2026-06-14,Summer,NX3,Transbay,7,7,,
2026-06-18,2026-06-14,Summer,W,Transbay,9,9,,
2026-06-18,2026-06-14,Summer,L,Transbay,8,8,,
2026-06-18,2026-06-14,Summer,701,Early Bird,2,2,,
2026-06-18,2026-06-14,Summer,703,Early Bird,1,1,,
2026-06-18,2026-06-14,Summer,702,Early Bird,1,0,,
2026-06-18,2026-06-14,Summer,U,Transbay,11,0,,
2026-06-19,2026-06-14,Summer,1T,Local / other,220,207,,
2026-06-19,2026-06-14,Summer,6,Local / other,151,150,,
2026-06-19,2026-06-14,Summer,57,Local / other,152,150,,
2026-06-19,2026-06-14,Summer,51B,Local / other,140,138,,
2026-06-19,2026-06-14,Summer,40,Local / other,133,132,,
2026-06-19,2026-06-14,Summer,51A,Local / other,132,131,,
2026-06-19,2026-06-14,Summer,9,Local / other,136,134,,
2026-06-19,2026-06-14,Summer,73,Local / other,109,108,,
2026-06-19,2026-06-14,Summer,18,Local / other,107,105,,
2026-06-19,2026-06-14,Summer,14,Local / other,100,100,,
2026-06-19,2026-06-14,Summer,88,Local / other,100,100,,
2026-06-19,2026-06-14,Summer,62,Local / other,100,97,,
2026-06-19,2026-06-14,Summer,52,Local / other,92,90,,
2026-06-19,2026-06-14,Summer,200,Local / other,76,76,,
2026-06-19,2026-06-14,Summer,30,Local / other,80,80,,
2026-06-19,2026-06-14,Summer,72M,Local / other,82,78,,
2026-06-19,2026-06-14,Summer,86,Local / other,78,78,,
2026-06-19,2026-06-14,Summer,F,Transbay,77,77,,
2026-06-19,2026-06-14,Summer,72,Local / other,77,76,,
2026-06-19,2026-06-14,Summer,54,Local / other,74,74,,
2026-06-19,2026-06-14,Summer,36,Local / other,74,74,,
2026-06-19,2026-06-14,Summer,76,Local / other,74,74,,
2026-06-19,2026-06-14,Summer,97,Local / other,71,70,,
2026-06-19,2026-06-14,Summer,90,Local / other,67,67,,
2026-06-19,2026-06-14,Summer,45,Local / other,66,66,,
2026-06-19,2026-06-14,Summer,98,Local / other,66,65,,
2026-06-19,2026-06-14,Summer,27,Local / other,66,66,,
2026-06-19,2026-06-14,Summer,96,Local / other,66,66,,
2026-06-19,2026-06-14,Summer,22,Local / other,66,66,,
2026-06-19,2026-06-14,Summer,31,Local / other,66,66,,
2026-06-19,2026-06-14,Summer,211,Local / other,74,72,,
2026-06-19,2026-06-14,Summer,210,Local / other,64,64,,
2026-06-19,2026-06-14,Summer,NL,Transbay,75,63,,
2026-06-19,2026-06-14,Summer,72L,Local / other,54,54,,
2026-06-19,2026-06-14,Summer,74,Local / other,54,54,,
2026-06-19,2026-06-14,Summer,12,Local / other,74,73,,
2026-06-19,2026-06-14,Summer,28,Local / other,50,49,,
2026-06-19,2026-06-14,Summer,95,Local / other,42,41,,
2026-06-19,2026-06-14,Summer,231,Local / other,42,42,,
2026-06-19,2026-06-14,Summer,60,Local / other,50,43,,
2026-06-19,2026-06-14,Summer,35,Local / other,34,34,,
2026-06-19,2026-06-14,Summer,56,Local / other,34,34,,
2026-06-19,2026-06-14,Summer,O,Transbay,34,34,,
2026-06-19,2026-06-14,Summer,7,Local / other,34,34,,
2026-06-19,2026-06-14,Summer,19,Local / other,32,32,,
2026-06-19,2026-06-14,Summer,34,Local / other,34,34,,
2026-06-19,2026-06-14,Summer,239,Local / other,34,34,,
2026-06-19,2026-06-14,Summer,93,Local / other,34,34,,
2026-06-19,2026-06-14,Summer,41,Local / other,34,34,,
2026-06-19,2026-06-14,Summer,70,Local / other,28,28,,
2026-06-19,2026-06-14,Summer,216,Local / other,28,28,,
2026-06-19,2026-06-14,Summer,71,Local / other,28,28,,
2026-06-19,2026-06-14,Summer,281,Local / other,26,26,,
2026-06-19,2026-06-14,Summer,251,Local / other,28,26,,
2026-06-19,2026-06-14,Summer,800,All Nighter,27,25,,
2026-06-19,2026-06-14,Summer,840,All Nighter,12,12,,
2026-06-19,2026-06-14,Summer,801,All Nighter,11,11,,
2026-06-19,2026-06-14,Summer,805,All Nighter,12,11,,
2026-06-19,2026-06-14,Summer,802,All Nighter,10,10,,
2026-06-19,2026-06-14,Summer,851,All Nighter,10,10,,
2026-06-20,2026-06-14,Summer,57,Local / other,152,150,,
2026-06-20,2026-06-14,Summer,6,Local / other,151,138,,
2026-06-20,2026-06-14,Summer,51B,Local / other,140,138,,
2026-06-20,2026-06-14,Summer,9,Local / other,136,132,,
2026-06-20,2026-06-14,Summer,40,Local / other,133,122,,
2026-06-20,2026-06-14,Summer,1T,Local / other,220,156,,
2026-06-20,2026-06-14,Summer,18,Local / other,107,103,,
2026-06-20,2026-06-14,Summer,88,Local / other,100,100,,
2026-06-20,2026-06-14,Summer,62,Local / other,99,97,,
2026-06-20,2026-06-14,Summer,14,Local / other,100,97,,
2026-06-20,2026-06-14,Summer,51A,Local / other,131,99,,
2026-06-20,2026-06-14,Summer,52,Local / other,92,90,,
2026-06-20,2026-06-14,Summer,73,Local / other,110,79,,
2026-06-20,2026-06-14,Summer,30,Local / other,80,80,,
2026-06-20,2026-06-14,Summer,200,Local / other,76,75,,
2026-06-20,2026-06-14,Summer,72M,Local / other,82,76,,
2026-06-20,2026-06-14,Summer,36,Local / other,74,71,,
2026-06-20,2026-06-14,Summer,72,Local / other,77,70,,
2026-06-20,2026-06-14,Summer,86,Local / other,78,76,,
2026-06-20,2026-06-14,Summer,98,Local / other,66,66,,
2026-06-20,2026-06-14,Summer,97,Local / other,71,67,,
2026-06-20,2026-06-14,Summer,90,Local / other,67,66,,
2026-06-20,2026-06-14,Summer,27,Local / other,66,66,,
2026-06-20,2026-06-14,Summer,96,Local / other,66,66,,
2026-06-20,2026-06-14,Summer,F,Transbay,77,64,,
2026-06-20,2026-06-14,Summer,210,Local / other,64,64,,
2026-06-20,2026-06-14,Summer,NL,Transbay,75,66,,
2026-06-20,2026-06-14,Summer,22,Local / other,66,64,,
2026-06-20,2026-06-14,Summer,45,Local / other,66,59,,
2026-06-20,2026-06-14,Summer,211,Local / other,74,64,,
2026-06-20,2026-06-14,Summer,76,Local / other,74,56,,
2026-06-20,2026-06-14,Summer,74,Local / other,54,49,,
2026-06-20,2026-06-14,Summer,31,Local / other,65,50,,
2026-06-20,2026-06-14,Summer,60,Local / other,50,50,,
2026-06-20,2026-06-14,Summer,12,Local / other,74,67,,
2026-06-20,2026-06-14,Summer,54,Local / other,74,44,,
2026-06-20,2026-06-14,Summer,28,Local / other,50,45,,
2026-06-20,2026-06-14,Summer,72L,Local / other,54,37,,
2026-06-20,2026-06-14,Summer,231,Local / other,42,42,,
2026-06-20,2026-06-14,Summer,95,Local / other,42,38,,
2026-06-20,2026-06-14,Summer,7,Local / other,34,34,,
2026-06-20,2026-06-14,Summer,56,Local / other,34,33,,
2026-06-20,2026-06-14,Summer,239,Local / other,34,34,,
2026-06-20,2026-06-14,Summer,93,Local / other,34,34,,
2026-06-20,2026-06-14,Summer,35,Local / other,34,29,,
2026-06-20,2026-06-14,Summer,70,Local / other,28,28,,
2026-06-20,2026-06-14,Summer,34,Local / other,34,31,,
2026-06-20,2026-06-14,Summer,41,Local / other,34,33,,
2026-06-20,2026-06-14,Summer,71,Local / other,28,28,,
2026-06-20,2026-06-14,Summer,216,Local / other,28,28,,
2026-06-20,2026-06-14,Summer,19,Local / other,32,25,,
2026-06-20,2026-06-14,Summer,281,Local / other,26,26,,
2026-06-20,2026-06-14,Summer,251,Local / other,28,28,,
2026-06-20,2026-06-14,Summer,O,Transbay,34,18,,
2026-06-20,2026-06-14,Summer,800,All Nighter,27,25,,
2026-06-20,2026-06-14,Summer,840,All Nighter,12,12,,
2026-06-20,2026-06-14,Summer,801,All Nighter,11,10,,
2026-06-20,2026-06-14,Summer,805,All Nighter,12,11,,
2026-06-20,2026-06-14,Summer,851,All Nighter,10,10,,
2026-06-20,2026-06-14,Summer,802,All Nighter,10,10,,
2026-06-21,2026-06-21,Summer,6,Local / other,151,151,,
2026-06-21,2026-06-21,Summer,51B,Local / other,140,139,,
2026-06-21,2026-06-21,Summer,1T,Local / other,220,144,,
2026-06-21,2026-06-21,Summer,57,Local / other,152,114,,
2026-06-21,2026-06-21,Summer,18,Local / other,107,107,,
2026-06-21,2026-06-21,Summer,40,Local / other,133,101,,
2026-06-21,2026-06-21,Summer,51A,Local / other,132,98,,
2026-06-21,2026-06-21,Summer,62,Local / other,100,88,,
2026-06-21,2026-06-21,Summer,52,Local / other,92,92,,
2026-06-21,2026-06-21,Summer,88,Local / other,100,89,,
2026-06-21,2026-06-21,Summer,14,Local / other,100,85,,
2026-06-21,2026-06-21,Summer,86,Local / other,78,77,,
2026-06-21,2026-06-21,Summer,54,Local / other,74,73,,
2026-06-21,2026-06-21,Summer,36,Local / other,74,71,,
2026-06-21,2026-06-21,Summer,73,Local / other,109,70,,
2026-06-21,2026-06-21,Summer,F,Transbay,77,69,,
2026-06-21,2026-06-21,Summer,27,Local / other,66,66,,
2026-06-21,2026-06-21,Summer,9,Local / other,136,69,,
2026-06-21,2026-06-21,Summer,30,Local / other,80,65,,
2026-06-21,2026-06-21,Summer,22,Local / other,66,63,,
2026-06-21,2026-06-21,Summer,96,Local / other,66,64,,
2026-06-21,2026-06-21,Summer,97,Local / other,71,63,,
2026-06-21,2026-06-21,Summer,210,Local / other,64,61,,
2026-06-21,2026-06-21,Summer,72M,Local / other,82,59,,
2026-06-21,2026-06-21,Summer,211,Local / other,74,62,,
2026-06-21,2026-06-21,Summer,NL,Transbay,75,57,,
2026-06-21,2026-06-21,Summer,74,Local / other,54,54,,
2026-06-21,2026-06-21,Summer,200,Local / other,76,48,,
2026-06-21,2026-06-21,Summer,72,Local / other,77,45,,
2026-06-21,2026-06-21,Summer,72L,Local / other,54,45,,
2026-06-21,2026-06-21,Summer,12,Local / other,74,68,,
2026-06-21,2026-06-21,Summer,28,Local / other,50,46,,
2026-06-21,2026-06-21,Summer,60,Local / other,50,46,,
2026-06-21,2026-06-21,Summer,31,Local / other,66,41,,
2026-06-21,2026-06-21,Summer,95,Local / other,42,38,,
2026-06-21,2026-06-21,Summer,45,Local / other,66,35,,
2026-06-21,2026-06-21,Summer,98,Local / other,66,35,,
2026-06-21,2026-06-21,Summer,90,Local / other,67,35,,
2026-06-21,2026-06-21,Summer,231,Local / other,42,37,,
2026-06-21,2026-06-21,Summer,O,Transbay,34,34,,
2026-06-21,2026-06-21,Summer,7,Local / other,34,32,,
2026-06-21,2026-06-21,Summer,41,Local / other,34,34,,
2026-06-21,2026-06-21,Summer,93,Local / other,34,34,,
2026-06-21,2026-06-21,Summer,56,Local / other,34,34,,
2026-06-21,2026-06-21,Summer,76,Local / other,74,30,,
2026-06-21,2026-06-21,Summer,71,Local / other,28,28,,
2026-06-21,2026-06-21,Summer,70,Local / other,28,28,,
2026-06-21,2026-06-21,Summer,19,Local / other,32,24,,
2026-06-21,2026-06-21,Summer,239,Local / other,34,25,,
2026-06-21,2026-06-21,Summer,281,Local / other,26,26,,
2026-06-21,2026-06-21,Summer,34,Local / other,34,21,,
2026-06-21,2026-06-21,Summer,35,Local / other,34,22,,
2026-06-21,2026-06-21,Summer,216,Local / other,28,22,,
2026-06-21,2026-06-21,Summer,251,Local / other,28,25,,
2026-06-21,2026-06-21,Summer,800,All Nighter,27,25,,
2026-06-21,2026-06-21,Summer,840,All Nighter,12,12,,
2026-06-21,2026-06-21,Summer,801,All Nighter,11,11,,
2026-06-21,2026-06-21,Summer,805,All Nighter,12,11,,
2026-06-21,2026-06-21,Summer,802,All Nighter,10,10,,
2026-06-21,2026-06-21,Summer,851,All Nighter,10,10,,
2026-06-22,2026-06-21,Summer,40,Local / other,197,172,,
2026-06-22,2026-06-21,Summer,6,Local / other,173,170,,
2026-06-22,2026-06-21,Summer,51B,Local / other,173,169,,
2026-06-22,2026-06-21,Summer,51A,Local / other,174,164,,
2026-06-22,2026-06-21,Summer,18,Local / other,144,142,,
2026-06-22,2026-06-21,Summer,52,Local / other,129,125,,
2026-06-22,2026-06-21,Summer,1T,Local / other,221,183,,
2026-06-22,2026-06-21,Summer,57,Local / other,150,144,,
2026-06-22,2026-06-21,Summer,97,Local / other,121,115,,
2026-06-22,2026-06-21,Summer,9,Local / other,146,115,,
2026-06-22,2026-06-21,Summer,62,Local / other,111,102,,
2026-06-22,2026-06-21,Summer,88,Local / other,110,107,,
2026-06-22,2026-06-21,Summer,98,Local / other,104,96,,
2026-06-22,2026-06-21,Summer,90,Local / other,104,94,,
2026-06-22,2026-06-21,Summer,73,Local / other,110,92,,
2026-06-22,2026-06-21,Summer,NL,Transbay,113,98,,
2026-06-22,2026-06-21,Summer,14,Local / other,108,89,,
2026-06-22,2026-06-21,Summer,54,Local / other,111,101,,
2026-06-22,2026-06-21,Summer,211,Local / other,78,78,,
2026-06-22,2026-06-21,Summer,27,Local / other,78,78,,
2026-06-22,2026-06-21,Summer,36,Local / other,78,78,,
2026-06-22,2026-06-21,Summer,200,Local / other,76,72,,
2026-06-22,2026-06-21,Summer,F,Transbay,80,80,,
2026-06-22,2026-06-21,Summer,76,Local / other,78,77,,
2026-06-22,2026-06-21,Summer,12,Local / other,104,103,,
2026-06-22,2026-06-21,Summer,86,Local / other,77,67,,
2026-06-22,2026-06-21,Summer,239,Local / other,71,71,,
2026-06-22,2026-06-21,Summer,72,Local / other,78,67,,
2026-06-22,2026-06-21,Summer,210,Local / other,69,65,,
2026-06-22,2026-06-21,Summer,45,Local / other,81,67,,
2026-06-22,2026-06-21,Summer,96,Local / other,67,66,,
2026-06-22,2026-06-21,Summer,72M,Local / other,82,71,,
2026-06-22,2026-06-21,Summer,22,Local / other,66,65,,
2026-06-22,2026-06-21,Summer,31,Local / other,66,64,,
2026-06-22,2026-06-21,Summer,O,Transbay,69,65,,
2026-06-22,2026-06-21,Summer,30,Local / other,81,64,,
2026-06-22,2026-06-21,Summer,74,Local / other,71,59,,
2026-06-22,2026-06-21,Summer,60,Local / other,65,59,,
2026-06-22,2026-06-21,Summer,93,Local / other,52,52,,
2026-06-22,2026-06-21,Summer,28,Local / other,51,51,,
2026-06-22,2026-06-21,Summer,35,Local / other,52,50,,
2026-06-22,2026-06-21,Summer,56,Local / other,50,45,,
2026-06-22,2026-06-21,Summer,72L,Local / other,54,48,,
2026-06-22,2026-06-21,Summer,34,Local / other,50,46,,
2026-06-22,2026-06-21,Summer,95,Local / other,42,42,,
2026-06-22,2026-06-21,Summer,71,Local / other,54,41,,
2026-06-22,2026-06-21,Summer,65,Local / other,40,40,,
2026-06-22,2026-06-21,Summer,231,Local / other,41,41,,
2026-06-22,2026-06-21,Summer,41,Local / other,34,34,,
2026-06-22,2026-06-21,Summer,70,Local / other,55,39,,
2026-06-22,2026-06-21,Summer,19,Local / other,32,32,,
2026-06-22,2026-06-21,Summer,7,Local / other,34,34,,
2026-06-22,2026-06-21,Summer,281,Local / other,30,30,,
2026-06-22,2026-06-21,Summer,251,Local / other,27,27,,
2026-06-22,2026-06-21,Summer,216,Local / other,28,28,,
2026-06-22,2026-06-21,Summer,67,Local / other,29,28,,
2026-06-22,2026-06-21,Summer,46L,Local / other,27,27,,
2026-06-22,2026-06-21,Summer,800,All Nighter,27,25,,
2026-06-22,2026-06-21,Summer,801,All Nighter,11,11,,
2026-06-22,2026-06-21,Summer,802,All Nighter,10,10,,
2026-06-22,2026-06-21,Summer,J,Transbay,10,9,,
2026-06-22,2026-06-21,Summer,P,Transbay,16,16,,
2026-06-22,2026-06-21,Summer,851,All Nighter,10,10,,
2026-06-22,2026-06-21,Summer,840,All Nighter,12,8,,
2026-06-22,2026-06-21,Summer,G,Transbay,10,9,,
2026-06-22,2026-06-21,Summer,V,Transbay,10,9,,
2026-06-22,2026-06-21,Summer,NX,Transbay,9,8,,
2026-06-22,2026-06-21,Summer,805,All Nighter,12,7,,
2026-06-22,2026-06-21,Summer,FS,Transbay,4,4,,
2026-06-22,2026-06-21,Summer,NX3,Transbay,7,7,,
2026-06-22,2026-06-21,Summer,E,Transbay,8,7,,
2026-06-22,2026-06-21,Summer,U,Transbay,11,0,,
2026-06-22,2026-06-21,Summer,703,Early Bird,1,1,,
2026-06-22,2026-06-21,Summer,W,Transbay,9,8,,
2026-06-22,2026-06-21,Summer,702,Early Bird,1,1,,
2026-06-22,2026-06-21,Summer,L,Transbay,8,8,,
2026-06-22,2026-06-21,Summer,701,Early Bird,2,2,,
2026-06-23,2026-06-21,Summer,40,Local / other,197,180,,
2026-06-23,2026-06-21,Summer,51B,Local / other,173,163,,
2026-06-23,2026-06-21,Summer,6,Local / other,173,161,,
2026-06-23,2026-06-21,Summer,51A,Local / other,174,165,,
2026-06-23,2026-06-21,Summer,18,Local / other,144,143,,
2026-06-23,2026-06-21,Summer,52,Local / other,129,128,,
2026-06-23,2026-06-21,Summer,57,Local / other,150,146,,
2026-06-23,2026-06-21,Summer,1T,Local / other,221,181,,
2026-06-23,2026-06-21,Summer,9,Local / other,146,128,,
2026-06-23,2026-06-21,Summer,88,Local / other,110,110,,
2026-06-23,2026-06-21,Summer,97,Local / other,121,105,,
2026-06-23,2026-06-21,Summer,14,Local / other,108,99,,
2026-06-23,2026-06-21,Summer,98,Local / other,104,97,,
2026-06-23,2026-06-21,Summer,90,Local / other,104,91,,
2026-06-23,2026-06-21,Summer,62,Local / other,111,88,,
2026-06-23,2026-06-21,Summer,NL,Transbay,113,93,,
2026-06-23,2026-06-21,Summer,54,Local / other,111,104,,
2026-06-23,2026-06-21,Summer,73,Local / other,110,85,,
2026-06-23,2026-06-21,Summer,200,Local / other,76,76,,
2026-06-23,2026-06-21,Summer,86,Local / other,77,77,,
2026-06-23,2026-06-21,Summer,45,Local / other,81,78,,
2026-06-23,2026-06-21,Summer,211,Local / other,78,76,,
2026-06-23,2026-06-21,Summer,36,Local / other,78,78,,
2026-06-23,2026-06-21,Summer,27,Local / other,78,78,,
2026-06-23,2026-06-21,Summer,F,Transbay,80,80,,
2026-06-23,2026-06-21,Summer,72,Local / other,78,72,,
2026-06-23,2026-06-21,Summer,30,Local / other,81,72,,
2026-06-23,2026-06-21,Summer,210,Local / other,69,69,,
2026-06-23,2026-06-21,Summer,74,Local / other,71,68,,
2026-06-23,2026-06-21,Summer,239,Local / other,71,71,,
2026-06-23,2026-06-21,Summer,12,Local / other,104,93,,
2026-06-23,2026-06-21,Summer,76,Local / other,78,71,,
2026-06-23,2026-06-21,Summer,31,Local / other,66,66,,
2026-06-23,2026-06-21,Summer,22,Local / other,66,63,,
2026-06-23,2026-06-21,Summer,96,Local / other,67,66,,
2026-06-23,2026-06-21,Summer,72M,Local / other,82,71,,
2026-06-23,2026-06-21,Summer,O,Transbay,69,64,,
2026-06-23,2026-06-21,Summer,70,Local / other,55,54,,
2026-06-23,2026-06-21,Summer,93,Local / other,52,52,,
2026-06-23,2026-06-21,Summer,56,Local / other,50,50,,
2026-06-23,2026-06-21,Summer,35,Local / other,52,52,,
2026-06-23,2026-06-21,Summer,34,Local / other,50,50,,
2026-06-23,2026-06-21,Summer,28,Local / other,51,51,,
2026-06-23,2026-06-21,Summer,60,Local / other,65,52,,
2026-06-23,2026-06-21,Summer,71,Local / other,54,49,,
2026-06-23,2026-06-21,Summer,95,Local / other,42,42,,
2026-06-23,2026-06-21,Summer,72L,Local / other,54,46,,
2026-06-23,2026-06-21,Summer,231,Local / other,41,41,,
2026-06-23,2026-06-21,Summer,65,Local / other,40,37,,
2026-06-23,2026-06-21,Summer,41,Local / other,34,34,,
2026-06-23,2026-06-21,Summer,7,Local / other,34,34,,
2026-06-23,2026-06-21,Summer,19,Local / other,32,32,,
2026-06-23,2026-06-21,Summer,281,Local / other,30,30,,
2026-06-23,2026-06-21,Summer,67,Local / other,29,29,,
2026-06-23,2026-06-21,Summer,251,Local / other,27,27,,
2026-06-23,2026-06-21,Summer,46L,Local / other,27,27,,
2026-06-23,2026-06-21,Summer,216,Local / other,28,27,,
2026-06-23,2026-06-21,Summer,800,All Nighter,27,22,,
2026-06-23,2026-06-21,Summer,840,All Nighter,12,12,,
2026-06-23,2026-06-21,Summer,805,All Nighter,12,11,,
2026-06-23,2026-06-21,Summer,801,All Nighter,11,11,,
2026-06-23,2026-06-21,Summer,851,All Nighter,10,10,,
2026-06-23,2026-06-21,Summer,G,Transbay,10,10,,
2026-06-23,2026-06-21,Summer,J,Transbay,10,10,,
2026-06-23,2026-06-21,Summer,P,Transbay,16,16,,
2026-06-23,2026-06-21,Summer,V,Transbay,10,10,,
2026-06-23,2026-06-21,Summer,NX,Transbay,9,9,,
2026-06-23,2026-06-21,Summer,NX3,Transbay,7,7,,
2026-06-23,2026-06-21,Summer,E,Transbay,8,6,,
2026-06-23,2026-06-21,Summer,FS,Transbay,4,2,,
2026-06-23,2026-06-21,Summer,W,Transbay,9,9,,
2026-06-23,2026-06-21,Summer,802,All Nighter,10,0,,
2026-06-23,2026-06-21,Summer,U,Transbay,11,0,,
2026-06-23,2026-06-21,Summer,703,Early Bird,1,1,,
2026-06-23,2026-06-21,Summer,702,Early Bird,1,1,,
2026-06-23,2026-06-21,Summer,701,Early Bird,2,2,,
2026-06-23,2026-06-21,Summer,L,Transbay,8,8,,
2026-06-24,2026-06-21,Summer,40,Local / other,197,180,,
2026-06-24,2026-06-21,Summer,51B,Local / other,173,167,,
2026-06-24,2026-06-21,Summer,6,Local / other,173,164,,
2026-06-24,2026-06-21,Summer,51A,Local / other,174,161,,
2026-06-24,2026-06-21,Summer,18,Local / other,144,143,,
2026-06-24,2026-06-21,Summer,52,Local / other,129,129,,
2026-06-24,2026-06-21,Summer,57,Local / other,150,145,,
2026-06-24,2026-06-21,Summer,9,Local / other,146,128,,
2026-06-24,2026-06-21,Summer,97,Local / other,121,120,,
2026-06-24,2026-06-21,Summer,1T,Local / other,221,161,,
2026-06-24,2026-06-21,Summer,73,Local / other,110,109,,
2026-06-24,2026-06-21,Summer,88,Local / other,110,110,,
2026-06-24,2026-06-21,Summer,14,Local / other,108,102,,
2026-06-24,2026-06-21,Summer,54,Local / other,111,111,,
2026-06-24,2026-06-21,Summer,90,Local / other,104,97,,
2026-06-24,2026-06-21,Summer,98,Local / other,104,99,,
2026-06-24,2026-06-21,Summer,62,Local / other,111,94,,
2026-06-24,2026-06-21,Summer,NL,Transbay,113,97,,
2026-06-24,2026-06-21,Summer,12,Local / other,104,104,,
2026-06-24,2026-06-21,Summer,86,Local / other,77,77,,
2026-06-24,2026-06-21,Summer,211,Local / other,78,78,,
2026-06-24,2026-06-21,Summer,36,Local / other,78,78,,
2026-06-24,2026-06-21,Summer,27,Local / other,78,78,,
2026-06-24,2026-06-21,Summer,45,Local / other,81,78,,
2026-06-24,2026-06-21,Summer,F,Transbay,80,80,,
2026-06-24,2026-06-21,Summer,72,Local / other,78,75,,
2026-06-24,2026-06-21,Summer,200,Local / other,76,70,,
2026-06-24,2026-06-21,Summer,30,Local / other,81,75,,
2026-06-24,2026-06-21,Summer,76,Local / other,78,75,,
2026-06-24,2026-06-21,Summer,74,Local / other,71,66,,
2026-06-24,2026-06-21,Summer,210,Local / other,69,65,,
2026-06-24,2026-06-21,Summer,239,Local / other,71,70,,
2026-06-24,2026-06-21,Summer,96,Local / other,67,64,,
2026-06-24,2026-06-21,Summer,22,Local / other,66,64,,
2026-06-24,2026-06-21,Summer,72M,Local / other,82,71,,
2026-06-24,2026-06-21,Summer,60,Local / other,65,62,,
2026-06-24,2026-06-21,Summer,70,Local / other,55,55,,
2026-06-24,2026-06-21,Summer,31,Local / other,66,58,,
2026-06-24,2026-06-21,Summer,O,Transbay,69,59,,
2026-06-24,2026-06-21,Summer,71,Local / other,54,54,,
2026-06-24,2026-06-21,Summer,72L,Local / other,54,53,,
2026-06-24,2026-06-21,Summer,56,Local / other,50,50,,
2026-06-24,2026-06-21,Summer,34,Local / other,50,49,,
2026-06-24,2026-06-21,Summer,28,Local / other,51,51,,
2026-06-24,2026-06-21,Summer,93,Local / other,52,48,,
2026-06-24,2026-06-21,Summer,35,Local / other,52,48,,
2026-06-24,2026-06-21,Summer,95,Local / other,42,42,,
2026-06-24,2026-06-21,Summer,65,Local / other,40,40,,
2026-06-24,2026-06-21,Summer,231,Local / other,41,41,,
2026-06-24,2026-06-21,Summer,41,Local / other,34,34,,
2026-06-24,2026-06-21,Summer,19,Local / other,32,32,,
2026-06-24,2026-06-21,Summer,7,Local / other,34,34,,
2026-06-24,2026-06-21,Summer,281,Local / other,30,30,,
2026-06-24,2026-06-21,Summer,67,Local / other,29,29,,
2026-06-24,2026-06-21,Summer,216,Local / other,28,28,,
2026-06-24,2026-06-21,Summer,251,Local / other,27,26,,
2026-06-24,2026-06-21,Summer,46L,Local / other,27,27,,
2026-06-24,2026-06-21,Summer,800,All Nighter,27,22,,
2026-06-24,2026-06-21,Summer,840,All Nighter,12,12,,
2026-06-24,2026-06-21,Summer,801,All Nighter,11,11,,
2026-06-24,2026-06-21,Summer,805,All Nighter,12,11,,
2026-06-24,2026-06-21,Summer,802,All Nighter,10,10,,
2026-06-24,2026-06-21,Summer,851,All Nighter,10,10,,
2026-06-24,2026-06-21,Summer,J,Transbay,10,10,,
2026-06-24,2026-06-21,Summer,P,Transbay,16,16,,
2026-06-24,2026-06-21,Summer,G,Transbay,10,10,,
2026-06-24,2026-06-21,Summer,V,Transbay,10,10,,
2026-06-24,2026-06-21,Summer,NX,Transbay,9,8,,
2026-06-24,2026-06-21,Summer,FS,Transbay,4,3,,
2026-06-24,2026-06-21,Summer,E,Transbay,8,8,,
2026-06-24,2026-06-21,Summer,W,Transbay,9,7,,
2026-06-24,2026-06-21,Summer,U,Transbay,11,0,,
2026-06-24,2026-06-21,Summer,NX3,Transbay,7,5,,
2026-06-24,2026-06-21,Summer,703,Early Bird,1,1,,
2026-06-24,2026-06-21,Summer,L,Transbay,8,8,,
2026-06-24,2026-06-21,Summer,702,Early Bird,1,0,,
2026-06-24,2026-06-21,Summer,701,Early Bird,2,2,,
2026-06-25,2026-06-21,Summer,51B,Local / other,173,168,,
2026-06-25,2026-06-21,Summer,51A,Local / other,174,163,,
2026-06-25,2026-06-21,Summer,6,Local / other,173,153,,
2026-06-25,2026-06-21,Summer,40,Local / other,197,149,,
2026-06-25,2026-06-21,Summer,18,Local / other,144,141,,
2026-06-25,2026-06-21,Summer,57,Local / other,150,149,,
2026-06-25,2026-06-21,Summer,52,Local / other,129,129,,
2026-06-25,2026-06-21,Summer,1T,Local / other,221,170,,
2026-06-25,2026-06-21,Summer,9,Local / other,146,119,,
2026-06-25,2026-06-21,Summer,73,Local / other,110,109,,
2026-06-25,2026-06-21,Summer,97,Local / other,121,104,,
2026-06-25,2026-06-21,Summer,62,Local / other,111,97,,
2026-06-25,2026-06-21,Summer,88,Local / other,110,104,,
2026-06-25,2026-06-21,Summer,98,Local / other,104,92,,
2026-06-25,2026-06-21,Summer,90,Local / other,104,92,,
2026-06-25,2026-06-21,Summer,54,Local / other,111,104,,
2026-06-25,2026-06-21,Summer,14,Local / other,108,90,,
2026-06-25,2026-06-21,Summer,NL,Transbay,113,94,,
2026-06-25,2026-06-21,Summer,86,Local / other,77,77,,
2026-06-25,2026-06-21,Summer,36,Local / other,78,78,,
2026-06-25,2026-06-21,Summer,27,Local / other,78,78,,
2026-06-25,2026-06-21,Summer,F,Transbay,80,78,,
2026-06-25,2026-06-21,Summer,211,Local / other,78,76,,
2026-06-25,2026-06-21,Summer,200,Local / other,76,70,,
2026-06-25,2026-06-21,Summer,12,Local / other,104,102,,
2026-06-25,2026-06-21,Summer,210,Local / other,69,69,,
2026-06-25,2026-06-21,Summer,96,Local / other,67,67,,
2026-06-25,2026-06-21,Summer,72,Local / other,78,64,,
2026-06-25,2026-06-21,Summer,30,Local / other,81,67,,
2026-06-25,2026-06-21,Summer,22,Local / other,66,66,,
2026-06-25,2026-06-21,Summer,45,Local / other,81,63,,
2026-06-25,2026-06-21,Summer,239,Local / other,71,65,,
2026-06-25,2026-06-21,Summer,76,Local / other,78,64,,
2026-06-25,2026-06-21,Summer,O,Transbay,69,66,,
2026-06-25,2026-06-21,Summer,72M,Local / other,82,64,,
2026-06-25,2026-06-21,Summer,31,Local / other,66,55,,
2026-06-25,2026-06-21,Summer,93,Local / other,52,52,,
2026-06-25,2026-06-21,Summer,56,Local / other,50,50,,
2026-06-25,2026-06-21,Summer,70,Local / other,55,51,,
2026-06-25,2026-06-21,Summer,74,Local / other,71,49,,
2026-06-25,2026-06-21,Summer,71,Local / other,54,49,,
2026-06-25,2026-06-21,Summer,34,Local / other,50,49,,
2026-06-25,2026-06-21,Summer,35,Local / other,52,51,,
2026-06-25,2026-06-21,Summer,28,Local / other,51,50,,
2026-06-25,2026-06-21,Summer,72L,Local / other,54,48,,
2026-06-25,2026-06-21,Summer,60,Local / other,65,50,,
2026-06-25,2026-06-21,Summer,95,Local / other,42,42,,
2026-06-25,2026-06-21,Summer,231,Local / other,41,41,,
2026-06-25,2026-06-21,Summer,65,Local / other,40,36,,
2026-06-25,2026-06-21,Summer,41,Local / other,34,33,,
2026-06-25,2026-06-21,Summer,19,Local / other,32,32,,
2026-06-25,2026-06-21,Summer,7,Local / other,34,34,,
2026-06-25,2026-06-21,Summer,281,Local / other,30,30,,
2026-06-25,2026-06-21,Summer,67,Local / other,29,29,,
2026-06-25,2026-06-21,Summer,216,Local / other,28,28,,
2026-06-25,2026-06-21,Summer,46L,Local / other,27,27,,
2026-06-25,2026-06-21,Summer,251,Local / other,27,24,,
2026-06-25,2026-06-21,Summer,800,All Nighter,27,24,,
2026-06-25,2026-06-21,Summer,840,All Nighter,12,12,,
2026-06-25,2026-06-21,Summer,801,All Nighter,11,11,,
2026-06-25,2026-06-21,Summer,805,All Nighter,12,11,,
2026-06-25,2026-06-21,Summer,802,All Nighter,10,10,,
2026-06-25,2026-06-21,Summer,G,Transbay,10,10,,
2026-06-25,2026-06-21,Summer,P,Transbay,16,16,,
2026-06-25,2026-06-21,Summer,851,All Nighter,10,10,,
2026-06-25,2026-06-21,Summer,J,Transbay,10,10,,
2026-06-25,2026-06-21,Summer,V,Transbay,10,9,,
2026-06-25,2026-06-21,Summer,FS,Transbay,4,4,,
2026-06-25,2026-06-21,Summer,NX,Transbay,9,9,,
2026-06-25,2026-06-21,Summer,E,Transbay,8,8,,
2026-06-25,2026-06-21,Summer,NX3,Transbay,7,7,,
2026-06-25,2026-06-21,Summer,702,Early Bird,1,0,,
2026-06-25,2026-06-21,Summer,701,Early Bird,2,1,,
2026-06-25,2026-06-21,Summer,703,Early Bird,1,1,,
2026-06-25,2026-06-21,Summer,L,Transbay,8,8,,
2026-06-25,2026-06-21,Summer,U,Transbay,11,0,,
2026-06-25,2026-06-21,Summer,W,Transbay,9,8,,
2026-06-26,2026-06-21,Summer,51B,Local / other,173,168,,
2026-06-26,2026-06-21,Summer,6,Local / other,173,166,,
2026-06-26,2026-06-21,Summer,40,Local / other,197,150,,
2026-06-26,2026-06-21,Summer,51A,Local / other,173,156,,
2026-06-26,2026-06-21,Summer,52,Local / other,129,129,,
2026-06-26,2026-06-21,Summer,18,Local / other,144,131,,
2026-06-26,2026-06-21,Summer,57,Local / other,150,132,,
2026-06-26,2026-06-21,Summer,1T,Local / other,221,152,,
2026-06-26,2026-06-21,Summer,9,Local / other,146,117,,
2026-06-26,2026-06-21,Summer,73,Local / other,110,109,,
2026-06-26,2026-06-21,Summer,98,Local / other,104,100,,
2026-06-26,2026-06-21,Summer,88,Local / other,110,104,,
2026-06-26,2026-06-21,Summer,54,Local / other,111,111,,
2026-06-26,2026-06-21,Summer,90,Local / other,104,98,,
2026-06-26,2026-06-21,Summer,97,Local / other,121,94,,
2026-06-26,2026-06-21,Summer,NL,Transbay,113,92,,
2026-06-26,2026-06-21,Summer,62,Local / other,111,82,,
2026-06-26,2026-06-21,Summer,14,Local / other,108,82,,
2026-06-26,2026-06-21,Summer,86,Local / other,77,77,,
2026-06-26,2026-06-21,Summer,36,Local / other,78,77,,
2026-06-26,2026-06-21,Summer,72,Local / other,78,73,,
2026-06-26,2026-06-21,Summer,76,Local / other,78,76,,
2026-06-26,2026-06-21,Summer,45,Local / other,81,75,,
2026-06-26,2026-06-21,Summer,27,Local / other,78,71,,
2026-06-26,2026-06-21,Summer,210,Local / other,69,69,,
2026-06-26,2026-06-21,Summer,F,Transbay,80,74,,
2026-06-26,2026-06-21,Summer,12,Local / other,104,91,,
2026-06-26,2026-06-21,Summer,96,Local / other,67,67,,
2026-06-26,2026-06-21,Summer,72M,Local / other,82,73,,
2026-06-26,2026-06-21,Summer,30,Local / other,81,67,,
2026-06-26,2026-06-21,Summer,22,Local / other,66,66,,
2026-06-26,2026-06-21,Summer,211,Local / other,78,63,,
2026-06-26,2026-06-21,Summer,31,Local / other,66,62,,
2026-06-26,2026-06-21,Summer,74,Local / other,71,59,,
2026-06-26,2026-06-21,Summer,239,Local / other,71,60,,
2026-06-26,2026-06-21,Summer,72L,Local / other,54,54,,
2026-06-26,2026-06-21,Summer,71,Local / other,54,54,,
2026-06-26,2026-06-21,Summer,70,Local / other,55,54,,
2026-06-26,2026-06-21,Summer,O,Transbay,69,55,,
2026-06-26,2026-06-21,Summer,93,Local / other,52,52,,
2026-06-26,2026-06-21,Summer,56,Local / other,50,50,,
2026-06-26,2026-06-21,Summer,60,Local / other,65,49,,
2026-06-26,2026-06-21,Summer,28,Local / other,51,48,,
2026-06-26,2026-06-21,Summer,34,Local / other,50,46,,
2026-06-26,2026-06-21,Summer,35,Local / other,52,48,,
2026-06-26,2026-06-21,Summer,200,Local / other,76,45,,
2026-06-26,2026-06-21,Summer,95,Local / other,42,42,,
2026-06-26,2026-06-21,Summer,65,Local / other,40,39,,
2026-06-26,2026-06-21,Summer,41,Local / other,34,34,,
2026-06-26,2026-06-21,Summer,7,Local / other,34,32,,
2026-06-26,2026-06-21,Summer,231,Local / other,41,30,,
2026-06-26,2026-06-21,Summer,67,Local / other,29,28,,
2026-06-26,2026-06-21,Summer,46L,Local / other,27,27,,
2026-06-26,2026-06-21,Summer,19,Local / other,32,25,,
2026-06-26,2026-06-21,Summer,251,Local / other,27,24,,
2026-06-26,2026-06-21,Summer,281,Local / other,30,22,,
2026-06-26,2026-06-21,Summer,216,Local / other,28,21,,
2026-06-26,2026-06-21,Summer,800,All Nighter,27,25,,
2026-06-26,2026-06-21,Summer,840,All Nighter,12,12,,
2026-06-26,2026-06-21,Summer,801,All Nighter,11,11,,
2026-06-26,2026-06-21,Summer,805,All Nighter,12,11,,
2026-06-26,2026-06-21,Summer,802,All Nighter,10,10,,
2026-06-26,2026-06-21,Summer,851,All Nighter,10,10,,
2026-06-26,2026-06-21,Summer,P,Transbay,16,15,,
2026-06-26,2026-06-21,Summer,G,Transbay,10,10,,
2026-06-26,2026-06-21,Summer,V,Transbay,10,10,,
2026-06-26,2026-06-21,Summer,NX,Transbay,9,8,,
2026-06-26,2026-06-21,Summer,J,Transbay,10,8,,
2026-06-26,2026-06-21,Summer,FS,Transbay,4,4,,
2026-06-26,2026-06-21,Summer,E,Transbay,8,7,,
2026-06-26,2026-06-21,Summer,NX3,Transbay,7,7,,
2026-06-26,2026-06-21,Summer,701,Early Bird,2,2,,
2026-06-26,2026-06-21,Summer,U,Transbay,11,0,,
2026-06-26,2026-06-21,Summer,L,Transbay,8,8,,
2026-06-26,2026-06-21,Summer,702,Early Bird,1,1,,
2026-06-26,2026-06-21,Summer,703,Early Bird,1,1,,
2026-06-26,2026-06-21,Summer,W,Transbay,9,9,,
2026-06-27,2026-06-21,Summer,6,Local / other,151,150,,
2026-06-27,2026-06-21,Summer,57,Local / other,152,149,,
2026-06-27,2026-06-21,Summer,51B,Local / other,140,128,,
2026-06-27,2026-06-21,Summer,1T,Local / other,220,170,,
2026-06-27,2026-06-21,Summer,73,Local / other,110,109,,
2026-06-27,2026-06-21,Summer,18,Local / other,107,107,,
2026-06-27,2026-06-21,Summer,40,Local / other,133,105,,
2026-06-27,2026-06-21,Summer,62,Local / other,99,96,,
2026-06-27,2026-06-21,Summer,9,Local / other,136,111,,
2026-06-27,2026-06-21,Summer,14,Local / other,100,98,,
2026-06-27,2026-06-21,Summer,88,Local / other,100,93,,
2026-06-27,2026-06-21,Summer,52,Local / other,92,92,,
2026-06-27,2026-06-21,Summer,51A,Local / other,131,95,,
2026-06-27,2026-06-21,Summer,F,Transbay,77,77,,
2026-06-27,2026-06-21,Summer,54,Local / other,74,73,,
2026-06-27,2026-06-21,Summer,36,Local / other,74,74,,
2026-06-27,2026-06-21,Summer,86,Local / other,78,78,,
2026-06-27,2026-06-21,Summer,NL,Transbay,75,75,,
2026-06-27,2026-06-21,Summer,200,Local / other,76,70,,
2026-06-27,2026-06-21,Summer,97,Local / other,71,71,,
2026-06-27,2026-06-21,Summer,27,Local / other,66,66,,
2026-06-27,2026-06-21,Summer,45,Local / other,66,66,,
2026-06-27,2026-06-21,Summer,30,Local / other,80,65,,
2026-06-27,2026-06-21,Summer,72,Local / other,77,68,,
2026-06-27,2026-06-21,Summer,90,Local / other,67,63,,
2026-06-27,2026-06-21,Summer,211,Local / other,74,71,,
2026-06-27,2026-06-21,Summer,96,Local / other,66,66,,
2026-06-27,2026-06-21,Summer,210,Local / other,64,64,,
2026-06-27,2026-06-21,Summer,72M,Local / other,82,62,,
2026-06-27,2026-06-21,Summer,22,Local / other,66,66,,
2026-06-27,2026-06-21,Summer,98,Local / other,66,61,,
2026-06-27,2026-06-21,Summer,76,Local / other,74,54,,
2026-06-27,2026-06-21,Summer,31,Local / other,65,58,,
2026-06-27,2026-06-21,Summer,74,Local / other,54,54,,
2026-06-27,2026-06-21,Summer,72L,Local / other,54,51,,
2026-06-27,2026-06-21,Summer,28,Local / other,50,50,,
2026-06-27,2026-06-21,Summer,60,Local / other,50,50,,
2026-06-27,2026-06-21,Summer,12,Local / other,74,73,,
2026-06-27,2026-06-21,Summer,95,Local / other,42,42,,
2026-06-27,2026-06-21,Summer,231,Local / other,42,40,,
2026-06-27,2026-06-21,Summer,35,Local / other,34,34,,
2026-06-27,2026-06-21,Summer,34,Local / other,34,34,,
2026-06-27,2026-06-21,Summer,56,Local / other,34,34,,
2026-06-27,2026-06-21,Summer,7,Local / other,34,34,,
2026-06-27,2026-06-21,Summer,19,Local / other,32,32,,
2026-06-27,2026-06-21,Summer,93,Local / other,34,34,,
2026-06-27,2026-06-21,Summer,239,Local / other,34,33,,
2026-06-27,2026-06-21,Summer,41,Local / other,34,34,,
2026-06-27,2026-06-21,Summer,216,Local / other,28,25,,
2026-06-27,2026-06-21,Summer,281,Local / other,26,26,,
2026-06-27,2026-06-21,Summer,251,Local / other,28,28,,
2026-06-27,2026-06-21,Summer,71,Local / other,28,24,,
2026-06-27,2026-06-21,Summer,70,Local / other,28,24,,
2026-06-27,2026-06-21,Summer,O,Transbay,34,19,,
2026-06-27,2026-06-21,Summer,800,All Nighter,27,24,,
2026-06-27,2026-06-21,Summer,840,All Nighter,12,12,,
2026-06-27,2026-06-21,Summer,805,All Nighter,12,11,,
2026-06-27,2026-06-21,Summer,802,All Nighter,10,10,,
2026-06-27,2026-06-21,Summer,801,All Nighter,11,11,,
2026-06-27,2026-06-21,Summer,851,All Nighter,10,10,,
2026-06-28,2026-06-28,Summer,6,Local / other,151,148,,
2026-06-28,2026-06-28,Summer,51B,Local / other,140,140,,
2026-06-28,2026-06-28,Summer,57,Local / other,152,145,,
2026-06-28,2026-06-28,Summer,9,Local / other,136,136,,
2026-06-28,2026-06-28,Summer,51A,Local / other,132,123,,
2026-06-28,2026-06-28,Summer,1T,Local / other,220,139,,
2026-06-28,2026-06-28,Summer,40,Local / other,133,118,,
2026-06-28,2026-06-28,Summer,18,Local / other,107,107,,
2026-06-28,2026-06-28,Summer,88,Local / other,100,100,,
2026-06-28,2026-06-28,Summer,52,Local / other,92,92,,
2026-06-28,2026-06-28,Summer,14,Local / other,100,93,,
2026-06-28,2026-06-28,Summer,73,Local / other,109,86,,
2026-06-28,2026-06-28,Summer,62,Local / other,100,86,,
2026-06-28,2026-06-28,Summer,F,Transbay,77,77,,
2026-06-28,2026-06-28,Summer,86,Local / other,78,78,,
2026-06-28,2026-06-28,Summer,36,Local / other,74,74,,
2026-06-28,2026-06-28,Summer,200,Local / other,76,76,,
2026-06-28,2026-06-28,Summer,54,Local / other,74,70,,
2026-06-28,2026-06-28,Summer,30,Local / other,80,70,,
2026-06-28,2026-06-28,Summer,211,Local / other,74,74,,
2026-06-28,2026-06-28,Summer,97,Local / other,71,70,,
2026-06-28,2026-06-28,Summer,72M,Local / other,82,65,,
2026-06-28,2026-06-28,Summer,72,Local / other,77,65,,
2026-06-28,2026-06-28,Summer,27,Local / other,66,65,,
2026-06-28,2026-06-28,Summer,22,Local / other,66,65,,
2026-06-28,2026-06-28,Summer,210,Local / other,64,64,,
2026-06-28,2026-06-28,Summer,76,Local / other,74,62,,
2026-06-28,2026-06-28,Summer,31,Local / other,66,62,,
2026-06-28,2026-06-28,Summer,45,Local / other,66,57,,
2026-06-28,2026-06-28,Summer,96,Local / other,66,58,,
2026-06-28,2026-06-28,Summer,NL,Transbay,75,55,,
2026-06-28,2026-06-28,Summer,98,Local / other,66,48,,
2026-06-28,2026-06-28,Summer,90,Local / other,67,49,,
2026-06-28,2026-06-28,Summer,12,Local / other,74,74,,
2026-06-28,2026-06-28,Summer,60,Local / other,50,50,,
2026-06-28,2026-06-28,Summer,72L,Local / other,54,42,,
2026-06-28,2026-06-28,Summer,95,Local / other,42,42,,
2026-06-28,2026-06-28,Summer,28,Local / other,50,43,,
2026-06-28,2026-06-28,Summer,74,Local / other,54,38,,
2026-06-28,2026-06-28,Summer,231,Local / other,42,39,,
2026-06-28,2026-06-28,Summer,O,Transbay,34,34,,
2026-06-28,2026-06-28,Summer,35,Local / other,34,33,,
2026-06-28,2026-06-28,Summer,56,Local / other,34,34,,
2026-06-28,2026-06-28,Summer,41,Local / other,34,34,,
2026-06-28,2026-06-28,Summer,34,Local / other,34,32,,
2026-06-28,2026-06-28,Summer,19,Local / other,32,32,,
2026-06-28,2026-06-28,Summer,93,Local / other,34,34,,
2026-06-28,2026-06-28,Summer,239,Local / other,34,31,,
2026-06-28,2026-06-28,Summer,7,Local / other,34,28,,
2026-06-28,2026-06-28,Summer,281,Local / other,26,26,,
2026-06-28,2026-06-28,Summer,70,Local / other,28,22,,
2026-06-28,2026-06-28,Summer,216,Local / other,28,23,,
2026-06-28,2026-06-28,Summer,251,Local / other,28,25,,
2026-06-28,2026-06-28,Summer,71,Local / other,28,19,,
2026-06-28,2026-06-28,Summer,800,All Nighter,27,25,,
2026-06-28,2026-06-28,Summer,840,All Nighter,12,12,,
2026-06-28,2026-06-28,Summer,805,All Nighter,12,11,,
2026-06-28,2026-06-28,Summer,802,All Nighter,10,10,,
2026-06-28,2026-06-28,Summer,801,All Nighter,11,9,,
2026-06-28,2026-06-28,Summer,851,All Nighter,10,10,,
2026-06-29,2026-06-28,Summer,40,Local / other,197,185,,
2026-06-29,2026-06-28,Summer,51B,Local / other,173,165,,
2026-06-29,2026-06-28,Summer,6,Local / other,173,161,,
2026-06-29,2026-06-28,Summer,51A,Local / other,174,158,,
2026-06-29,2026-06-28,Summer,1T,Local / other,221,185,,
2026-06-29,2026-06-28,Summer,9,Local / other,146,141,,
2026-06-29,2026-06-28,Summer,18,Local / other,144,143,,
2026-06-29,2026-06-28,Summer,52,Local / other,129,129,,
2026-06-29,2026-06-28,Summer,57,Local / other,150,146,,
2026-06-29,2026-06-28,Summer,97,Local / other,121,121,,
2026-06-29,2026-06-28,Summer,88,Local / other,110,109,,
2026-06-29,2026-06-28,Summer,90,Local / other,104,104,,
2026-06-29,2026-06-28,Summer,98,Local / other,104,103,,
2026-06-29,2026-06-28,Summer,NL,Transbay,113,113,,
2026-06-29,2026-06-28,Summer,73,Local / other,110,102,,
2026-06-29,2026-06-28,Summer,62,Local / other,111,97,,
2026-06-29,2026-06-28,Summer,14,Local / other,108,95,,
2026-06-29,2026-06-28,Summer,54,Local / other,111,110,,
2026-06-29,2026-06-28,Summer,45,Local / other,81,81,,
2026-06-29,2026-06-28,Summer,200,Local / other,76,76,,
2026-06-29,2026-06-28,Summer,86,Local / other,77,77,,
2026-06-29,2026-06-28,Summer,211,Local / other,78,78,,
2026-06-29,2026-06-28,Summer,F,Transbay,80,80,,
2026-06-29,2026-06-28,Summer,36,Local / other,78,78,,
2026-06-29,2026-06-28,Summer,72,Local / other,78,76,,
2026-06-29,2026-06-28,Summer,76,Local / other,78,77,,
2026-06-29,2026-06-28,Summer,27,Local / other,78,73,,
2026-06-29,2026-06-28,Summer,74,Local / other,71,71,,
2026-06-29,2026-06-28,Summer,210,Local / other,69,69,,
2026-06-29,2026-06-28,Summer,12,Local / other,104,103,,
2026-06-29,2026-06-28,Summer,239,Local / other,71,71,,
2026-06-29,2026-06-28,Summer,O,Transbay,69,69,,
2026-06-29,2026-06-28,Summer,30,Local / other,81,69,,
2026-06-29,2026-06-28,Summer,96,Local / other,67,64,,
2026-06-29,2026-06-28,Summer,22,Local / other,66,62,,
2026-06-29,2026-06-28,Summer,60,Local / other,65,64,,
2026-06-29,2026-06-28,Summer,72M,Local / other,82,68,,
2026-06-29,2026-06-28,Summer,70,Local / other,55,55,,
2026-06-29,2026-06-28,Summer,72L,Local / other,54,54,,
2026-06-29,2026-06-28,Summer,71,Local / other,54,54,,
2026-06-29,2026-06-28,Summer,31,Local / other,66,52,,
2026-06-29,2026-06-28,Summer,93,Local / other,52,52,,
2026-06-29,2026-06-28,Summer,56,Local / other,50,50,,
2026-06-29,2026-06-28,Summer,28,Local / other,51,51,,
2026-06-29,2026-06-28,Summer,34,Local / other,50,49,,
2026-06-29,2026-06-28,Summer,35,Local / other,52,50,,
2026-06-29,2026-06-28,Summer,95,Local / other,42,42,,
2026-06-29,2026-06-28,Summer,231,Local / other,41,41,,
2026-06-29,2026-06-28,Summer,65,Local / other,40,37,,
2026-06-29,2026-06-28,Summer,41,Local / other,34,34,,
2026-06-29,2026-06-28,Summer,19,Local / other,32,32,,
2026-06-29,2026-06-28,Summer,7,Local / other,34,34,,
2026-06-29,2026-06-28,Summer,281,Local / other,30,30,,
2026-06-29,2026-06-28,Summer,67,Local / other,29,29,,
2026-06-29,2026-06-28,Summer,251,Local / other,27,27,,
2026-06-29,2026-06-28,Summer,46L,Local / other,27,27,,
2026-06-29,2026-06-28,Summer,216,Local / other,28,28,,
2026-06-29,2026-06-28,Summer,800,All Nighter,27,25,,
2026-06-29,2026-06-28,Summer,840,All Nighter,12,12,,
2026-06-29,2026-06-28,Summer,805,All Nighter,12,11,,
2026-06-29,2026-06-28,Summer,802,All Nighter,10,10,,
2026-06-29,2026-06-28,Summer,G,Transbay,10,10,,
2026-06-29,2026-06-28,Summer,801,All Nighter,11,9,,
2026-06-29,2026-06-28,Summer,851,All Nighter,10,10,,
2026-06-29,2026-06-28,Summer,V,Transbay,10,10,,
2026-06-29,2026-06-28,Summer,P,Transbay,16,16,,
2026-06-29,2026-06-28,Summer,NX,Transbay,9,9,,
2026-06-29,2026-06-28,Summer,J,Transbay,10,9,,
2026-06-29,2026-06-28,Summer,FS,Transbay,4,4,,
2026-06-29,2026-06-28,Summer,E,Transbay,8,8,,
2026-06-29,2026-06-28,Summer,NX3,Transbay,7,7,,
2026-06-29,2026-06-28,Summer,W,Transbay,9,9,,
2026-06-29,2026-06-28,Summer,702,Early Bird,1,1,,
2026-06-29,2026-06-28,Summer,L,Transbay,8,8,,
2026-06-29,2026-06-28,Summer,703,Early Bird,1,1,,
2026-06-29,2026-06-28,Summer,U,Transbay,11,0,,
2026-06-29,2026-06-28,Summer,701,Early Bird,2,2,,
2026-06-30,2026-06-28,Summer,40,Local / other,197,166,,
2026-06-30,2026-06-28,Summer,51B,Local / other,173,158,,
2026-06-30,2026-06-28,Summer,51A,Local / other,174,149,,
2026-06-30,2026-06-28,Summer,6,Local / other,173,146,,
2026-06-30,2026-06-28,Summer,18,Local / other,144,141,,
2026-06-30,2026-06-28,Summer,1T,Local / other,221,192,,
2026-06-30,2026-06-28,Summer,57,Local / other,150,146,,
2026-06-30,2026-06-28,Summer,52,Local / other,129,129,,
2026-06-30,2026-06-28,Summer,9,Local / other,146,127,,
2026-06-30,2026-06-28,Summer,62,Local / other,111,109,,
2026-06-30,2026-06-28,Summer,88,Local / other,110,110,,
2026-06-30,2026-06-28,Summer,97,Local / other,121,106,,
2026-06-30,2026-06-28,Summer,73,Local / other,110,103,,
2026-06-30,2026-06-28,Summer,14,Local / other,108,105,,
2026-06-30,2026-06-28,Summer,98,Local / other,104,100,,
2026-06-30,2026-06-28,Summer,90,Local / other,104,99,,
2026-06-30,2026-06-28,Summer,54,Local / other,111,105,,
2026-06-30,2026-06-28,Summer,NL,Transbay,113,92,,
2026-06-30,2026-06-28,Summer,86,Local / other,77,77,,
2026-06-30,2026-06-28,Summer,45,Local / other,81,78,,
2026-06-30,2026-06-28,Summer,27,Local / other,78,78,,
2026-06-30,2026-06-28,Summer,200,Local / other,76,76,,
2026-06-30,2026-06-28,Summer,211,Local / other,78,78,,
2026-06-30,2026-06-28,Summer,F,Transbay,80,80,,
2026-06-30,2026-06-28,Summer,36,Local / other,78,78,,
2026-06-30,2026-06-28,Summer,12,Local / other,104,97,,
2026-06-30,2026-06-28,Summer,74,Local / other,71,70,,
2026-06-30,2026-06-28,Summer,210,Local / other,69,69,,
2026-06-30,2026-06-28,Summer,72,Local / other,78,69,,
2026-06-30,2026-06-28,Summer,30,Local / other,81,70,,
2026-06-30,2026-06-28,Summer,239,Local / other,71,71,,
2026-06-30,2026-06-28,Summer,72M,Local / other,82,71,,
2026-06-30,2026-06-28,Summer,22,Local / other,66,66,,
2026-06-30,2026-06-28,Summer,96,Local / other,67,65,,
2026-06-30,2026-06-28,Summer,31,Local / other,66,65,,
2026-06-30,2026-06-28,Summer,76,Local / other,78,66,,
2026-06-30,2026-06-28,Summer,O,Transbay,69,65,,
2026-06-30,2026-06-28,Summer,60,Local / other,65,58,,
2026-06-30,2026-06-28,Summer,93,Local / other,52,52,,
2026-06-30,2026-06-28,Summer,71,Local / other,54,54,,
2026-06-30,2026-06-28,Summer,34,Local / other,50,50,,
2026-06-30,2026-06-28,Summer,56,Local / other,50,50,,
2026-06-30,2026-06-28,Summer,72L,Local / other,54,53,,
2026-06-30,2026-06-28,Summer,35,Local / other,52,52,,
2026-06-30,2026-06-28,Summer,28,Local / other,51,50,,
2026-06-30,2026-06-28,Summer,70,Local / other,55,48,,
2026-06-30,2026-06-28,Summer,95,Local / other,42,42,,
2026-06-30,2026-06-28,Summer,231,Local / other,41,41,,
2026-06-30,2026-06-28,Summer,65,Local / other,40,38,,
2026-06-30,2026-06-28,Summer,41,Local / other,34,34,,
2026-06-30,2026-06-28,Summer,19,Local / other,32,32,,
2026-06-30,2026-06-28,Summer,7,Local / other,34,34,,
2026-06-30,2026-06-28,Summer,67,Local / other,29,29,,
2026-06-30,2026-06-28,Summer,281,Local / other,30,30,,
2026-06-30,2026-06-28,Summer,251,Local / other,27,27,,
2026-06-30,2026-06-28,Summer,216,Local / other,28,28,,
2026-06-30,2026-06-28,Summer,46L,Local / other,27,27,,
2026-06-30,2026-06-28,Summer,800,All Nighter,27,25,,
2026-06-30,2026-06-28,Summer,840,All Nighter,12,12,,
2026-06-30,2026-06-28,Summer,801,All Nighter,11,11,,
2026-06-30,2026-06-28,Summer,805,All Nighter,12,11,,
2026-06-30,2026-06-28,Summer,851,All Nighter,10,10,,
2026-06-30,2026-06-28,Summer,802,All Nighter,10,10,,
2026-06-30,2026-06-28,Summer,G,Transbay,10,9,,
2026-06-30,2026-06-28,Summer,P,Transbay,16,16,,
2026-06-30,2026-06-28,Summer,J,Transbay,10,9,,
2026-06-30,2026-06-28,Summer,V,Transbay,10,10,,
2026-06-30,2026-06-28,Summer,FS,Transbay,4,4,,
2026-06-30,2026-06-28,Summer,NX3,Transbay,7,7,,
2026-06-30,2026-06-28,Summer,NX,Transbay,9,7,,
2026-06-30,2026-06-28,Summer,E,Transbay,8,8,,
2026-06-30,2026-06-28,Summer,W,Transbay,9,8,,
2026-06-30,2026-06-28,Summer,701,Early Bird,2,2,,
2026-06-30,2026-06-28,Summer,L,Transbay,8,8,,
2026-06-30,2026-06-28,Summer,703,Early Bird,1,0,,
2026-06-30,2026-06-28,Summer,702,Early Bird,1,1,,
2026-06-30,2026-06-28,Summer,U,Transbay,11,0,,
2026-07-01,2026-06-28,Summer,40,Local / other,197,186,,
2026-07-01,2026-06-28,Summer,51B,Local / other,173,170,,
2026-07-01,2026-06-28,Summer,6,Local / other,173,166,,
2026-07-01,2026-06-28,Summer,51A,Local / other,174,160,,
2026-07-01,2026-06-28,Summer,9,Local / other,146,146,,
2026-07-01,2026-06-28,Summer,18,Local / other,144,139,,
2026-07-01,2026-06-28,Summer,57,Local / other,150,150,,
2026-07-01,2026-06-28,Summer,52,Local / other,129,129,,
2026-07-01,2026-06-28,Summer,1T,Local / other,221,162,,
2026-07-01,2026-06-28,Summer,97,Local / other,121,117,,
2026-07-01,2026-06-28,Summer,88,Local / other,110,110,,
2026-07-01,2026-06-28,Summer,73,Local / other,110,103,,
2026-07-01,2026-06-28,Summer,14,Local / other,108,104,,
2026-07-01,2026-06-28,Summer,90,Local / other,104,97,,
2026-07-01,2026-06-28,Summer,98,Local / other,104,100,,
2026-07-01,2026-06-28,Summer,54,Local / other,111,109,,
2026-07-01,2026-06-28,Summer,62,Local / other,111,90,,
2026-07-01,2026-06-28,Summer,NL,Transbay,113,92,,
2026-07-01,2026-06-28,Summer,86,Local / other,77,77,,
2026-07-01,2026-06-28,Summer,200,Local / other,76,76,,
2026-07-01,2026-06-28,Summer,36,Local / other,78,78,,
2026-07-01,2026-06-28,Summer,211,Local / other,78,78,,
2026-07-01,2026-06-28,Summer,27,Local / other,78,77,,
2026-07-01,2026-06-28,Summer,F,Transbay,80,76,,
2026-07-01,2026-06-28,Summer,72,Local / other,78,70,,
2026-07-01,2026-06-28,Summer,210,Local / other,69,69,,
2026-07-01,2026-06-28,Summer,12,Local / other,104,97,,
2026-07-01,2026-06-28,Summer,74,Local / other,71,68,,
2026-07-01,2026-06-28,Summer,239,Local / other,71,71,,
2026-07-01,2026-06-28,Summer,76,Local / other,78,69,,
2026-07-01,2026-06-28,Summer,45,Local / other,81,68,,
2026-07-01,2026-06-28,Summer,30,Local / other,81,69,,
2026-07-01,2026-06-28,Summer,72M,Local / other,82,74,,
2026-07-01,2026-06-28,Summer,96,Local / other,67,66,,
2026-07-01,2026-06-28,Summer,O,Transbay,69,69,,
2026-07-01,2026-06-28,Summer,22,Local / other,66,66,,
2026-07-01,2026-06-28,Summer,60,Local / other,65,65,,
2026-07-01,2026-06-28,Summer,31,Local / other,66,57,,
2026-07-01,2026-06-28,Summer,93,Local / other,52,52,,
2026-07-01,2026-06-28,Summer,34,Local / other,50,50,,
2026-07-01,2026-06-28,Summer,35,Local / other,52,52,,
2026-07-01,2026-06-28,Summer,72L,Local / other,54,53,,
2026-07-01,2026-06-28,Summer,56,Local / other,50,47,,
2026-07-01,2026-06-28,Summer,28,Local / other,51,47,,
2026-07-01,2026-06-28,Summer,71,Local / other,54,47,,
2026-07-01,2026-06-28,Summer,70,Local / other,55,44,,
2026-07-01,2026-06-28,Summer,95,Local / other,42,42,,
2026-07-01,2026-06-28,Summer,65,Local / other,40,40,,
2026-07-01,2026-06-28,Summer,231,Local / other,41,38,,
2026-07-01,2026-06-28,Summer,41,Local / other,34,34,,
2026-07-01,2026-06-28,Summer,7,Local / other,34,34,,
2026-07-01,2026-06-28,Summer,281,Local / other,30,30,,
2026-07-01,2026-06-28,Summer,19,Local / other,32,28,,
2026-07-01,2026-06-28,Summer,251,Local / other,27,27,,
2026-07-01,2026-06-28,Summer,67,Local / other,29,29,,
2026-07-01,2026-06-28,Summer,216,Local / other,28,28,,
2026-07-01,2026-06-28,Summer,46L,Local / other,27,27,,
2026-07-01,2026-06-28,Summer,800,All Nighter,27,25,,
2026-07-01,2026-06-28,Summer,840,All Nighter,12,12,,
2026-07-01,2026-06-28,Summer,801,All Nighter,11,10,,
2026-07-01,2026-06-28,Summer,805,All Nighter,12,11,,
2026-07-01,2026-06-28,Summer,802,All Nighter,10,10,,
2026-07-01,2026-06-28,Summer,851,All Nighter,10,9,,
2026-07-01,2026-06-28,Summer,P,Transbay,16,16,,
2026-07-01,2026-06-28,Summer,G,Transbay,10,10,,
2026-07-01,2026-06-28,Summer,V,Transbay,10,10,,
2026-07-01,2026-06-28,Summer,J,Transbay,10,9,,
2026-07-01,2026-06-28,Summer,NX,Transbay,9,8,,
2026-07-01,2026-06-28,Summer,FS,Transbay,4,4,,
2026-07-01,2026-06-28,Summer,E,Transbay,8,8,,
2026-07-01,2026-06-28,Summer,NX3,Transbay,7,7,,
2026-07-01,2026-06-28,Summer,702,Early Bird,1,1,,
2026-07-01,2026-06-28,Summer,703,Early Bird,1,1,,
2026-07-01,2026-06-28,Summer,L,Transbay,8,8,,
2026-07-01,2026-06-28,Summer,701,Early Bird,2,1,,
2026-07-01,2026-06-28,Summer,U,Transbay,11,0,,
2026-07-01,2026-06-28,Summer,W,Transbay,9,8,,
2026-07-02,2026-06-28,Summer,40,Local / other,197,194,,
2026-07-02,2026-06-28,Summer,6,Local / other,173,168,,
2026-07-02,2026-06-28,Summer,51B,Local / other,173,170,,
2026-07-02,2026-06-28,Summer,51A,Local / other,174,150,,
2026-07-02,2026-06-28,Summer,18,Local / other,144,140,,
2026-07-02,2026-06-28,Summer,1T,Local / other,221,184,,
2026-07-02,2026-06-28,Summer,52,Local / other,129,129,,
2026-07-02,2026-06-28,Summer,9,Local / other,146,137,,
2026-07-02,2026-06-28,Summer,57,Local / other,150,143,,
2026-07-02,2026-06-28,Summer,97,Local / other,121,111,,
2026-07-02,2026-06-28,Summer,88,Local / other,110,110,,
2026-07-02,2026-06-28,Summer,62,Local / other,111,106,,
2026-07-02,2026-06-28,Summer,73,Local / other,110,104,,
2026-07-02,2026-06-28,Summer,90,Local / other,104,99,,
2026-07-02,2026-06-28,Summer,98,Local / other,104,100,,
2026-07-02,2026-06-28,Summer,54,Local / other,111,111,,
2026-07-02,2026-06-28,Summer,NL,Transbay,113,103,,
2026-07-02,2026-06-28,Summer,14,Local / other,108,98,,
2026-07-02,2026-06-28,Summer,12,Local / other,104,101,,
2026-07-02,2026-06-28,Summer,86,Local / other,77,75,,
2026-07-02,2026-06-28,Summer,211,Local / other,78,77,,
2026-07-02,2026-06-28,Summer,F,Transbay,80,80,,
2026-07-02,2026-06-28,Summer,200,Local / other,76,73,,
2026-07-02,2026-06-28,Summer,36,Local / other,78,78,,
2026-07-02,2026-06-28,Summer,72,Local / other,78,72,,
2026-07-02,2026-06-28,Summer,30,Local / other,81,74,,
2026-07-02,2026-06-28,Summer,210,Local / other,69,69,,
2026-07-02,2026-06-28,Summer,45,Local / other,81,70,,
2026-07-02,2026-06-28,Summer,76,Local / other,78,70,,
2026-07-02,2026-06-28,Summer,27,Local / other,78,69,,
2026-07-02,2026-06-28,Summer,74,Local / other,71,67,,
2026-07-02,2026-06-28,Summer,239,Local / other,71,70,,
2026-07-02,2026-06-28,Summer,72M,Local / other,82,76,,
2026-07-02,2026-06-28,Summer,22,Local / other,66,66,,
2026-07-02,2026-06-28,Summer,31,Local / other,66,66,,
2026-07-02,2026-06-28,Summer,60,Local / other,65,65,,
2026-07-02,2026-06-28,Summer,O,Transbay,69,63,,
2026-07-02,2026-06-28,Summer,96,Local / other,67,59,,
2026-07-02,2026-06-28,Summer,70,Local / other,55,55,,
2026-07-02,2026-06-28,Summer,71,Local / other,54,54,,
2026-07-02,2026-06-28,Summer,34,Local / other,50,50,,
2026-07-02,2026-06-28,Summer,35,Local / other,52,52,,
2026-07-02,2026-06-28,Summer,93,Local / other,52,52,,
2026-07-02,2026-06-28,Summer,56,Local / other,50,50,,
2026-07-02,2026-06-28,Summer,72L,Local / other,54,53,,
2026-07-02,2026-06-28,Summer,28,Local / other,51,49,,
2026-07-02,2026-06-28,Summer,65,Local / other,40,40,,
2026-07-02,2026-06-28,Summer,231,Local / other,41,40,,
2026-07-02,2026-06-28,Summer,95,Local / other,42,34,,
2026-07-02,2026-06-28,Summer,41,Local / other,34,33,,
2026-07-02,2026-06-28,Summer,19,Local / other,32,32,,
2026-07-02,2026-06-28,Summer,7,Local / other,34,34,,
2026-07-02,2026-06-28,Summer,281,Local / other,30,30,,
2026-07-02,2026-06-28,Summer,67,Local / other,29,29,,
2026-07-02,2026-06-28,Summer,251,Local / other,27,27,,
2026-07-02,2026-06-28,Summer,46L,Local / other,27,27,,
2026-07-02,2026-06-28,Summer,216,Local / other,28,27,,
2026-07-02,2026-06-28,Summer,800,All Nighter,27,25,,
2026-07-02,2026-06-28,Summer,840,All Nighter,12,12,,
2026-07-02,2026-06-28,Summer,801,All Nighter,11,11,,
2026-07-02,2026-06-28,Summer,805,All Nighter,12,11,,
2026-07-02,2026-06-28,Summer,802,All Nighter,10,10,,
2026-07-02,2026-06-28,Summer,V,Transbay,10,10,,
2026-07-02,2026-06-28,Summer,P,Transbay,16,16,,
2026-07-02,2026-06-28,Summer,851,All Nighter,10,10,,
2026-07-02,2026-06-28,Summer,G,Transbay,10,10,,
2026-07-02,2026-06-28,Summer,J,Transbay,10,10,,
2026-07-02,2026-06-28,Summer,NX,Transbay,9,9,,
2026-07-02,2026-06-28,Summer,FS,Transbay,4,4,,
2026-07-02,2026-06-28,Summer,E,Transbay,8,8,,
2026-07-02,2026-06-28,Summer,NX3,Transbay,7,6,,
2026-07-02,2026-06-28,Summer,703,Early Bird,1,1,,
2026-07-02,2026-06-28,Summer,W,Transbay,9,8,,
2026-07-02,2026-06-28,Summer,U,Transbay,11,0,,
2026-07-02,2026-06-28,Summer,702,Early Bird,1,1,,
2026-07-02,2026-06-28,Summer,L,Transbay,8,8,,
2026-07-02,2026-06-28,Summer,701,Early Bird,2,2,,
2026-07-03,2026-06-28,Summer,1T,Local / other,220,203,,
2026-07-03,2026-06-28,Summer,6,Local / other,151,140,,
2026-07-03,2026-06-28,Summer,57,Local / other,152,149,,
2026-07-03,2026-06-28,Summer,51B,Local / other,140,139,,
2026-07-03,2026-06-28,Summer,40,Local / other,133,131,,
2026-07-03,2026-06-28,Summer,51A,Local / other,132,123,,
2026-07-03,2026-06-28,Summer,9,Local / other,136,131,,
2026-07-03,2026-06-28,Summer,73,Local / other,109,109,,
2026-07-03,2026-06-28,Summer,18,Local / other,107,105,,
2026-07-03,2026-06-28,Summer,88,Local / other,100,100,,
2026-07-03,2026-06-28,Summer,14,Local / other,100,95,,
2026-07-03,2026-06-28,Summer,52,Local / other,92,91,,
2026-07-03,2026-06-28,Summer,62,Local / other,100,86,,
2026-07-03,2026-06-28,Summer,30,Local / other,80,80,,
2026-07-03,2026-06-28,Summer,86,Local / other,78,78,,
2026-07-03,2026-06-28,Summer,F,Transbay,77,77,,
2026-07-03,2026-06-28,Summer,200,Local / other,76,76,,
2026-07-03,2026-06-28,Summer,54,Local / other,74,74,,
2026-07-03,2026-06-28,Summer,72,Local / other,77,73,,
2026-07-03,2026-06-28,Summer,72M,Local / other,82,76,,
2026-07-03,2026-06-28,Summer,36,Local / other,74,74,,
2026-07-03,2026-06-28,Summer,211,Local / other,74,74,,
2026-07-03,2026-06-28,Summer,97,Local / other,71,70,,
2026-07-03,2026-06-28,Summer,NL,Transbay,75,73,,
2026-07-03,2026-06-28,Summer,98,Local / other,66,66,,
2026-07-03,2026-06-28,Summer,90,Local / other,67,67,,
2026-07-03,2026-06-28,Summer,76,Local / other,74,71,,
2026-07-03,2026-06-28,Summer,22,Local / other,66,66,,
2026-07-03,2026-06-28,Summer,45,Local / other,66,66,,
2026-07-03,2026-06-28,Summer,27,Local / other,66,66,,
2026-07-03,2026-06-28,Summer,96,Local / other,66,66,,
2026-07-03,2026-06-28,Summer,31,Local / other,66,66,,
2026-07-03,2026-06-28,Summer,210,Local / other,64,64,,
2026-07-03,2026-06-28,Summer,72L,Local / other,54,53,,
2026-07-03,2026-06-28,Summer,74,Local / other,54,54,,
2026-07-03,2026-06-28,Summer,12,Local / other,74,74,,
2026-07-03,2026-06-28,Summer,28,Local / other,50,50,,
2026-07-03,2026-06-28,Summer,60,Local / other,50,50,,
2026-07-03,2026-06-28,Summer,95,Local / other,42,42,,
2026-07-03,2026-06-28,Summer,231,Local / other,42,42,,
2026-07-03,2026-06-28,Summer,7,Local / other,34,34,,
2026-07-03,2026-06-28,Summer,35,Local / other,34,34,,
2026-07-03,2026-06-28,Summer,34,Local / other,34,34,,
2026-07-03,2026-06-28,Summer,56,Local / other,34,34,,
2026-07-03,2026-06-28,Summer,19,Local / other,32,32,,
2026-07-03,2026-06-28,Summer,93,Local / other,34,34,,
2026-07-03,2026-06-28,Summer,41,Local / other,34,34,,
2026-07-03,2026-06-28,Summer,O,Transbay,34,31,,
2026-07-03,2026-06-28,Summer,239,Local / other,34,33,,
2026-07-03,2026-06-28,Summer,70,Local / other,28,28,,
2026-07-03,2026-06-28,Summer,216,Local / other,28,28,,
2026-07-03,2026-06-28,Summer,71,Local / other,28,27,,
2026-07-03,2026-06-28,Summer,281,Local / other,26,26,,
2026-07-03,2026-06-28,Summer,251,Local / other,28,28,,
2026-07-03,2026-06-28,Summer,800,All Nighter,27,25,,
2026-07-03,2026-06-28,Summer,840,All Nighter,12,10,,
2026-07-03,2026-06-28,Summer,801,All Nighter,11,11,,
2026-07-03,2026-06-28,Summer,851,All Nighter,10,10,,
2026-07-03,2026-06-28,Summer,802,All Nighter,10,10,,
2026-07-03,2026-06-28,Summer,805,All Nighter,12,9,,
2026-07-04,2026-06-28,Summer,6,Local / other,151,150,,
2026-07-04,2026-06-28,Summer,57,Local / other,152,149,,
2026-07-04,2026-06-28,Summer,40,Local / other,133,133,,
2026-07-04,2026-06-28,Summer,51B,Local / other,140,133,,
2026-07-04,2026-06-28,Summer,9,Local / other,136,131,,
2026-07-04,2026-06-28,Summer,73,Local / other,110,110,,
2026-07-04,2026-06-28,Summer,1T,Local / other,220,178,,
2026-07-04,2026-06-28,Summer,51A,Local / other,131,105,,
2026-07-04,2026-06-28,Summer,18,Local / other,107,106,,
2026-07-04,2026-06-28,Summer,62,Local / other,99,95,,
2026-07-04,2026-06-28,Summer,88,Local / other,100,99,,
2026-07-04,2026-06-28,Summer,14,Local / other,100,97,,
2026-07-04,2026-06-28,Summer,52,Local / other,92,92,,
2026-07-04,2026-06-28,Summer,F,Transbay,77,77,,
2026-07-04,2026-06-28,Summer,36,Local / other,74,74,,
2026-07-04,2026-06-28,Summer,86,Local / other,78,78,,
2026-07-04,2026-06-28,Summer,54,Local / other,74,72,,
2026-07-04,2026-06-28,Summer,76,Local / other,74,73,,
2026-07-04,2026-06-28,Summer,211,Local / other,74,74,,
2026-07-04,2026-06-28,Summer,72M,Local / other,82,71,,
2026-07-04,2026-06-28,Summer,30,Local / other,80,71,,
2026-07-04,2026-06-28,Summer,90,Local / other,67,67,,
2026-07-04,2026-06-28,Summer,72,Local / other,77,65,,
2026-07-04,2026-06-28,Summer,200,Local / other,76,72,,
2026-07-04,2026-06-28,Summer,98,Local / other,66,66,,
2026-07-04,2026-06-28,Summer,27,Local / other,66,66,,
2026-07-04,2026-06-28,Summer,45,Local / other,66,66,,
2026-07-04,2026-06-28,Summer,97,Local / other,71,64,,
2026-07-04,2026-06-28,Summer,96,Local / other,66,65,,
2026-07-04,2026-06-28,Summer,210,Local / other,64,64,,
2026-07-04,2026-06-28,Summer,22,Local / other,66,65,,
2026-07-04,2026-06-28,Summer,NL,Transbay,75,62,,
2026-07-04,2026-06-28,Summer,72L,Local / other,54,54,,
2026-07-04,2026-06-28,Summer,31,Local / other,65,58,,
2026-07-04,2026-06-28,Summer,74,Local / other,54,54,,
2026-07-04,2026-06-28,Summer,28,Local / other,50,50,,
2026-07-04,2026-06-28,Summer,12,Local / other,74,71,,
2026-07-04,2026-06-28,Summer,95,Local / other,42,42,,
2026-07-04,2026-06-28,Summer,60,Local / other,50,43,,
2026-07-04,2026-06-28,Summer,35,Local / other,34,34,,
2026-07-04,2026-06-28,Summer,231,Local / other,42,42,,
2026-07-04,2026-06-28,Summer,O,Transbay,34,34,,
2026-07-04,2026-06-28,Summer,7,Local / other,34,34,,
2026-07-04,2026-06-28,Summer,34,Local / other,34,34,,
2026-07-04,2026-06-28,Summer,239,Local / other,34,34,,
2026-07-04,2026-06-28,Summer,93,Local / other,34,34,,
2026-07-04,2026-06-28,Summer,56,Local / other,34,33,,
2026-07-04,2026-06-28,Summer,19,Local / other,32,32,,
2026-07-04,2026-06-28,Summer,41,Local / other,34,34,,
2026-07-04,2026-06-28,Summer,71,Local / other,28,28,,
2026-07-04,2026-06-28,Summer,216,Local / other,28,28,,
2026-07-04,2026-06-28,Summer,70,Local / other,28,26,,
2026-07-04,2026-06-28,Summer,281,Local / other,26,26,,
2026-07-04,2026-06-28,Summer,251,Local / other,28,28,,
2026-07-04,2026-06-28,Summer,800,All Nighter,27,25,,
2026-07-04,2026-06-28,Summer,840,All Nighter,12,12,,
2026-07-04,2026-06-28,Summer,805,All Nighter,12,11,,
2026-07-04,2026-06-28,Summer,802,All Nighter,10,10,,
2026-07-04,2026-06-28,Summer,801,All Nighter,11,10,,
2026-07-04,2026-06-28,Summer,851,All Nighter,10,10,,
2026-07-05,2026-07-05,Summer,6,Local / other,151,145,,
2026-07-05,2026-07-05,Summer,51B,Local / other,140,124,,
2026-07-05,2026-07-05,Summer,57,Local / other,152,132,,
2026-07-05,2026-07-05,Summer,1T,Local / other,220,133,,
2026-07-05,2026-07-05,Summer,51A,Local / other,132,95,,
2026-07-05,2026-07-05,Summer,9,Local / other,136,98,,
2026-07-05,2026-07-05,Summer,52,Local / other,92,92,,
2026-07-05,2026-07-05,Summer,18,Local / other,107,80,,
2026-07-05,2026-07-05,Summer,73,Local / other,109,79,,
2026-07-05,2026-07-05,Summer,88,Local / other,100,80,,
2026-07-05,2026-07-05,Summer,86,Local / other,78,74,,
2026-07-05,2026-07-05,Summer,40,Local / other,133,70,,
2026-07-05,2026-07-05,Summer,F,Transbay,77,69,,
2026-07-05,2026-07-05,Summer,200,Local / other,76,68,,
2026-07-05,2026-07-05,Summer,72M,Local / other,82,63,,
2026-07-05,2026-07-05,Summer,72,Local / other,77,61,,
2026-07-05,2026-07-05,Summer,96,Local / other,66,63,,
2026-07-05,2026-07-05,Summer,97,Local / other,71,60,,
2026-07-05,2026-07-05,Summer,211,Local / other,74,69,,
2026-07-05,2026-07-05,Summer,36,Local / other,74,57,,
2026-07-05,2026-07-05,Summer,98,Local / other,66,56,,
2026-07-05,2026-07-05,Summer,210,Local / other,64,60,,
2026-07-05,2026-07-05,Summer,90,Local / other,67,53,,
2026-07-05,2026-07-05,Summer,22,Local / other,66,51,,
2026-07-05,2026-07-05,Summer,27,Local / other,66,49,,
2026-07-05,2026-07-05,Summer,30,Local / other,80,46,,
2026-07-05,2026-07-05,Summer,76,Local / other,74,47,,
2026-07-05,2026-07-05,Summer,62,Local / other,100,42,,
2026-07-05,2026-07-05,Summer,60,Local / other,50,50,,
2026-07-05,2026-07-05,Summer,14,Local / other,100,47,,
2026-07-05,2026-07-05,Summer,NL,Transbay,75,45,,
2026-07-05,2026-07-05,Summer,12,Local / other,74,68,,
2026-07-05,2026-07-05,Summer,28,Local / other,50,42,,
2026-07-05,2026-07-05,Summer,74,Local / other,54,40,,
2026-07-05,2026-07-05,Summer,95,Local / other,42,40,,
2026-07-05,2026-07-05,Summer,72L,Local / other,54,38,,
2026-07-05,2026-07-05,Summer,231,Local / other,42,40,,
2026-07-05,2026-07-05,Summer,239,Local / other,34,34,,
2026-07-05,2026-07-05,Summer,7,Local / other,34,34,,
2026-07-05,2026-07-05,Summer,93,Local / other,34,31,,
2026-07-05,2026-07-05,Summer,41,Local / other,34,31,,
2026-07-05,2026-07-05,Summer,54,Local / other,74,32,,
2026-07-05,2026-07-05,Summer,56,Local / other,34,29,,
2026-07-05,2026-07-05,Summer,35,Local / other,34,26,,
2026-07-05,2026-07-05,Summer,34,Local / other,34,26,,
2026-07-05,2026-07-05,Summer,281,Local / other,26,26,,
2026-07-05,2026-07-05,Summer,45,Local / other,66,25,,
2026-07-05,2026-07-05,Summer,251,Local / other,28,27,,
2026-07-05,2026-07-05,Summer,70,Local / other,28,20,,
2026-07-05,2026-07-05,Summer,216,Local / other,28,19,,
2026-07-05,2026-07-05,Summer,19,Local / other,32,16,,
2026-07-05,2026-07-05,Summer,800,All Nighter,27,25,,
2026-07-05,2026-07-05,Summer,31,Local / other,66,17,,
2026-07-05,2026-07-05,Summer,71,Local / other,28,15,,
2026-07-05,2026-07-05,Summer,O,Transbay,34,12,,
2026-07-05,2026-07-05,Summer,801,All Nighter,11,11,,
2026-07-05,2026-07-05,Summer,802,All Nighter,10,10,,
2026-07-05,2026-07-05,Summer,851,All Nighter,10,10,,
2026-07-05,2026-07-05,Summer,840,All Nighter,12,7,,
2026-07-05,2026-07-05,Summer,805,All Nighter,12,7,,
2026-07-06,2026-07-05,Summer,6,Local / other,173,171,,
2026-07-06,2026-07-05,Summer,51B,Local / other,173,171,,
2026-07-06,2026-07-05,Summer,40,Local / other,197,169,,
2026-07-06,2026-07-05,Summer,18,Local / other,144,140,,
2026-07-06,2026-07-05,Summer,9,Local / other,146,130,,
2026-07-06,2026-07-05,Summer,57,Local / other,150,147,,
2026-07-06,2026-07-05,Summer,52,Local / other,129,121,,
2026-07-06,2026-07-05,Summer,1T,Local / other,221,177,,
2026-07-06,2026-07-05,Summer,97,Local / other,121,110,,
2026-07-06,2026-07-05,Summer,51A,Local / other,174,106,,
2026-07-06,2026-07-05,Summer,88,Local / other,110,106,,
2026-07-06,2026-07-05,Summer,98,Local / other,104,96,,
2026-07-06,2026-07-05,Summer,90,Local / other,104,94,,
2026-07-06,2026-07-05,Summer,14,Local / other,108,93,,
2026-07-06,2026-07-05,Summer,73,Local / other,110,85,,
2026-07-06,2026-07-05,Summer,54,Local / other,111,106,,
2026-07-06,2026-07-05,Summer,62,Local / other,111,80,,
2026-07-06,2026-07-05,Summer,27,Local / other,78,77,,
2026-07-06,2026-07-05,Summer,200,Local / other,76,76,,
2026-07-06,2026-07-05,Summer,F,Transbay,80,80,,
2026-07-06,2026-07-05,Summer,86,Local / other,77,74,,
2026-07-06,2026-07-05,Summer,36,Local / other,78,78,,
2026-07-06,2026-07-05,Summer,211,Local / other,78,76,,
2026-07-06,2026-07-05,Summer,45,Local / other,81,75,,
2026-07-06,2026-07-05,Summer,210,Local / other,69,69,,
2026-07-06,2026-07-05,Summer,12,Local / other,104,98,,
2026-07-06,2026-07-05,Summer,74,Local / other,71,68,,
2026-07-06,2026-07-05,Summer,96,Local / other,67,67,,
2026-07-06,2026-07-05,Summer,239,Local / other,71,64,,
2026-07-06,2026-07-05,Summer,72,Local / other,78,61,,
2026-07-06,2026-07-05,Summer,31,Local / other,66,60,,
2026-07-06,2026-07-05,Summer,30,Local / other,81,61,,
2026-07-06,2026-07-05,Summer,22,Local / other,66,61,,
2026-07-06,2026-07-05,Summer,NL,Transbay,113,69,,
2026-07-06,2026-07-05,Summer,O,Transbay,69,56,,
2026-07-06,2026-07-05,Summer,56,Local / other,50,50,,
2026-07-06,2026-07-05,Summer,28,Local / other,51,51,,
2026-07-06,2026-07-05,Summer,72M,Local / other,82,56,,
2026-07-06,2026-07-05,Summer,35,Local / other,52,49,,
2026-07-06,2026-07-05,Summer,34,Local / other,50,46,,
2026-07-06,2026-07-05,Summer,60,Local / other,65,48,,
2026-07-06,2026-07-05,Summer,72L,Local / other,54,47,,
2026-07-06,2026-07-05,Summer,71,Local / other,54,46,,
2026-07-06,2026-07-05,Summer,70,Local / other,55,45,,
2026-07-06,2026-07-05,Summer,95,Local / other,42,42,,
2026-07-06,2026-07-05,Summer,93,Local / other,52,39,,
2026-07-06,2026-07-05,Summer,231,Local / other,41,41,,
2026-07-06,2026-07-05,Summer,41,Local / other,34,34,,
2026-07-06,2026-07-05,Summer,65,Local / other,40,36,,
2026-07-06,2026-07-05,Summer,7,Local / other,34,34,,
2026-07-06,2026-07-05,Summer,19,Local / other,32,29,,
2026-07-06,2026-07-05,Summer,281,Local / other,30,30,,
2026-07-06,2026-07-05,Summer,76,Local / other,78,33,,
2026-07-06,2026-07-05,Summer,216,Local / other,28,28,,
2026-07-06,2026-07-05,Summer,46L,Local / other,27,27,,
2026-07-06,2026-07-05,Summer,251,Local / other,27,25,,
2026-07-06,2026-07-05,Summer,67,Local / other,29,26,,
2026-07-06,2026-07-05,Summer,800,All Nighter,27,25,,
2026-07-06,2026-07-05,Summer,840,All Nighter,12,12,,
2026-07-06,2026-07-05,Summer,801,All Nighter,11,11,,
2026-07-06,2026-07-05,Summer,805,All Nighter,12,11,,
2026-07-06,2026-07-05,Summer,802,All Nighter,10,10,,
2026-07-06,2026-07-05,Summer,G,Transbay,10,10,,
2026-07-06,2026-07-05,Summer,J,Transbay,10,10,,
2026-07-06,2026-07-05,Summer,851,All Nighter,10,10,,
2026-07-06,2026-07-05,Summer,P,Transbay,16,16,,
2026-07-06,2026-07-05,Summer,V,Transbay,10,9,,
2026-07-06,2026-07-05,Summer,FS,Transbay,4,4,,
2026-07-06,2026-07-05,Summer,NX3,Transbay,7,6,,
2026-07-06,2026-07-05,Summer,E,Transbay,8,8,,
2026-07-06,2026-07-05,Summer,NX,Transbay,9,6,,
2026-07-06,2026-07-05,Summer,701,Early Bird,2,2,,
2026-07-06,2026-07-05,Summer,703,Early Bird,1,1,,
2026-07-06,2026-07-05,Summer,L,Transbay,8,8,,
2026-07-06,2026-07-05,Summer,W,Transbay,9,7,,
2026-07-06,2026-07-05,Summer,U,Transbay,11,0,,
2026-07-06,2026-07-05,Summer,702,Early Bird,1,1,,
2026-07-07,2026-07-05,Summer,51B,Local / other,173,173,,
2026-07-07,2026-07-05,Summer,6,Local / other,173,144,,
2026-07-07,2026-07-05,Summer,1T,Local / other,221,188,,
2026-07-07,2026-07-05,Summer,40,Local / other,197,136,,
2026-07-07,2026-07-05,Summer,51A,Local / other,174,134,,
2026-07-07,2026-07-05,Summer,52,Local / other,129,127,,
2026-07-07,2026-07-05,Summer,9,Local / other,146,131,,
2026-07-07,2026-07-05,Summer,57,Local / other,150,145,,
2026-07-07,2026-07-05,Summer,18,Local / other,144,124,,
2026-07-07,2026-07-05,Summer,97,Local / other,121,116,,
2026-07-07,2026-07-05,Summer,88,Local / other,110,108,,
2026-07-07,2026-07-05,Summer,98,Local / other,104,104,,
2026-07-07,2026-07-05,Summer,90,Local / other,104,101,,
2026-07-07,2026-07-05,Summer,NL,Transbay,113,108,,
2026-07-07,2026-07-05,Summer,73,Local / other,110,95,,
2026-07-07,2026-07-05,Summer,54,Local / other,111,109,,
2026-07-07,2026-07-05,Summer,14,Local / other,108,98,,
2026-07-07,2026-07-05,Summer,211,Local / other,78,78,,
2026-07-07,2026-07-05,Summer,200,Local / other,76,76,,
2026-07-07,2026-07-05,Summer,86,Local / other,77,77,,
2026-07-07,2026-07-05,Summer,F,Transbay,80,80,,
2026-07-07,2026-07-05,Summer,27,Local / other,78,78,,
2026-07-07,2026-07-05,Summer,12,Local / other,104,103,,
2026-07-07,2026-07-05,Summer,36,Local / other,78,75,,
2026-07-07,2026-07-05,Summer,62,Local / other,111,71,,
2026-07-07,2026-07-05,Summer,45,Local / other,81,69,,
2026-07-07,2026-07-05,Summer,239,Local / other,71,71,,
2026-07-07,2026-07-05,Summer,210,Local / other,69,68,,
2026-07-07,2026-07-05,Summer,74,Local / other,71,66,,
2026-07-07,2026-07-05,Summer,96,Local / other,67,67,,
2026-07-07,2026-07-05,Summer,72,Local / other,78,64,,
2026-07-07,2026-07-05,Summer,22,Local / other,66,66,,
2026-07-07,2026-07-05,Summer,76,Local / other,78,66,,
2026-07-07,2026-07-05,Summer,30,Local / other,81,64,,
2026-07-07,2026-07-05,Summer,72M,Local / other,82,60,,
2026-07-07,2026-07-05,Summer,70,Local / other,55,55,,
2026-07-07,2026-07-05,Summer,O,Transbay,69,57,,
2026-07-07,2026-07-05,Summer,31,Local / other,66,55,,
2026-07-07,2026-07-05,Summer,93,Local / other,52,52,,
2026-07-07,2026-07-05,Summer,34,Local / other,50,50,,
2026-07-07,2026-07-05,Summer,72L,Local / other,54,52,,
2026-07-07,2026-07-05,Summer,56,Local / other,50,50,,
2026-07-07,2026-07-05,Summer,71,Local / other,54,51,,
2026-07-07,2026-07-05,Summer,35,Local / other,52,52,,
2026-07-07,2026-07-05,Summer,28,Local / other,51,51,,
2026-07-07,2026-07-05,Summer,60,Local / other,65,52,,
2026-07-07,2026-07-05,Summer,95,Local / other,42,40,,
2026-07-07,2026-07-05,Summer,65,Local / other,40,40,,
2026-07-07,2026-07-05,Summer,231,Local / other,41,41,,
2026-07-07,2026-07-05,Summer,41,Local / other,34,34,,
2026-07-07,2026-07-05,Summer,19,Local / other,32,32,,
2026-07-07,2026-07-05,Summer,7,Local / other,34,34,,
2026-07-07,2026-07-05,Summer,281,Local / other,30,30,,
2026-07-07,2026-07-05,Summer,67,Local / other,29,29,,
2026-07-07,2026-07-05,Summer,251,Local / other,27,27,,
2026-07-07,2026-07-05,Summer,216,Local / other,28,28,,
2026-07-07,2026-07-05,Summer,46L,Local / other,27,27,,
2026-07-07,2026-07-05,Summer,800,All Nighter,27,25,,
2026-07-07,2026-07-05,Summer,801,All Nighter,11,11,,
2026-07-07,2026-07-05,Summer,802,All Nighter,10,10,,
2026-07-07,2026-07-05,Summer,V,Transbay,10,10,,
2026-07-07,2026-07-05,Summer,G,Transbay,10,10,,
2026-07-07,2026-07-05,Summer,P,Transbay,16,15,,
2026-07-07,2026-07-05,Summer,851,All Nighter,10,10,,
2026-07-07,2026-07-05,Summer,840,All Nighter,12,8,,
2026-07-07,2026-07-05,Summer,J,Transbay,10,9,,
2026-07-07,2026-07-05,Summer,805,All Nighter,12,7,,
2026-07-07,2026-07-05,Summer,NX,Transbay,9,9,,
2026-07-07,2026-07-05,Summer,FS,Transbay,4,4,,
2026-07-07,2026-07-05,Summer,E,Transbay,8,8,,
2026-07-07,2026-07-05,Summer,NX3,Transbay,7,7,,
2026-07-07,2026-07-05,Summer,701,Early Bird,2,2,,
2026-07-07,2026-07-05,Summer,L,Transbay,8,8,,
2026-07-07,2026-07-05,Summer,U,Transbay,11,0,,
2026-07-07,2026-07-05,Summer,703,Early Bird,1,1,,
2026-07-07,2026-07-05,Summer,702,Early Bird,1,1,,
2026-07-07,2026-07-05,Summer,W,Transbay,9,7,,
2026-07-08,2026-07-05,Summer,40,Local / other,197,179,,
2026-07-08,2026-07-05,Summer,6,Local / other,173,168,,
2026-07-08,2026-07-05,Summer,51B,Local / other,173,160,,
2026-07-08,2026-07-05,Summer,51A,Local / other,174,145,,
2026-07-08,2026-07-05,Summer,18,Local / other,144,142,,
2026-07-08,2026-07-05,Summer,1T,Local / other,221,182,,
2026-07-08,2026-07-05,Summer,57,Local / other,150,149,,
2026-07-08,2026-07-05,Summer,52,Local / other,129,122,,
2026-07-08,2026-07-05,Summer,9,Local / other,146,128,,
2026-07-08,2026-07-05,Summer,88,Local / other,110,108,,
2026-07-08,2026-07-05,Summer,97,Local / other,121,107,,
2026-07-08,2026-07-05,Summer,62,Local / other,111,106,,
2026-07-08,2026-07-05,Summer,90,Local / other,104,101,,
2026-07-08,2026-07-05,Summer,98,Local / other,104,102,,
2026-07-08,2026-07-05,Summer,54,Local / other,111,111,,
2026-07-08,2026-07-05,Summer,73,Local / other,110,99,,
2026-07-08,2026-07-05,Summer,NL,Transbay,113,102,,
2026-07-08,2026-07-05,Summer,14,Local / other,108,98,,
2026-07-08,2026-07-05,Summer,86,Local / other,77,77,,
2026-07-08,2026-07-05,Summer,F,Transbay,80,80,,
2026-07-08,2026-07-05,Summer,76,Local / other,78,77,,
2026-07-08,2026-07-05,Summer,36,Local / other,78,78,,
2026-07-08,2026-07-05,Summer,27,Local / other,78,78,,
2026-07-08,2026-07-05,Summer,200,Local / other,76,75,,
2026-07-08,2026-07-05,Summer,12,Local / other,104,103,,
2026-07-08,2026-07-05,Summer,45,Local / other,81,73,,
2026-07-08,2026-07-05,Summer,72,Local / other,78,70,,
2026-07-08,2026-07-05,Summer,210,Local / other,69,64,,
2026-07-08,2026-07-05,Summer,22,Local / other,66,63,,
2026-07-08,2026-07-05,Summer,96,Local / other,67,63,,
2026-07-08,2026-07-05,Summer,60,Local / other,65,65,,
2026-07-08,2026-07-05,Summer,72M,Local / other,82,66,,
2026-07-08,2026-07-05,Summer,211,Local / other,78,58,,
2026-07-08,2026-07-05,Summer,31,Local / other,66,58,,
2026-07-08,2026-07-05,Summer,30,Local / other,81,62,,
2026-07-08,2026-07-05,Summer,74,Local / other,71,55,,
2026-07-08,2026-07-05,Summer,O,Transbay,69,58,,
2026-07-08,2026-07-05,Summer,239,Local / other,71,56,,
2026-07-08,2026-07-05,Summer,72L,Local / other,54,54,,
2026-07-08,2026-07-05,Summer,70,Local / other,55,54,,
2026-07-08,2026-07-05,Summer,93,Local / other,52,52,,
2026-07-08,2026-07-05,Summer,34,Local / other,50,50,,
2026-07-08,2026-07-05,Summer,56,Local / other,50,50,,
2026-07-08,2026-07-05,Summer,71,Local / other,54,52,,
2026-07-08,2026-07-05,Summer,28,Local / other,51,51,,
2026-07-08,2026-07-05,Summer,35,Local / other,52,52,,
2026-07-08,2026-07-05,Summer,95,Local / other,42,42,,
2026-07-08,2026-07-05,Summer,65,Local / other,40,40,,
2026-07-08,2026-07-05,Summer,41,Local / other,34,34,,
2026-07-08,2026-07-05,Summer,19,Local / other,32,32,,
2026-07-08,2026-07-05,Summer,7,Local / other,34,34,,
2026-07-08,2026-07-05,Summer,281,Local / other,30,30,,
2026-07-08,2026-07-05,Summer,67,Local / other,29,28,,
2026-07-08,2026-07-05,Summer,216,Local / other,28,28,,
2026-07-08,2026-07-05,Summer,46L,Local / other,27,27,,
2026-07-08,2026-07-05,Summer,231,Local / other,41,29,,
2026-07-08,2026-07-05,Summer,251,Local / other,27,23,,
2026-07-08,2026-07-05,Summer,800,All Nighter,27,25,,
2026-07-08,2026-07-05,Summer,840,All Nighter,12,12,,
2026-07-08,2026-07-05,Summer,805,All Nighter,12,11,,
2026-07-08,2026-07-05,Summer,802,All Nighter,10,10,,
2026-07-08,2026-07-05,Summer,J,Transbay,10,10,,
2026-07-08,2026-07-05,Summer,801,All Nighter,11,11,,
2026-07-08,2026-07-05,Summer,G,Transbay,10,9,,
2026-07-08,2026-07-05,Summer,P,Transbay,16,16,,
2026-07-08,2026-07-05,Summer,851,All Nighter,10,10,,
2026-07-08,2026-07-05,Summer,V,Transbay,10,10,,
2026-07-08,2026-07-05,Summer,NX,Transbay,9,8,,
2026-07-08,2026-07-05,Summer,FS,Transbay,4,4,,
2026-07-08,2026-07-05,Summer,E,Transbay,8,8,,
2026-07-08,2026-07-05,Summer,NX3,Transbay,7,7,,
2026-07-08,2026-07-05,Summer,701,Early Bird,2,2,,
2026-07-08,2026-07-05,Summer,L,Transbay,8,8,,
2026-07-08,2026-07-05,Summer,W,Transbay,9,9,,
2026-07-08,2026-07-05,Summer,703,Early Bird,1,1,,
2026-07-08,2026-07-05,Summer,U,Transbay,11,0,,
2026-07-08,2026-07-05,Summer,702,Early Bird,1,1,,
2026-07-09,2026-07-05,Summer,6,Local / other,173,167,,
2026-07-09,2026-07-05,Summer,51B,Local / other,173,161,,
2026-07-09,2026-07-05,Summer,40,Local / other,197,157,,
2026-07-09,2026-07-05,Summer,51A,Local / other,174,140,,
2026-07-09,2026-07-05,Summer,18,Local / other,144,133,,
2026-07-09,2026-07-05,Summer,9,Local / other,146,135,,
2026-07-09,2026-07-05,Summer,52,Local / other,129,127,,
2026-07-09,2026-07-05,Summer,57,Local / other,150,137,,
2026-07-09,2026-07-05,Summer,1T,Local / other,221,151,,
2026-07-09,2026-07-05,Summer,97,Local / other,121,112,,
2026-07-09,2026-07-05,Summer,73,Local / other,110,110,,
2026-07-09,2026-07-05,Summer,62,Local / other,111,104,,
2026-07-09,2026-07-05,Summer,54,Local / other,111,111,,
2026-07-09,2026-07-05,Summer,88,Local / other,110,100,,
2026-07-09,2026-07-05,Summer,90,Local / other,104,94,,
2026-07-09,2026-07-05,Summer,14,Local / other,108,96,,
2026-07-09,2026-07-05,Summer,98,Local / other,104,93,,
2026-07-09,2026-07-05,Summer,NL,Transbay,113,96,,
2026-07-09,2026-07-05,Summer,86,Local / other,77,77,,
2026-07-09,2026-07-05,Summer,211,Local / other,78,78,,
2026-07-09,2026-07-05,Summer,36,Local / other,78,78,,
2026-07-09,2026-07-05,Summer,F,Transbay,80,78,,
2026-07-09,2026-07-05,Summer,45,Local / other,81,72,,
2026-07-09,2026-07-05,Summer,200,Local / other,76,68,,
2026-07-09,2026-07-05,Summer,12,Local / other,104,96,,
2026-07-09,2026-07-05,Summer,210,Local / other,69,69,,
2026-07-09,2026-07-05,Summer,76,Local / other,78,72,,
2026-07-09,2026-07-05,Summer,27,Local / other,78,68,,
2026-07-09,2026-07-05,Summer,74,Local / other,71,66,,
2026-07-09,2026-07-05,Summer,96,Local / other,67,67,,
2026-07-09,2026-07-05,Summer,239,Local / other,71,71,,
2026-07-09,2026-07-05,Summer,72,Local / other,78,65,,
2026-07-09,2026-07-05,Summer,30,Local / other,81,66,,
2026-07-09,2026-07-05,Summer,22,Local / other,66,66,,
2026-07-09,2026-07-05,Summer,O,Transbay,69,64,,
2026-07-09,2026-07-05,Summer,72M,Local / other,82,65,,
2026-07-09,2026-07-05,Summer,70,Local / other,55,55,,
2026-07-09,2026-07-05,Summer,31,Local / other,66,52,,
2026-07-09,2026-07-05,Summer,60,Local / other,65,56,,
2026-07-09,2026-07-05,Summer,93,Local / other,52,52,,
2026-07-09,2026-07-05,Summer,56,Local / other,50,50,,
2026-07-09,2026-07-05,Summer,71,Local / other,54,50,,
2026-07-09,2026-07-05,Summer,72L,Local / other,54,49,,
2026-07-09,2026-07-05,Summer,28,Local / other,51,51,,
2026-07-09,2026-07-05,Summer,95,Local / other,42,42,,
2026-07-09,2026-07-05,Summer,35,Local / other,52,44,,
2026-07-09,2026-07-05,Summer,34,Local / other,50,41,,
2026-07-09,2026-07-05,Summer,65,Local / other,40,40,,
2026-07-09,2026-07-05,Summer,41,Local / other,34,34,,
2026-07-09,2026-07-05,Summer,7,Local / other,34,34,,
2026-07-09,2026-07-05,Summer,231,Local / other,41,34,,
2026-07-09,2026-07-05,Summer,19,Local / other,32,32,,
2026-07-09,2026-07-05,Summer,281,Local / other,30,30,,
2026-07-09,2026-07-05,Summer,251,Local / other,27,27,,
2026-07-09,2026-07-05,Summer,216,Local / other,28,28,,
2026-07-09,2026-07-05,Summer,46L,Local / other,27,27,,
2026-07-09,2026-07-05,Summer,67,Local / other,29,22,,
2026-07-09,2026-07-05,Summer,800,All Nighter,27,25,,
2026-07-09,2026-07-05,Summer,840,All Nighter,12,12,,
2026-07-09,2026-07-05,Summer,801,All Nighter,11,11,,
2026-07-09,2026-07-05,Summer,805,All Nighter,12,11,,
2026-07-09,2026-07-05,Summer,802,All Nighter,10,10,,
2026-07-09,2026-07-05,Summer,851,All Nighter,10,10,,
2026-07-09,2026-07-05,Summer,G,Transbay,10,10,,
2026-07-09,2026-07-05,Summer,P,Transbay,16,15,,
2026-07-09,2026-07-05,Summer,V,Transbay,10,10,,
2026-07-09,2026-07-05,Summer,J,Transbay,10,10,,
2026-07-09,2026-07-05,Summer,FS,Transbay,4,4,,
2026-07-09,2026-07-05,Summer,NX3,Transbay,7,7,,
2026-07-09,2026-07-05,Summer,E,Transbay,8,8,,
2026-07-09,2026-07-05,Summer,NX,Transbay,9,7,,
2026-07-09,2026-07-05,Summer,L,Transbay,8,8,,
2026-07-09,2026-07-05,Summer,703,Early Bird,1,1,,
2026-07-09,2026-07-05,Summer,701,Early Bird,2,2,,
2026-07-09,2026-07-05,Summer,U,Transbay,11,0,,
2026-07-09,2026-07-05,Summer,W,Transbay,9,7,,
2026-07-09,2026-07-05,Summer,702,Early Bird,1,1,,
2026-07-10,2026-07-05,Summer,40,Local / other,197,181,,
2026-07-10,2026-07-05,Summer,6,Local / other,173,163,,
2026-07-10,2026-07-05,Summer,51B,Local / other,173,157,,
2026-07-10,2026-07-05,Summer,9,Local / other,146,138,,
2026-07-10,2026-07-05,Summer,51A,Local / other,173,132,,
2026-07-10,2026-07-05,Summer,52,Local / other,129,123,,
2026-07-10,2026-07-05,Summer,18,Local / other,144,126,,
2026-07-10,2026-07-05,Summer,57,Local / other,150,135,,
2026-07-10,2026-07-05,Summer,1T,Local / other,221,146,,
2026-07-10,2026-07-05,Summer,88,Local / other,110,108,,
2026-07-10,2026-07-05,Summer,62,Local / other,111,100,,
2026-07-10,2026-07-05,Summer,73,Local / other,110,98,,
2026-07-10,2026-07-05,Summer,97,Local / other,121,99,,
2026-07-10,2026-07-05,Summer,90,Local / other,104,93,,
2026-07-10,2026-07-05,Summer,98,Local / other,104,90,,
2026-07-10,2026-07-05,Summer,45,Local / other,81,80,,
2026-07-10,2026-07-05,Summer,86,Local / other,77,77,,
2026-07-10,2026-07-05,Summer,27,Local / other,78,78,,
2026-07-10,2026-07-05,Summer,211,Local / other,78,78,,
2026-07-10,2026-07-05,Summer,F,Transbay,80,80,,
2026-07-10,2026-07-05,Summer,36,Local / other,78,73,,
2026-07-10,2026-07-05,Summer,200,Local / other,76,69,,
2026-07-10,2026-07-05,Summer,NL,Transbay,113,80,,
2026-07-10,2026-07-05,Summer,210,Local / other,69,69,,
2026-07-10,2026-07-05,Summer,12,Local / other,104,93,,
2026-07-10,2026-07-05,Summer,239,Local / other,71,71,,
2026-07-10,2026-07-05,Summer,76,Local / other,78,72,,
2026-07-10,2026-07-05,Summer,74,Local / other,71,66,,
2026-07-10,2026-07-05,Summer,54,Local / other,111,79,,
2026-07-10,2026-07-05,Summer,14,Local / other,108,69,,
2026-07-10,2026-07-05,Summer,96,Local / other,67,63,,
2026-07-10,2026-07-05,Summer,72,Local / other,78,59,,
2026-07-10,2026-07-05,Summer,O,Transbay,69,62,,
2026-07-10,2026-07-05,Summer,72M,Local / other,82,64,,
2026-07-10,2026-07-05,Summer,22,Local / other,66,56,,
2026-07-10,2026-07-05,Summer,31,Local / other,66,55,,
2026-07-10,2026-07-05,Summer,30,Local / other,81,57,,
2026-07-10,2026-07-05,Summer,72L,Local / other,54,54,,
2026-07-10,2026-07-05,Summer,56,Local / other,50,50,,
2026-07-10,2026-07-05,Summer,28,Local / other,51,51,,
2026-07-10,2026-07-05,Summer,71,Local / other,54,50,,
2026-07-10,2026-07-05,Summer,70,Local / other,55,47,,
2026-07-10,2026-07-05,Summer,34,Local / other,50,42,,
2026-07-10,2026-07-05,Summer,93,Local / other,52,44,,
2026-07-10,2026-07-05,Summer,95,Local / other,42,40,,
2026-07-10,2026-07-05,Summer,65,Local / other,40,40,,
2026-07-10,2026-07-05,Summer,35,Local / other,52,46,,
2026-07-10,2026-07-05,Summer,60,Local / other,65,37,,
2026-07-10,2026-07-05,Summer,19,Local / other,32,32,,
2026-07-10,2026-07-05,Summer,41,Local / other,34,30,,
2026-07-10,2026-07-05,Summer,251,Local / other,27,27,,
2026-07-10,2026-07-05,Summer,7,Local / other,34,29,,
2026-07-10,2026-07-05,Summer,67,Local / other,29,28,,
2026-07-10,2026-07-05,Summer,281,Local / other,30,26,,
2026-07-10,2026-07-05,Summer,231,Local / other,41,29,,
2026-07-10,2026-07-05,Summer,46L,Local / other,27,24,,
2026-07-10,2026-07-05,Summer,216,Local / other,28,26,,
2026-07-10,2026-07-05,Summer,800,All Nighter,27,25,,
2026-07-10,2026-07-05,Summer,840,All Nighter,12,12,,
2026-07-10,2026-07-05,Summer,801,All Nighter,11,11,,
2026-07-10,2026-07-05,Summer,805,All Nighter,12,11,,
2026-07-10,2026-07-05,Summer,851,All Nighter,10,10,,
2026-07-10,2026-07-05,Summer,802,All Nighter,10,10,,
2026-07-10,2026-07-05,Summer,V,Transbay,10,10,,
2026-07-10,2026-07-05,Summer,G,Transbay,10,10,,
2026-07-10,2026-07-05,Summer,J,Transbay,10,10,,
2026-07-10,2026-07-05,Summer,P,Transbay,16,15,,
2026-07-10,2026-07-05,Summer,NX,Transbay,9,8,,
2026-07-10,2026-07-05,Summer,FS,Transbay,4,3,,
2026-07-10,2026-07-05,Summer,E,Transbay,8,8,,
2026-07-10,2026-07-05,Summer,W,Transbay,9,8,,
2026-07-10,2026-07-05,Summer,NX3,Transbay,7,5,,
2026-07-10,2026-07-05,Summer,U,Transbay,11,0,,
2026-07-10,2026-07-05,Summer,L,Transbay,8,8,,
2026-07-10,2026-07-05,Summer,702,Early Bird,1,1,,
2026-07-10,2026-07-05,Summer,701,Early Bird,2,2,,
2026-07-10,2026-07-05,Summer,703,Early Bird,1,1,,
2026-07-11,2026-07-05,Summer,6,Local / other,151,133,,
2026-07-11,2026-07-05,Summer,57,Local / other,152,130,,
2026-07-11,2026-07-05,Summer,51B,Local / other,140,123,,
2026-07-11,2026-07-05,Summer,73,Local / other,110,110,,
2026-07-11,2026-07-05,Summer,40,Local / other,133,101,,
2026-07-11,2026-07-05,Summer,9,Local / other,136,103,,
2026-07-11,2026-07-05,Summer,1T,Local / other,220,133,,
2026-07-11,2026-07-05,Summer,51A,Local / other,131,88,,
2026-07-11,2026-07-05,Summer,52,Local / other,92,82,,
2026-07-11,2026-07-05,Summer,88,Local / other,100,83,,
2026-07-11,2026-07-05,Summer,14,Local / other,100,81,,
2026-07-11,2026-07-05,Summer,18,Local / other,107,80,,
2026-07-11,2026-07-05,Summer,62,Local / other,99,76,,
2026-07-11,2026-07-05,Summer,F,Transbay,77,77,,
2026-07-11,2026-07-05,Summer,30,Local / other,80,75,,
2026-07-11,2026-07-05,Summer,86,Local / other,78,78,,
2026-07-11,2026-07-05,Summer,54,Local / other,74,70,,
2026-07-11,2026-07-05,Summer,36,Local / other,74,67,,
2026-07-11,2026-07-05,Summer,27,Local / other,66,66,,
2026-07-11,2026-07-05,Summer,211,Local / other,74,72,,
2026-07-11,2026-07-05,Summer,200,Local / other,76,64,,
2026-07-11,2026-07-05,Summer,45,Local / other,66,60,,
2026-07-11,2026-07-05,Summer,97,Local / other,71,59,,
2026-07-11,2026-07-05,Summer,96,Local / other,66,60,,
2026-07-11,2026-07-05,Summer,210,Local / other,64,63,,
2026-07-11,2026-07-05,Summer,NL,Transbay,75,62,,
2026-07-11,2026-07-05,Summer,72,Local / other,77,54,,
2026-07-11,2026-07-05,Summer,72M,Local / other,82,58,,
2026-07-11,2026-07-05,Summer,22,Local / other,66,57,,
2026-07-11,2026-07-05,Summer,72L,Local / other,54,53,,
2026-07-11,2026-07-05,Summer,76,Local / other,74,52,,
2026-07-11,2026-07-05,Summer,98,Local / other,66,47,,
2026-07-11,2026-07-05,Summer,90,Local / other,67,47,,
2026-07-11,2026-07-05,Summer,28,Local / other,50,49,,
2026-07-11,2026-07-05,Summer,74,Local / other,54,46,,
2026-07-11,2026-07-05,Summer,12,Local / other,74,73,,
2026-07-11,2026-07-05,Summer,60,Local / other,50,50,,
2026-07-11,2026-07-05,Summer,31,Local / other,65,45,,
2026-07-11,2026-07-05,Summer,95,Local / other,42,42,,
2026-07-11,2026-07-05,Summer,56,Local / other,34,34,,
2026-07-11,2026-07-05,Summer,O,Transbay,34,34,,
2026-07-11,2026-07-05,Summer,7,Local / other,34,34,,
2026-07-11,2026-07-05,Summer,19,Local / other,32,32,,
2026-07-11,2026-07-05,Summer,41,Local / other,34,34,,
2026-07-11,2026-07-05,Summer,93,Local / other,34,34,,
2026-07-11,2026-07-05,Summer,239,Local / other,34,32,,
2026-07-11,2026-07-05,Summer,35,Local / other,34,31,,
2026-07-11,2026-07-05,Summer,231,Local / other,42,35,,
2026-07-11,2026-07-05,Summer,34,Local / other,34,30,,
2026-07-11,2026-07-05,Summer,71,Local / other,28,27,,
2026-07-11,2026-07-05,Summer,70,Local / other,28,26,,
2026-07-11,2026-07-05,Summer,216,Local / other,28,23,,
2026-07-11,2026-07-05,Summer,281,Local / other,26,21,,
2026-07-11,2026-07-05,Summer,251,Local / other,28,21,,
2026-07-11,2026-07-05,Summer,800,All Nighter,27,25,,
2026-07-11,2026-07-05,Summer,840,All Nighter,12,12,,
2026-07-11,2026-07-05,Summer,805,All Nighter,12,11,,
2026-07-11,2026-07-05,Summer,851,All Nighter,10,10,,
2026-07-11,2026-07-05,Summer,802,All Nighter,10,10,,
2026-07-11,2026-07-05,Summer,801,All Nighter,11,8,,
2026-07-12,2026-07-12,Summer,6,Local / other,151,151,0.0,150.0
2026-07-12,2026-07-12,Summer,51B,Local / other,140,130,0.0,139.0
2026-07-12,2026-07-12,Summer,57,Local / other,152,121,9.0,151.0
2026-07-12,2026-07-12,Summer,1T,Local / other,220,130,31.0,219.0
2026-07-12,2026-07-12,Summer,51A,Local / other,132,114,0.0,131.0
2026-07-12,2026-07-12,Summer,9,Local / other,136,105,12.0,135.0
2026-07-12,2026-07-12,Summer,40,Local / other,133,94,11.0,132.0
2026-07-12,2026-07-12,Summer,62,Local / other,100,87,0.0,99.0
2026-07-12,2026-07-12,Summer,73,Local / other,109,86,5.0,108.0
2026-07-12,2026-07-12,Summer,88,Local / other,100,88,4.0,99.0
2026-07-12,2026-07-12,Summer,14,Local / other,100,87,0.0,99.0
2026-07-12,2026-07-12,Summer,18,Local / other,107,87,6.0,106.0
2026-07-12,2026-07-12,Summer,52,Local / other,92,78,0.0,91.0
2026-07-12,2026-07-12,Summer,36,Local / other,74,74,0.0,73.0
2026-07-12,2026-07-12,Summer,54,Local / other,74,74,0.0,73.0
2026-07-12,2026-07-12,Summer,86,Local / other,78,74,0.0,77.0
2026-07-12,2026-07-12,Summer,200,Local / other,76,68,1.0,75.0
2026-07-12,2026-07-12,Summer,F,Transbay,77,67,0.0,76.0
2026-07-12,2026-07-12,Summer,72M,Local / other,82,71,2.0,81.0
2026-07-12,2026-07-12,Summer,30,Local / other,80,65,0.0,79.0
2026-07-12,2026-07-12,Summer,211,Local / other,74,69,0.0,73.0
2026-07-12,2026-07-12,Summer,72,Local / other,77,58,8.0,76.0
2026-07-12,2026-07-12,Summer,22,Local / other,66,63,0.0,65.0
2026-07-12,2026-07-12,Summer,27,Local / other,66,63,0.0,65.0
2026-07-12,2026-07-12,Summer,97,Local / other,71,59,3.0,70.0
2026-07-12,2026-07-12,Summer,NL,Transbay,75,62,0.0,74.0
2026-07-12,2026-07-12,Summer,31,Local / other,66,63,0.0,65.0
2026-07-12,2026-07-12,Summer,210,Local / other,64,62,0.0,63.0
2026-07-12,2026-07-12,Summer,45,Local / other,66,57,0.0,65.0
2026-07-12,2026-07-12,Summer,90,Local / other,67,51,2.0,66.0
2026-07-12,2026-07-12,Summer,98,Local / other,66,51,2.0,65.0
2026-07-12,2026-07-12,Summer,72L,Local / other,54,49,0.0,53.0
2026-07-12,2026-07-12,Summer,96,Local / other,66,47,0.0,65.0
2026-07-12,2026-07-12,Summer,28,Local / other,50,50,0.0,49.0
2026-07-12,2026-07-12,Summer,74,Local / other,54,46,0.0,53.0
2026-07-12,2026-07-12,Summer,12,Local / other,74,69,0.0,73.0
2026-07-12,2026-07-12,Summer,60,Local / other,50,48,0.0,49.0
2026-07-12,2026-07-12,Summer,95,Local / other,42,42,0.0,41.0
2026-07-12,2026-07-12,Summer,7,Local / other,34,34,0.0,33.0
2026-07-12,2026-07-12,Summer,41,Local / other,34,34,0.0,33.0
2026-07-12,2026-07-12,Summer,231,Local / other,42,36,2.0,41.0
2026-07-12,2026-07-12,Summer,56,Local / other,34,34,0.0,33.0
2026-07-12,2026-07-12,Summer,19,Local / other,32,32,0.0,31.0
2026-07-12,2026-07-12,Summer,76,Local / other,74,36,22.0,73.0
2026-07-12,2026-07-12,Summer,35,Local / other,34,31,0.0,33.0
2026-07-12,2026-07-12,Summer,34,Local / other,34,32,0.0,33.0
2026-07-12,2026-07-12,Summer,70,Local / other,28,28,0.0,27.0
2026-07-12,2026-07-12,Summer,O,Transbay,34,27,0.0,33.0
2026-07-12,2026-07-12,Summer,71,Local / other,28,28,0.0,27.0
2026-07-12,2026-07-12,Summer,281,Local / other,26,26,0.0,25.0
2026-07-12,2026-07-12,Summer,216,Local / other,28,24,0.0,27.0
2026-07-12,2026-07-12,Summer,239,Local / other,34,25,0.0,33.0
2026-07-12,2026-07-12,Summer,251,Local / other,28,26,0.0,27.0
2026-07-12,2026-07-12,Summer,93,Local / other,34,21,6.0,33.0
2026-07-12,2026-07-12,Summer,800,All Nighter,27,25,1.0,26.0
2026-07-12,2026-07-12,Summer,840,All Nighter,12,12,0.0,11.0
2026-07-12,2026-07-12,Summer,801,All Nighter,11,11,0.0,10.0
2026-07-12,2026-07-12,Summer,805,All Nighter,12,11,0.0,11.0
2026-07-12,2026-07-12,Summer,802,All Nighter,10,10,0.0,9.0
2026-07-12,2026-07-12,Summer,851,All Nighter,10,10,0.0,9.0
2026-07-13,2026-07-12,Summer,6,Local / other,173,171,0.0,172.0
2026-07-13,2026-07-12,Summer,51B,Local / other,173,163,1.0,172.0
2026-07-13,2026-07-12,Summer,40,Local / other,197,147,13.0,196.0
2026-07-13,2026-07-12,Summer,1T,Local / other,221,186,7.0,220.0
2026-07-13,2026-07-12,Summer,51A,Local / other,174,141,6.0,173.0
2026-07-13,2026-07-12,Summer,18,Local / other,144,135,0.0,143.0
2026-07-13,2026-07-12,Summer,52,Local / other,129,122,0.0,128.0
2026-07-13,2026-07-12,Summer,57,Local / other,150,142,0.0,149.0
2026-07-13,2026-07-12,Summer,9,Local / other,146,122,0.0,145.0
2026-07-13,2026-07-12,Summer,73,Local / other,110,110,0.0,109.0
2026-07-13,2026-07-12,Summer,97,Local / other,121,107,0.0,120.0
2026-07-13,2026-07-12,Summer,90,Local / other,104,98,0.0,103.0
2026-07-13,2026-07-12,Summer,98,Local / other,104,96,0.0,103.0
2026-07-13,2026-07-12,Summer,14,Local / other,108,99,0.0,107.0
2026-07-13,2026-07-12,Summer,88,Local / other,110,91,0.0,109.0
2026-07-13,2026-07-12,Summer,54,Local / other,111,105,0.0,110.0
2026-07-13,2026-07-12,Summer,NL,Transbay,113,94,4.0,112.0
2026-07-13,2026-07-12,Summer,36,Local / other,78,78,0.0,77.0
2026-07-13,2026-07-12,Summer,F,Transbay,80,80,0.0,79.0
2026-07-13,2026-07-12,Summer,200,Local / other,76,73,0.0,75.0
2026-07-13,2026-07-12,Summer,86,Local / other,77,73,0.0,76.0
2026-07-13,2026-07-12,Summer,27,Local / other,78,72,0.0,77.0
2026-07-13,2026-07-12,Summer,76,Local / other,78,74,0.0,77.0
2026-07-13,2026-07-12,Summer,210,Local / other,69,69,0.0,68.0
2026-07-13,2026-07-12,Summer,30,Local / other,81,73,0.0,80.0
2026-07-13,2026-07-12,Summer,45,Local / other,81,69,4.0,80.0
2026-07-13,2026-07-12,Summer,211,Local / other,78,68,2.0,77.0
2026-07-13,2026-07-12,Summer,239,Local / other,71,69,0.0,70.0
2026-07-13,2026-07-12,Summer,12,Local / other,104,93,2.0,103.0
2026-07-13,2026-07-12,Summer,31,Local / other,66,66,0.0,65.0
2026-07-13,2026-07-12,Summer,22,Local / other,66,66,0.0,65.0
2026-07-13,2026-07-12,Summer,74,Local / other,71,59,1.0,70.0
2026-07-13,2026-07-12,Summer,72,Local / other,78,59,4.0,77.0
2026-07-13,2026-07-12,Summer,96,Local / other,67,61,0.0,66.0
2026-07-13,2026-07-12,Summer,62,Local / other,111,56,35.0,110.0
2026-07-13,2026-07-12,Summer,70,Local / other,55,55,0.0,54.0
2026-07-13,2026-07-12,Summer,O,Transbay,69,60,0.0,68.0
2026-07-13,2026-07-12,Summer,72L,Local / other,54,54,0.0,53.0
2026-07-13,2026-07-12,Summer,93,Local / other,52,52,0.0,51.0
2026-07-13,2026-07-12,Summer,56,Local / other,50,50,0.0,49.0
2026-07-13,2026-07-12,Summer,72M,Local / other,82,60,6.0,81.0
2026-07-13,2026-07-12,Summer,71,Local / other,54,51,0.0,53.0
2026-07-13,2026-07-12,Summer,34,Local / other,50,48,0.0,49.0
2026-07-13,2026-07-12,Summer,60,Local / other,65,50,0.0,64.0
2026-07-13,2026-07-12,Summer,28,Local / other,51,47,1.0,50.0
2026-07-13,2026-07-12,Summer,35,Local / other,52,48,1.0,51.0
2026-07-13,2026-07-12,Summer,95,Local / other,42,42,0.0,41.0
2026-07-13,2026-07-12,Summer,65,Local / other,40,40,0.0,39.0
2026-07-13,2026-07-12,Summer,231,Local / other,41,35,0.0,40.0
2026-07-13,2026-07-12,Summer,7,Local / other,34,34,0.0,33.0
2026-07-13,2026-07-12,Summer,281,Local / other,30,30,0.0,29.0
2026-07-13,2026-07-12,Summer,67,Local / other,29,29,0.0,28.0
2026-07-13,2026-07-12,Summer,251,Local / other,27,27,0.0,26.0
2026-07-13,2026-07-12,Summer,46L,Local / other,27,27,0.0,26.0
2026-07-13,2026-07-12,Summer,216,Local / other,28,28,0.0,27.0
2026-07-13,2026-07-12,Summer,41,Local / other,34,26,0.0,33.0
2026-07-13,2026-07-12,Summer,19,Local / other,32,26,1.0,31.0
2026-07-13,2026-07-12,Summer,800,All Nighter,27,25,1.0,26.0
2026-07-13,2026-07-12,Summer,840,All Nighter,12,12,0.0,11.0
2026-07-13,2026-07-12,Summer,P,Transbay,16,16,0.0,15.0
2026-07-13,2026-07-12,Summer,801,All Nighter,11,11,0.0,10.0
2026-07-13,2026-07-12,Summer,805,All Nighter,12,11,0.0,11.0
2026-07-13,2026-07-12,Summer,802,All Nighter,10,10,0.0,9.0
2026-07-13,2026-07-12,Summer,V,Transbay,10,10,0.0,9.0
2026-07-13,2026-07-12,Summer,J,Transbay,10,9,0.0,9.0
2026-07-13,2026-07-12,Summer,G,Transbay,10,10,0.0,9.0
2026-07-13,2026-07-12,Summer,851,All Nighter,10,10,0.0,9.0
2026-07-13,2026-07-12,Summer,FS,Transbay,4,4,0.0,3.0
2026-07-13,2026-07-12,Summer,E,Transbay,8,8,0.0,7.0
2026-07-13,2026-07-12,Summer,NX,Transbay,9,7,0.0,8.0
2026-07-13,2026-07-12,Summer,NX3,Transbay,7,6,0.0,6.0
2026-07-13,2026-07-12,Summer,L,Transbay,8,8,0.0,7.0
2026-07-13,2026-07-12,Summer,U,Transbay,11,0,9.0,10.0
2026-07-13,2026-07-12,Summer,W,Transbay,9,9,0.0,8.0
2026-07-13,2026-07-12,Summer,701,Early Bird,2,2,0.0,1.0
2026-07-13,2026-07-12,Summer,703,Early Bird,1,1,0.0,0.0
2026-07-13,2026-07-12,Summer,702,Early Bird,1,1,0.0,0.0
2026-07-14,2026-07-12,Summer,40,Local / other,197,179,1.0,196.0
2026-07-14,2026-07-12,Summer,51B,Local / other,173,172,0.0,172.0
2026-07-14,2026-07-12,Summer,6,Local / other,173,167,1.0,172.0
2026-07-14,2026-07-12,Summer,1T,Local / other,221,183,4.0,220.0
2026-07-14,2026-07-12,Summer,51A,Local / other,174,145,6.0,173.0
2026-07-14,2026-07-12,Summer,52,Local / other,129,129,0.0,128.0
2026-07-14,2026-07-12,Summer,57,Local / other,150,146,0.0,149.0
2026-07-14,2026-07-12,Summer,9,Local / other,146,136,0.0,145.0
2026-07-14,2026-07-12,Summer,18,Local / other,144,123,4.0,143.0
2026-07-14,2026-07-12,Summer,73,Local / other,110,110,0.0,109.0
2026-07-14,2026-07-12,Summer,90,Local / other,104,104,0.0,103.0
2026-07-14,2026-07-12,Summer,98,Local / other,104,104,0.0,103.0
2026-07-14,2026-07-12,Summer,88,Local / other,110,100,0.0,109.0
2026-07-14,2026-07-12,Summer,14,Local / other,108,96,0.0,107.0
2026-07-14,2026-07-12,Summer,97,Local / other,121,94,5.0,120.0
2026-07-14,2026-07-12,Summer,NL,Transbay,113,99,0.0,112.0
2026-07-14,2026-07-12,Summer,62,Local / other,111,87,2.0,110.0
2026-07-14,2026-07-12,Summer,54,Local / other,111,111,0.0,110.0
2026-07-14,2026-07-12,Summer,211,Local / other,78,78,0.0,77.0
2026-07-14,2026-07-12,Summer,27,Local / other,78,78,0.0,77.0
2026-07-14,2026-07-12,Summer,86,Local / other,77,75,0.0,76.0
2026-07-14,2026-07-12,Summer,F,Transbay,80,78,0.0,79.0
2026-07-14,2026-07-12,Summer,74,Local / other,71,71,0.0,70.0
2026-07-14,2026-07-12,Summer,200,Local / other,76,68,0.0,75.0
2026-07-14,2026-07-12,Summer,45,Local / other,81,71,0.0,80.0
2026-07-14,2026-07-12,Summer,239,Local / other,71,69,0.0,70.0
2026-07-14,2026-07-12,Summer,12,Local / other,104,91,2.0,103.0
2026-07-14,2026-07-12,Summer,36,Local / other,78,68,0.0,77.0
2026-07-14,2026-07-12,Summer,96,Local / other,67,65,0.0,66.0
2026-07-14,2026-07-12,Summer,22,Local / other,66,66,0.0,65.0
2026-07-14,2026-07-12,Summer,210,Local / other,69,63,0.0,68.0
2026-07-14,2026-07-12,Summer,76,Local / other,78,68,2.0,77.0
2026-07-14,2026-07-12,Summer,31,Local / other,66,63,0.0,65.0
2026-07-14,2026-07-12,Summer,30,Local / other,81,54,4.0,80.0
2026-07-14,2026-07-12,Summer,56,Local / other,50,49,0.0,49.0
2026-07-14,2026-07-12,Summer,72,Local / other,78,50,11.0,77.0
2026-07-14,2026-07-12,Summer,O,Transbay,69,51,3.0,68.0
2026-07-14,2026-07-12,Summer,72L,Local / other,54,48,0.0,53.0
2026-07-14,2026-07-12,Summer,71,Local / other,54,47,0.0,53.0
2026-07-14,2026-07-12,Summer,28,Local / other,51,47,0.0,50.0
2026-07-14,2026-07-12,Summer,70,Local / other,55,46,2.0,54.0
2026-07-14,2026-07-12,Summer,60,Local / other,65,49,1.0,64.0
2026-07-14,2026-07-12,Summer,95,Local / other,42,42,0.0,41.0
2026-07-14,2026-07-12,Summer,35,Local / other,52,44,2.0,51.0
2026-07-14,2026-07-12,Summer,72M,Local / other,82,51,10.0,81.0
2026-07-14,2026-07-12,Summer,34,Local / other,50,39,3.0,49.0
2026-07-14,2026-07-12,Summer,93,Local / other,52,38,0.0,51.0
2026-07-14,2026-07-12,Summer,231,Local / other,41,41,0.0,40.0
2026-07-14,2026-07-12,Summer,65,Local / other,40,37,0.0,39.0
2026-07-14,2026-07-12,Summer,41,Local / other,34,34,0.0,33.0
2026-07-14,2026-07-12,Summer,19,Local / other,32,32,0.0,31.0
2026-07-14,2026-07-12,Summer,7,Local / other,34,34,0.0,33.0
2026-07-14,2026-07-12,Summer,67,Local / other,29,29,0.0,28.0
2026-07-14,2026-07-12,Summer,251,Local / other,27,27,0.0,26.0
2026-07-14,2026-07-12,Summer,46L,Local / other,27,27,0.0,26.0
2026-07-14,2026-07-12,Summer,216,Local / other,28,26,0.0,27.0
2026-07-14,2026-07-12,Summer,281,Local / other,30,24,0.0,29.0
2026-07-14,2026-07-12,Summer,800,All Nighter,27,20,2.0,26.0
2026-07-14,2026-07-12,Summer,801,All Nighter,11,11,0.0,10.0
2026-07-14,2026-07-12,Summer,851,All Nighter,10,10,0.0,9.0
2026-07-14,2026-07-12,Summer,840,All Nighter,12,9,0.0,11.0
2026-07-14,2026-07-12,Summer,802,All Nighter,10,10,0.0,9.0
2026-07-14,2026-07-12,Summer,G,Transbay,10,10,0.0,9.0
2026-07-14,2026-07-12,Summer,V,Transbay,10,10,0.0,9.0
2026-07-14,2026-07-12,Summer,P,Transbay,16,16,0.0,15.0
2026-07-14,2026-07-12,Summer,J,Transbay,10,10,0.0,9.0
2026-07-14,2026-07-12,Summer,805,All Nighter,12,9,1.0,11.0
2026-07-14,2026-07-12,Summer,NX,Transbay,9,9,0.0,8.0
2026-07-14,2026-07-12,Summer,FS,Transbay,4,4,0.0,3.0
2026-07-14,2026-07-12,Summer,E,Transbay,8,8,0.0,7.0
2026-07-14,2026-07-12,Summer,NX3,Transbay,7,7,0.0,6.0
2026-07-14,2026-07-12,Summer,702,Early Bird,1,1,0.0,0.0
2026-07-14,2026-07-12,Summer,W,Transbay,9,8,0.0,8.0
2026-07-14,2026-07-12,Summer,701,Early Bird,2,2,0.0,1.0
2026-07-14,2026-07-12,Summer,U,Transbay,11,0,9.0,10.0
2026-07-14,2026-07-12,Summer,703,Early Bird,1,1,0.0,0.0
2026-07-14,2026-07-12,Summer,L,Transbay,8,8,0.0,7.0
2026-07-15,2026-07-12,Summer,40,Local / other,197,186,1.0,196.0
2026-07-15,2026-07-12,Summer,51A,Local / other,174,164,2.0,173.0
2026-07-15,2026-07-12,Summer,1T,Local / other,221,209,0.0,220.0
2026-07-15,2026-07-12,Summer,51B,Local / other,173,152,0.0,172.0
2026-07-15,2026-07-12,Summer,6,Local / other,173,143,6.0,172.0
2026-07-15,2026-07-12,Summer,18,Local / other,144,144,0.0,143.0
2026-07-15,2026-07-12,Summer,57,Local / other,150,143,0.0,149.0
2026-07-15,2026-07-12,Summer,9,Local / other,146,131,0.0,145.0
2026-07-15,2026-07-12,Summer,52,Local / other,129,123,0.0,128.0
2026-07-15,2026-07-12,Summer,62,Local / other,111,106,0.0,110.0
2026-07-15,2026-07-12,Summer,88,Local / other,110,109,0.0,109.0
2026-07-15,2026-07-12,Summer,73,Local / other,110,104,0.0,109.0
2026-07-15,2026-07-12,Summer,97,Local / other,121,107,0.0,120.0
2026-07-15,2026-07-12,Summer,98,Local / other,104,100,0.0,103.0
2026-07-15,2026-07-12,Summer,14,Local / other,108,102,0.0,107.0
2026-07-15,2026-07-12,Summer,90,Local / other,104,97,0.0,103.0
2026-07-15,2026-07-12,Summer,NL,Transbay,113,105,1.0,112.0
2026-07-15,2026-07-12,Summer,54,Local / other,111,109,0.0,110.0
2026-07-15,2026-07-12,Summer,12,Local / other,104,101,0.0,103.0
2026-07-15,2026-07-12,Summer,27,Local / other,78,77,0.0,77.0
2026-07-15,2026-07-12,Summer,211,Local / other,78,78,0.0,77.0
2026-07-15,2026-07-12,Summer,36,Local / other,78,78,0.0,77.0
2026-07-15,2026-07-12,Summer,86,Local / other,77,77,0.0,76.0
2026-07-15,2026-07-12,Summer,30,Local / other,81,81,0.0,80.0
2026-07-15,2026-07-12,Summer,F,Transbay,80,76,0.0,79.0
2026-07-15,2026-07-12,Summer,200,Local / other,76,69,0.0,75.0
2026-07-15,2026-07-12,Summer,76,Local / other,78,73,0.0,77.0
2026-07-15,2026-07-12,Summer,45,Local / other,81,71,3.0,80.0
2026-07-15,2026-07-12,Summer,74,Local / other,71,68,0.0,70.0
2026-07-15,2026-07-12,Summer,239,Local / other,71,69,0.0,70.0
2026-07-15,2026-07-12,Summer,210,Local / other,69,66,0.0,68.0
2026-07-15,2026-07-12,Summer,96,Local / other,67,66,0.0,66.0
2026-07-15,2026-07-12,Summer,72,Local / other,78,62,4.0,77.0
2026-07-15,2026-07-12,Summer,31,Local / other,66,63,0.0,65.0
2026-07-15,2026-07-12,Summer,22,Local / other,66,60,0.0,65.0
2026-07-15,2026-07-12,Summer,60,Local / other,65,63,0.0,64.0
2026-07-15,2026-07-12,Summer,O,Transbay,69,60,1.0,68.0
2026-07-15,2026-07-12,Summer,72L,Local / other,54,54,0.0,53.0
2026-07-15,2026-07-12,Summer,72M,Local / other,82,58,6.0,81.0
2026-07-15,2026-07-12,Summer,56,Local / other,50,47,0.0,49.0
2026-07-15,2026-07-12,Summer,71,Local / other,54,47,0.0,53.0
2026-07-15,2026-07-12,Summer,28,Local / other,51,46,0.0,50.0
2026-07-15,2026-07-12,Summer,35,Local / other,52,46,0.0,51.0
2026-07-15,2026-07-12,Summer,95,Local / other,42,42,0.0,41.0
2026-07-15,2026-07-12,Summer,34,Local / other,50,41,2.0,49.0
2026-07-15,2026-07-12,Summer,70,Local / other,55,44,0.0,54.0
2026-07-15,2026-07-12,Summer,65,Local / other,40,39,0.0,39.0
2026-07-15,2026-07-12,Summer,231,Local / other,41,41,0.0,40.0
2026-07-15,2026-07-12,Summer,93,Local / other,52,37,2.0,51.0
2026-07-15,2026-07-12,Summer,19,Local / other,32,32,0.0,31.0
2026-07-15,2026-07-12,Summer,7,Local / other,34,34,0.0,33.0
2026-07-15,2026-07-12,Summer,251,Local / other,27,27,0.0,26.0
2026-07-15,2026-07-12,Summer,67,Local / other,29,29,0.0,28.0
2026-07-15,2026-07-12,Summer,46L,Local / other,27,27,0.0,26.0
2026-07-15,2026-07-12,Summer,281,Local / other,30,23,0.0,29.0
2026-07-15,2026-07-12,Summer,216,Local / other,28,23,0.0,27.0
2026-07-15,2026-07-12,Summer,800,All Nighter,27,25,1.0,26.0
2026-07-15,2026-07-12,Summer,41,Local / other,34,17,0.0,33.0
2026-07-15,2026-07-12,Summer,840,All Nighter,12,12,0.0,11.0
2026-07-15,2026-07-12,Summer,801,All Nighter,11,11,0.0,10.0
2026-07-15,2026-07-12,Summer,805,All Nighter,12,11,0.0,11.0
2026-07-15,2026-07-12,Summer,802,All Nighter,10,10,0.0,9.0
2026-07-15,2026-07-12,Summer,G,Transbay,10,10,0.0,9.0
2026-07-15,2026-07-12,Summer,P,Transbay,16,16,0.0,15.0
2026-07-15,2026-07-12,Summer,851,All Nighter,10,10,0.0,9.0
2026-07-15,2026-07-12,Summer,V,Transbay,10,9,0.0,9.0
2026-07-15,2026-07-12,Summer,J,Transbay,10,10,0.0,9.0
2026-07-15,2026-07-12,Summer,NX,Transbay,9,8,0.0,8.0
2026-07-15,2026-07-12,Summer,FS,Transbay,4,4,0.0,3.0
2026-07-15,2026-07-12,Summer,NX3,Transbay,7,7,0.0,6.0
2026-07-15,2026-07-12,Summer,E,Transbay,8,7,0.0,7.0
2026-07-15,2026-07-12,Summer,702,Early Bird,1,1,0.0,0.0
2026-07-15,2026-07-12,Summer,W,Transbay,9,9,0.0,8.0
2026-07-15,2026-07-12,Summer,701,Early Bird,2,2,0.0,1.0
2026-07-15,2026-07-12,Summer,703,Early Bird,1,1,0.0,0.0
2026-07-15,2026-07-12,Summer,L,Transbay,8,8,0.0,7.0
2026-07-15,2026-07-12,Summer,U,Transbay,11,0,9.0,10.0
2026-07-16,2026-07-12,Summer,40,Local / other,197,194,0.0,196.0
2026-07-16,2026-07-12,Summer,6,Local / other,173,171,0.0,172.0
2026-07-16,2026-07-12,Summer,51B,Local / other,173,158,8.0,172.0
2026-07-16,2026-07-12,Summer,1T,Local / other,221,210,2.0,220.0
2026-07-16,2026-07-12,Summer,51A,Local / other,174,154,7.0,173.0
2026-07-16,2026-07-12,Summer,18,Local / other,144,136,0.0,143.0
2026-07-16,2026-07-12,Summer,52,Local / other,129,119,1.0,128.0
2026-07-16,2026-07-12,Summer,9,Local / other,146,122,4.0,145.0
2026-07-16,2026-07-12,Summer,62,Local / other,111,111,0.0,110.0
2026-07-16,2026-07-12,Summer,57,Local / other,150,125,3.0,149.0
2026-07-16,2026-07-12,Summer,88,Local / other,110,103,0.0,109.0
2026-07-16,2026-07-12,Summer,90,Local / other,104,97,0.0,103.0
2026-07-16,2026-07-12,Summer,14,Local / other,108,102,0.0,107.0
2026-07-16,2026-07-12,Summer,97,Local / other,121,99,5.0,120.0
2026-07-16,2026-07-12,Summer,98,Local / other,104,95,2.0,103.0
2026-07-16,2026-07-12,Summer,73,Local / other,110,93,1.0,109.0
2026-07-16,2026-07-12,Summer,54,Local / other,111,111,0.0,110.0
2026-07-16,2026-07-12,Summer,NL,Transbay,113,97,2.0,112.0
2026-07-16,2026-07-12,Summer,86,Local / other,77,76,0.0,76.0
2026-07-16,2026-07-12,Summer,36,Local / other,78,78,0.0,77.0
2026-07-16,2026-07-12,Summer,F,Transbay,80,79,0.0,79.0
2026-07-16,2026-07-12,Summer,27,Local / other,78,78,0.0,77.0
2026-07-16,2026-07-12,Summer,45,Local / other,81,79,0.0,80.0
2026-07-16,2026-07-12,Summer,30,Local / other,81,79,0.0,80.0
2026-07-16,2026-07-12,Summer,211,Local / other,78,71,0.0,77.0
2026-07-16,2026-07-12,Summer,210,Local / other,69,69,0.0,68.0
2026-07-16,2026-07-12,Summer,12,Local / other,104,93,4.0,103.0
2026-07-16,2026-07-12,Summer,76,Local / other,78,68,0.0,77.0
2026-07-16,2026-07-12,Summer,200,Local / other,76,66,4.0,75.0
2026-07-16,2026-07-12,Summer,72,Local / other,78,68,0.0,77.0
2026-07-16,2026-07-12,Summer,31,Local / other,66,66,0.0,65.0
2026-07-16,2026-07-12,Summer,239,Local / other,71,67,0.0,70.0
2026-07-16,2026-07-12,Summer,96,Local / other,67,64,0.0,66.0
2026-07-16,2026-07-12,Summer,22,Local / other,66,66,0.0,65.0
2026-07-16,2026-07-12,Summer,74,Local / other,71,51,5.0,70.0
2026-07-16,2026-07-12,Summer,60,Local / other,65,57,0.0,64.0
2026-07-16,2026-07-12,Summer,56,Local / other,50,50,0.0,49.0
2026-07-16,2026-07-12,Summer,O,Transbay,69,52,5.0,68.0
2026-07-16,2026-07-12,Summer,72M,Local / other,82,64,0.0,81.0
2026-07-16,2026-07-12,Summer,71,Local / other,54,49,0.0,53.0
2026-07-16,2026-07-12,Summer,28,Local / other,51,48,0.0,50.0
2026-07-16,2026-07-12,Summer,34,Local / other,50,44,2.0,49.0
2026-07-16,2026-07-12,Summer,72L,Local / other,54,44,0.0,53.0
2026-07-16,2026-07-12,Summer,95,Local / other,42,42,0.0,41.0
2026-07-16,2026-07-12,Summer,35,Local / other,52,45,1.0,51.0
2026-07-16,2026-07-12,Summer,65,Local / other,40,40,0.0,39.0
2026-07-16,2026-07-12,Summer,93,Local / other,52,39,0.0,51.0
2026-07-16,2026-07-12,Summer,70,Local / other,55,35,9.0,54.0
2026-07-16,2026-07-12,Summer,41,Local / other,34,31,0.0,33.0
2026-07-16,2026-07-12,Summer,7,Local / other,34,34,0.0,33.0
2026-07-16,2026-07-12,Summer,67,Local / other,29,29,0.0,28.0
2026-07-16,2026-07-12,Summer,19,Local / other,32,28,0.0,31.0
2026-07-16,2026-07-12,Summer,281,Local / other,30,28,0.0,29.0
2026-07-16,2026-07-12,Summer,251,Local / other,27,27,0.0,26.0
2026-07-16,2026-07-12,Summer,46L,Local / other,27,27,0.0,26.0
2026-07-16,2026-07-12,Summer,216,Local / other,28,27,0.0,27.0
2026-07-16,2026-07-12,Summer,231,Local / other,41,26,5.0,40.0
2026-07-16,2026-07-12,Summer,800,All Nighter,27,25,1.0,26.0
2026-07-16,2026-07-12,Summer,840,All Nighter,12,12,0.0,11.0
2026-07-16,2026-07-12,Summer,801,All Nighter,11,11,0.0,10.0
2026-07-16,2026-07-12,Summer,805,All Nighter,12,11,0.0,11.0
2026-07-16,2026-07-12,Summer,802,All Nighter,10,10,0.0,9.0
2026-07-16,2026-07-12,Summer,851,All Nighter,10,10,0.0,9.0
2026-07-16,2026-07-12,Summer,G,Transbay,10,10,0.0,9.0
2026-07-16,2026-07-12,Summer,P,Transbay,16,16,0.0,15.0
2026-07-16,2026-07-12,Summer,V,Transbay,10,10,0.0,9.0
2026-07-16,2026-07-12,Summer,J,Transbay,10,10,0.0,9.0
2026-07-16,2026-07-12,Summer,NX,Transbay,9,9,0.0,8.0
2026-07-16,2026-07-12,Summer,FS,Transbay,4,4,0.0,3.0
2026-07-16,2026-07-12,Summer,E,Transbay,8,8,0.0,7.0
2026-07-16,2026-07-12,Summer,NX3,Transbay,7,7,0.0,6.0
2026-07-16,2026-07-12,Summer,W,Transbay,9,6,1.0,8.0
2026-07-16,2026-07-12,Summer,L,Transbay,8,8,0.0,7.0
2026-07-16,2026-07-12,Summer,U,Transbay,11,0,9.0,10.0
2026-07-16,2026-07-12,Summer,701,Early Bird,2,2,0.0,1.0
2026-07-16,2026-07-12,Summer,702,Early Bird,1,1,0.0,0.0
2026-07-16,2026-07-12,Summer,703,Early Bird,1,1,0.0,0.0
2026-07-17,2026-07-12,Summer,40,Local / other,197,188,0.0,196.0
2026-07-17,2026-07-12,Summer,51B,Local / other,173,139,3.0,172.0
2026-07-17,2026-07-12,Summer,6,Local / other,173,140,2.0,172.0
2026-07-17,2026-07-12,Summer,1T,Local / other,221,180,18.0,220.0
2026-07-17,2026-07-12,Summer,51A,Local / other,173,147,6.0,172.0
2026-07-17,2026-07-12,Summer,18,Local / other,144,137,0.0,143.0
2026-07-17,2026-07-12,Summer,52,Local / other,129,129,0.0,128.0
2026-07-17,2026-07-12,Summer,57,Local / other,150,131,0.0,149.0
2026-07-17,2026-07-12,Summer,97,Local / other,121,119,0.0,120.0
2026-07-17,2026-07-12,Summer,73,Local / other,110,106,0.0,109.0
2026-07-17,2026-07-12,Summer,90,Local / other,104,104,0.0,103.0
2026-07-17,2026-07-12,Summer,98,Local / other,104,104,0.0,103.0
2026-07-17,2026-07-12,Summer,88,Local / other,110,104,0.0,109.0
2026-07-17,2026-07-12,Summer,14,Local / other,108,101,0.0,107.0
2026-07-17,2026-07-12,Summer,54,Local / other,111,111,0.0,110.0
2026-07-17,2026-07-12,Summer,NL,Transbay,113,100,0.0,112.0
2026-07-17,2026-07-12,Summer,9,Local / other,146,95,15.0,145.0
2026-07-17,2026-07-12,Summer,62,Local / other,111,77,15.0,110.0
2026-07-17,2026-07-12,Summer,86,Local / other,77,77,0.0,76.0
2026-07-17,2026-07-12,Summer,200,Local / other,76,76,0.0,75.0
2026-07-17,2026-07-12,Summer,F,Transbay,80,77,0.0,79.0
2026-07-17,2026-07-12,Summer,45,Local / other,81,75,0.0,80.0
2026-07-17,2026-07-12,Summer,211,Local / other,78,74,0.0,77.0
2026-07-17,2026-07-12,Summer,36,Local / other,78,73,0.0,77.0
2026-07-17,2026-07-12,Summer,76,Local / other,78,75,0.0,77.0
2026-07-17,2026-07-12,Summer,27,Local / other,78,70,0.0,77.0
2026-07-17,2026-07-12,Summer,210,Local / other,69,69,0.0,68.0
2026-07-17,2026-07-12,Summer,30,Local / other,81,72,1.0,80.0
2026-07-17,2026-07-12,Summer,239,Local / other,71,70,0.0,70.0
2026-07-17,2026-07-12,Summer,12,Local / other,104,87,1.0,103.0
2026-07-17,2026-07-12,Summer,72,Local / other,78,65,2.0,77.0
2026-07-17,2026-07-12,Summer,60,Local / other,65,65,0.0,64.0
2026-07-17,2026-07-12,Summer,22,Local / other,66,63,0.0,65.0
2026-07-17,2026-07-12,Summer,O,Transbay,69,63,0.0,68.0
2026-07-17,2026-07-12,Summer,72M,Local / other,82,65,1.0,81.0
2026-07-17,2026-07-12,Summer,31,Local / other,66,53,3.0,65.0
2026-07-17,2026-07-12,Summer,74,Local / other,71,50,10.0,70.0
2026-07-17,2026-07-12,Summer,72L,Local / other,54,51,0.0,53.0
2026-07-17,2026-07-12,Summer,28,Local / other,51,51,0.0,50.0
2026-07-17,2026-07-12,Summer,71,Local / other,54,51,0.0,53.0
2026-07-17,2026-07-12,Summer,70,Local / other,55,47,2.0,54.0
2026-07-17,2026-07-12,Summer,56,Local / other,50,43,0.0,49.0
2026-07-17,2026-07-12,Summer,96,Local / other,67,45,8.0,66.0
2026-07-17,2026-07-12,Summer,95,Local / other,42,39,0.0,41.0
2026-07-17,2026-07-12,Summer,231,Local / other,41,41,0.0,40.0
2026-07-17,2026-07-12,Summer,65,Local / other,40,40,0.0,39.0
2026-07-17,2026-07-12,Summer,34,Local / other,50,39,1.0,49.0
2026-07-17,2026-07-12,Summer,35,Local / other,52,41,0.0,51.0
2026-07-17,2026-07-12,Summer,93,Local / other,52,38,0.0,51.0
2026-07-17,2026-07-12,Summer,41,Local / other,34,34,0.0,33.0
2026-07-17,2026-07-12,Summer,281,Local / other,30,29,0.0,29.0
2026-07-17,2026-07-12,Summer,67,Local / other,29,29,0.0,28.0
2026-07-17,2026-07-12,Summer,7,Local / other,34,29,3.0,33.0
2026-07-17,2026-07-12,Summer,251,Local / other,27,27,0.0,26.0
2026-07-17,2026-07-12,Summer,46L,Local / other,27,27,0.0,26.0
2026-07-17,2026-07-12,Summer,19,Local / other,32,25,1.0,31.0
2026-07-17,2026-07-12,Summer,216,Local / other,28,25,0.0,27.0
2026-07-17,2026-07-12,Summer,800,All Nighter,27,25,1.0,26.0
2026-07-17,2026-07-12,Summer,840,All Nighter,12,12,0.0,11.0
2026-07-17,2026-07-12,Summer,805,All Nighter,12,11,0.0,11.0
2026-07-17,2026-07-12,Summer,802,All Nighter,10,10,0.0,9.0
2026-07-17,2026-07-12,Summer,801,All Nighter,11,9,0.0,10.0
2026-07-17,2026-07-12,Summer,851,All Nighter,10,10,0.0,9.0
2026-07-17,2026-07-12,Summer,V,Transbay,10,9,0.0,9.0
2026-07-17,2026-07-12,Summer,G,Transbay,10,10,0.0,9.0
2026-07-17,2026-07-12,Summer,NX,Transbay,9,8,0.0,8.0
2026-07-17,2026-07-12,Summer,P,Transbay,16,15,0.0,15.0
2026-07-17,2026-07-12,Summer,J,Transbay,10,8,1.0,9.0
2026-07-17,2026-07-12,Summer,FS,Transbay,4,4,0.0,3.0
2026-07-17,2026-07-12,Summer,NX3,Transbay,7,7,0.0,6.0
2026-07-17,2026-07-12,Summer,E,Transbay,8,7,0.0,7.0
2026-07-17,2026-07-12,Summer,W,Transbay,9,9,0.0,8.0
2026-07-17,2026-07-12,Summer,701,Early Bird,2,0,1.0,1.0
2026-07-17,2026-07-12,Summer,703,Early Bird,1,1,0.0,0.0
2026-07-17,2026-07-12,Summer,702,Early Bird,1,1,0.0,0.0
2026-07-17,2026-07-12,Summer,L,Transbay,8,8,0.0,7.0
2026-07-17,2026-07-12,Summer,U,Transbay,11,0,9.0,10.0
2026-07-18,2026-07-12,Summer,6,Local / other,151,131,0.0,150.0
2026-07-18,2026-07-12,Summer,57,Local / other,152,126,6.0,151.0
2026-07-18,2026-07-12,Summer,40,Local / other,133,118,3.0,132.0
2026-07-18,2026-07-12,Summer,51A,Local / other,131,124,0.0,130.0
2026-07-18,2026-07-12,Summer,1T,Local / other,220,166,23.0,219.0
2026-07-18,2026-07-12,Summer,9,Local / other,136,115,2.0,135.0
2026-07-18,2026-07-12,Summer,62,Local / other,99,96,0.0,98.0
2026-07-18,2026-07-12,Summer,88,Local / other,100,97,0.0,99.0
2026-07-18,2026-07-12,Summer,51B,Local / other,140,95,18.0,139.0
2026-07-18,2026-07-12,Summer,18,Local / other,107,98,0.0,106.0
2026-07-18,2026-07-12,Summer,52,Local / other,92,92,0.0,91.0
2026-07-18,2026-07-12,Summer,14,Local / other,100,93,0.0,99.0
2026-07-18,2026-07-12,Summer,73,Local / other,110,87,0.0,109.0
2026-07-18,2026-07-12,Summer,72,Local / other,77,75,0.0,76.0
2026-07-18,2026-07-12,Summer,F,Transbay,77,74,0.0,76.0
2026-07-18,2026-07-12,Summer,86,Local / other,78,78,0.0,77.0
2026-07-18,2026-07-12,Summer,72M,Local / other,82,78,0.0,81.0
2026-07-18,2026-07-12,Summer,97,Local / other,71,71,0.0,70.0
2026-07-18,2026-07-12,Summer,45,Local / other,66,66,0.0,65.0
2026-07-18,2026-07-12,Summer,30,Local / other,80,71,0.0,79.0
2026-07-18,2026-07-12,Summer,76,Local / other,74,68,0.0,73.0
2026-07-18,2026-07-12,Summer,211,Local / other,74,73,0.0,73.0
2026-07-18,2026-07-12,Summer,96,Local / other,66,66,0.0,65.0
2026-07-18,2026-07-12,Summer,200,Local / other,76,65,1.0,75.0
2026-07-18,2026-07-12,Summer,31,Local / other,65,64,0.0,64.0
2026-07-18,2026-07-12,Summer,36,Local / other,74,59,0.0,73.0
2026-07-18,2026-07-12,Summer,22,Local / other,66,59,0.0,65.0
2026-07-18,2026-07-12,Summer,54,Local / other,74,56,0.0,73.0
2026-07-18,2026-07-12,Summer,210,Local / other,64,60,0.0,63.0
2026-07-18,2026-07-12,Summer,72L,Local / other,54,54,0.0,53.0
2026-07-18,2026-07-12,Summer,74,Local / other,54,54,0.0,53.0
2026-07-18,2026-07-12,Summer,NL,Transbay,75,53,5.0,74.0
2026-07-18,2026-07-12,Summer,60,Local / other,50,50,0.0,49.0
2026-07-18,2026-07-12,Summer,28,Local / other,50,46,0.0,49.0
2026-07-18,2026-07-12,Summer,98,Local / other,66,41,0.0,65.0
2026-07-18,2026-07-12,Summer,27,Local / other,66,43,3.0,65.0
2026-07-18,2026-07-12,Summer,90,Local / other,67,39,0.0,66.0
2026-07-18,2026-07-12,Summer,95,Local / other,42,42,0.0,41.0
2026-07-18,2026-07-12,Summer,12,Local / other,74,56,5.0,73.0
2026-07-18,2026-07-12,Summer,231,Local / other,42,42,0.0,41.0
2026-07-18,2026-07-12,Summer,56,Local / other,34,34,0.0,33.0
2026-07-18,2026-07-12,Summer,O,Transbay,34,34,0.0,33.0
2026-07-18,2026-07-12,Summer,93,Local / other,34,34,0.0,33.0
2026-07-18,2026-07-12,Summer,7,Local / other,34,33,0.0,33.0
2026-07-18,2026-07-12,Summer,41,Local / other,34,34,0.0,33.0
2026-07-18,2026-07-12,Summer,239,Local / other,34,29,0.0,33.0
2026-07-18,2026-07-12,Summer,35,Local / other,34,27,0.0,33.0
2026-07-18,2026-07-12,Summer,70,Local / other,28,28,0.0,27.0
2026-07-18,2026-07-12,Summer,19,Local / other,32,29,0.0,31.0
2026-07-18,2026-07-12,Summer,71,Local / other,28,28,0.0,27.0
2026-07-18,2026-07-12,Summer,216,Local / other,28,28,0.0,27.0
2026-07-18,2026-07-12,Summer,281,Local / other,26,26,0.0,25.0
2026-07-18,2026-07-12,Summer,251,Local / other,28,28,0.0,27.0
2026-07-18,2026-07-12,Summer,34,Local / other,34,26,0.0,33.0
2026-07-18,2026-07-12,Summer,800,All Nighter,27,25,1.0,26.0
2026-07-18,2026-07-12,Summer,801,All Nighter,11,11,0.0,10.0
2026-07-18,2026-07-12,Summer,802,All Nighter,10,10,0.0,9.0
2026-07-18,2026-07-12,Summer,851,All Nighter,10,10,0.0,9.0
2026-07-18,2026-07-12,Summer,840,All Nighter,12,8,0.0,11.0
2026-07-18,2026-07-12,Summer,805,All Nighter,12,7,0.0,11.0
2026-07-19,2026-07-19,Summer,6,Local / other,151,148,0.0,150.0
2026-07-19,2026-07-19,Summer,1T,Local / other,220,167,11.0,219.0
2026-07-19,2026-07-19,Summer,51B,Local / other,140,119,5.0,139.0
2026-07-19,2026-07-19,Summer,40,Local / other,133,113,0.0,132.0
2026-07-19,2026-07-19,Summer,9,Local / other,136,112,5.0,135.0
2026-07-19,2026-07-19,Summer,57,Local / other,152,103,22.0,151.0
2026-07-19,2026-07-19,Summer,52,Local / other,92,92,0.0,91.0
2026-07-19,2026-07-19,Summer,51A,Local / other,132,94,12.0,131.0
2026-07-19,2026-07-19,Summer,14,Local / other,100,88,1.0,99.0
2026-07-19,2026-07-19,Summer,18,Local / other,107,78,3.0,106.0
2026-07-19,2026-07-19,Summer,62,Local / other,100,76,11.0,99.0
2026-07-19,2026-07-19,Summer,30,Local / other,80,77,0.0,79.0
2026-07-19,2026-07-19,Summer,200,Local / other,76,76,0.0,75.0
2026-07-19,2026-07-19,Summer,54,Local / other,74,74,0.0,73.0
2026-07-19,2026-07-19,Summer,88,Local / other,100,71,9.0,99.0
2026-07-19,2026-07-19,Summer,86,Local / other,78,74,0.0,77.0
2026-07-19,2026-07-19,Summer,97,Local / other,71,66,0.0,70.0
2026-07-19,2026-07-19,Summer,96,Local / other,66,66,0.0,65.0
2026-07-19,2026-07-19,Summer,36,Local / other,74,62,0.0,73.0
2026-07-19,2026-07-19,Summer,210,Local / other,64,64,0.0,63.0
2026-07-19,2026-07-19,Summer,22,Local / other,66,61,0.0,65.0
2026-07-19,2026-07-19,Summer,211,Local / other,74,64,3.0,73.0
2026-07-19,2026-07-19,Summer,F,Transbay,77,57,0.0,76.0
2026-07-19,2026-07-19,Summer,45,Local / other,66,57,0.0,65.0
2026-07-19,2026-07-19,Summer,72M,Local / other,82,58,4.0,81.0
2026-07-19,2026-07-19,Summer,72L,Local / other,54,54,0.0,53.0
2026-07-19,2026-07-19,Summer,72,Local / other,77,50,10.0,76.0
2026-07-19,2026-07-19,Summer,NL,Transbay,75,52,10.0,74.0
2026-07-19,2026-07-19,Summer,90,Local / other,67,47,0.0,66.0
2026-07-19,2026-07-19,Summer,98,Local / other,66,45,0.0,65.0
2026-07-19,2026-07-19,Summer,76,Local / other,74,46,14.0,73.0
2026-07-19,2026-07-19,Summer,31,Local / other,66,48,8.0,65.0
2026-07-19,2026-07-19,Summer,27,Local / other,66,44,8.0,65.0
2026-07-19,2026-07-19,Summer,73,Local / other,109,44,40.0,108.0
2026-07-19,2026-07-19,Summer,60,Local / other,50,50,0.0,49.0
2026-07-19,2026-07-19,Summer,28,Local / other,50,41,0.0,49.0
2026-07-19,2026-07-19,Summer,95,Local / other,42,38,2.0,41.0
2026-07-19,2026-07-19,Summer,12,Local / other,74,61,6.0,73.0
2026-07-19,2026-07-19,Summer,74,Local / other,54,35,5.0,53.0
2026-07-19,2026-07-19,Summer,7,Local / other,34,34,0.0,33.0
2026-07-19,2026-07-19,Summer,34,Local / other,34,32,0.0,33.0
2026-07-19,2026-07-19,Summer,239,Local / other,34,34,0.0,33.0
2026-07-19,2026-07-19,Summer,35,Local / other,34,32,0.0,33.0
2026-07-19,2026-07-19,Summer,231,Local / other,42,36,0.0,41.0
2026-07-19,2026-07-19,Summer,19,Local / other,32,32,0.0,31.0
2026-07-19,2026-07-19,Summer,41,Local / other,34,34,0.0,33.0
2026-07-19,2026-07-19,Summer,93,Local / other,34,31,0.0,33.0
2026-07-19,2026-07-19,Summer,56,Local / other,34,30,0.0,33.0
2026-07-19,2026-07-19,Summer,71,Local / other,28,26,0.0,27.0
2026-07-19,2026-07-19,Summer,70,Local / other,28,26,0.0,27.0
2026-07-19,2026-07-19,Summer,281,Local / other,26,26,0.0,25.0
2026-07-19,2026-07-19,Summer,216,Local / other,28,24,0.0,27.0
2026-07-19,2026-07-19,Summer,O,Transbay,34,20,10.0,33.0
2026-07-19,2026-07-19,Summer,251,Local / other,28,25,0.0,27.0
2026-07-19,2026-07-19,Summer,800,All Nighter,27,21,2.0,26.0
2026-07-19,2026-07-19,Summer,851,All Nighter,10,10,0.0,9.0
2026-07-19,2026-07-19,Summer,840,All Nighter,12,9,0.0,11.0
2026-07-19,2026-07-19,Summer,802,All Nighter,10,10,0.0,9.0
2026-07-19,2026-07-19,Summer,801,All Nighter,11,9,0.0,10.0
2026-07-19,2026-07-19,Summer,805,All Nighter,12,8,1.0,11.0
2026-07-20,2026-07-19,Summer,51B,Local / other,173,172,0.0,172.0
2026-07-20,2026-07-19,Summer,40,Local / other,197,161,6.0,196.0
2026-07-20,2026-07-19,Summer,6,Local / other,173,151,0.0,172.0
2026-07-20,2026-07-19,Summer,51A,Local / other,174,146,9.0,173.0
2026-07-20,2026-07-19,Summer,18,Local / other,144,139,0.0,143.0
2026-07-20,2026-07-19,Summer,1T,Local / other,221,187,9.0,220.0
2026-07-20,2026-07-19,Summer,9,Local / other,146,128,2.0,145.0
2026-07-20,2026-07-19,Summer,57,Local / other,150,140,1.0,149.0
2026-07-20,2026-07-19,Summer,52,Local / other,129,125,0.0,128.0
2026-07-20,2026-07-19,Summer,88,Local / other,110,107,0.0,109.0
2026-07-20,2026-07-19,Summer,62,Local / other,111,89,3.0,110.0
2026-07-20,2026-07-19,Summer,73,Local / other,110,91,8.0,109.0
2026-07-20,2026-07-19,Summer,54,Local / other,111,111,0.0,110.0
2026-07-20,2026-07-19,Summer,98,Local / other,104,83,7.0,103.0
2026-07-20,2026-07-19,Summer,90,Local / other,104,82,8.0,103.0
2026-07-20,2026-07-19,Summer,NL,Transbay,113,89,4.0,112.0
2026-07-20,2026-07-19,Summer,86,Local / other,77,77,0.0,76.0
2026-07-20,2026-07-19,Summer,27,Local / other,78,78,0.0,77.0
2026-07-20,2026-07-19,Summer,14,Local / other,108,80,8.0,107.0
2026-07-20,2026-07-19,Summer,36,Local / other,78,78,0.0,77.0
2026-07-20,2026-07-19,Summer,200,Local / other,76,73,0.0,75.0
2026-07-20,2026-07-19,Summer,211,Local / other,78,73,0.0,77.0
2026-07-20,2026-07-19,Summer,12,Local / other,104,103,0.0,103.0
2026-07-20,2026-07-19,Summer,97,Local / other,121,72,14.0,120.0
2026-07-20,2026-07-19,Summer,74,Local / other,71,70,0.0,70.0
2026-07-20,2026-07-19,Summer,210,Local / other,69,69,0.0,68.0
2026-07-20,2026-07-19,Summer,F,Transbay,80,72,0.0,79.0
2026-07-20,2026-07-19,Summer,96,Local / other,67,67,0.0,66.0
2026-07-20,2026-07-19,Summer,72,Local / other,78,65,2.0,77.0
2026-07-20,2026-07-19,Summer,22,Local / other,66,66,0.0,65.0
2026-07-20,2026-07-19,Summer,239,Local / other,71,67,0.0,70.0
2026-07-20,2026-07-19,Summer,45,Local / other,81,60,5.0,80.0
2026-07-20,2026-07-19,Summer,76,Local / other,78,64,0.0,77.0
2026-07-20,2026-07-19,Summer,60,Local / other,65,60,0.0,64.0
2026-07-20,2026-07-19,Summer,30,Local / other,81,60,3.0,80.0
2026-07-20,2026-07-19,Summer,O,Transbay,69,57,4.0,68.0
2026-07-20,2026-07-19,Summer,72L,Local / other,54,54,0.0,53.0
2026-07-20,2026-07-19,Summer,72M,Local / other,82,61,2.0,81.0
2026-07-20,2026-07-19,Summer,56,Local / other,50,50,0.0,49.0
2026-07-20,2026-07-19,Summer,70,Local / other,55,50,0.0,54.0
2026-07-20,2026-07-19,Summer,28,Local / other,51,51,0.0,50.0
2026-07-20,2026-07-19,Summer,31,Local / other,66,50,3.0,65.0
2026-07-20,2026-07-19,Summer,95,Local / other,42,42,0.0,41.0
2026-07-20,2026-07-19,Summer,34,Local / other,50,40,0.0,49.0
2026-07-20,2026-07-19,Summer,35,Local / other,52,44,0.0,51.0
2026-07-20,2026-07-19,Summer,65,Local / other,40,40,0.0,39.0
2026-07-20,2026-07-19,Summer,231,Local / other,41,41,0.0,40.0
2026-07-20,2026-07-19,Summer,93,Local / other,52,38,0.0,51.0
2026-07-20,2026-07-19,Summer,41,Local / other,34,31,0.0,33.0
2026-07-20,2026-07-19,Summer,7,Local / other,34,34,0.0,33.0
2026-07-20,2026-07-19,Summer,281,Local / other,30,29,0.0,29.0
2026-07-20,2026-07-19,Summer,19,Local / other,32,29,0.0,31.0
2026-07-20,2026-07-19,Summer,67,Local / other,29,28,0.0,28.0
2026-07-20,2026-07-19,Summer,71,Local / other,54,27,11.0,53.0
2026-07-20,2026-07-19,Summer,46L,Local / other,27,27,0.0,26.0
2026-07-20,2026-07-19,Summer,216,Local / other,28,27,0.0,27.0
2026-07-20,2026-07-19,Summer,251,Local / other,27,24,0.0,26.0
2026-07-20,2026-07-19,Summer,800,All Nighter,27,25,1.0,26.0
2026-07-20,2026-07-19,Summer,840,All Nighter,12,12,0.0,11.0
2026-07-20,2026-07-19,Summer,805,All Nighter,12,11,0.0,11.0
2026-07-20,2026-07-19,Summer,851,All Nighter,10,10,0.0,9.0
2026-07-20,2026-07-19,Summer,802,All Nighter,10,10,0.0,9.0
2026-07-20,2026-07-19,Summer,G,Transbay,10,9,0.0,9.0
2026-07-20,2026-07-19,Summer,V,Transbay,10,10,0.0,9.0
2026-07-20,2026-07-19,Summer,J,Transbay,10,10,0.0,9.0
2026-07-20,2026-07-19,Summer,P,Transbay,16,16,0.0,15.0
2026-07-20,2026-07-19,Summer,NX,Transbay,9,9,0.0,8.0
2026-07-20,2026-07-19,Summer,801,All Nighter,11,8,0.0,10.0
2026-07-20,2026-07-19,Summer,FS,Transbay,4,4,0.0,3.0
2026-07-20,2026-07-19,Summer,E,Transbay,8,8,0.0,7.0
2026-07-20,2026-07-19,Summer,NX3,Transbay,7,6,0.0,6.0
2026-07-20,2026-07-19,Summer,L,Transbay,8,8,0.0,7.0
2026-07-20,2026-07-19,Summer,701,Early Bird,2,2,0.0,1.0
2026-07-20,2026-07-19,Summer,703,Early Bird,1,1,0.0,0.0
2026-07-20,2026-07-19,Summer,U,Transbay,11,0,9.0,10.0
2026-07-20,2026-07-19,Summer,702,Early Bird,1,1,0.0,0.0
2026-07-20,2026-07-19,Summer,W,Transbay,9,9,0.0,8.0
2026-07-21,2026-07-19,Summer,40,Local / other,197,181,0.0,196.0
2026-07-21,2026-07-19,Summer,6,Local / other,173,173,0.0,172.0
2026-07-21,2026-07-19,Summer,51B,Local / other,173,165,0.0,172.0
2026-07-21,2026-07-19,Summer,51A,Local / other,174,162,1.0,173.0
2026-07-21,2026-07-19,Summer,1T,Local / other,221,178,3.0,220.0
2026-07-21,2026-07-19,Summer,18,Local / other,144,135,1.0,143.0
2026-07-21,2026-07-19,Summer,57,Local / other,150,145,0.0,149.0
2026-07-21,2026-07-19,Summer,52,Local / other,129,124,1.0,128.0
2026-07-21,2026-07-19,Summer,9,Local / other,146,128,1.0,145.0
2026-07-21,2026-07-19,Summer,97,Local / other,121,117,0.0,120.0
2026-07-21,2026-07-19,Summer,88,Local / other,110,110,0.0,109.0
2026-07-21,2026-07-19,Summer,62,Local / other,111,100,0.0,110.0
2026-07-21,2026-07-19,Summer,14,Local / other,108,101,3.0,107.0
2026-07-21,2026-07-19,Summer,73,Local / other,110,88,8.0,109.0
2026-07-21,2026-07-19,Summer,NL,Transbay,113,96,2.0,112.0
2026-07-21,2026-07-19,Summer,98,Local / other,104,81,9.0,103.0
2026-07-21,2026-07-19,Summer,211,Local / other,78,78,0.0,77.0
2026-07-21,2026-07-19,Summer,45,Local / other,81,79,0.0,80.0
2026-07-21,2026-07-19,Summer,90,Local / other,104,75,10.0,103.0
2026-07-21,2026-07-19,Summer,36,Local / other,78,78,0.0,77.0
2026-07-21,2026-07-19,Summer,200,Local / other,76,75,0.0,75.0
2026-07-21,2026-07-19,Summer,30,Local / other,81,80,0.0,80.0
2026-07-21,2026-07-19,Summer,76,Local / other,78,77,0.0,77.0
2026-07-21,2026-07-19,Summer,54,Local / other,111,91,0.0,110.0
2026-07-21,2026-07-19,Summer,F,Transbay,80,76,0.0,79.0
2026-07-21,2026-07-19,Summer,86,Local / other,77,74,0.0,76.0
2026-07-21,2026-07-19,Summer,27,Local / other,78,69,0.0,77.0
2026-07-21,2026-07-19,Summer,12,Local / other,104,101,0.0,103.0
2026-07-21,2026-07-19,Summer,74,Local / other,71,68,0.0,70.0
2026-07-21,2026-07-19,Summer,210,Local / other,69,67,0.0,68.0
2026-07-21,2026-07-19,Summer,22,Local / other,66,66,0.0,65.0
2026-07-21,2026-07-19,Summer,239,Local / other,71,69,1.0,70.0
2026-07-21,2026-07-19,Summer,72,Local / other,78,63,2.0,77.0
2026-07-21,2026-07-19,Summer,96,Local / other,67,63,2.0,66.0
2026-07-21,2026-07-19,Summer,60,Local / other,65,65,0.0,64.0
2026-07-21,2026-07-19,Summer,O,Transbay,69,61,2.0,68.0
2026-07-21,2026-07-19,Summer,72M,Local / other,82,64,2.0,81.0
2026-07-21,2026-07-19,Summer,31,Local / other,66,53,2.0,65.0
2026-07-21,2026-07-19,Summer,34,Local / other,50,46,1.0,49.0
2026-07-21,2026-07-19,Summer,35,Local / other,52,50,0.0,51.0
2026-07-21,2026-07-19,Summer,28,Local / other,51,46,0.0,50.0
2026-07-21,2026-07-19,Summer,56,Local / other,50,43,0.0,49.0
2026-07-21,2026-07-19,Summer,95,Local / other,42,40,0.0,41.0
2026-07-21,2026-07-19,Summer,71,Local / other,54,43,0.0,53.0
2026-07-21,2026-07-19,Summer,72L,Local / other,54,43,0.0,53.0
2026-07-21,2026-07-19,Summer,65,Local / other,40,40,0.0,39.0
2026-07-21,2026-07-19,Summer,231,Local / other,41,41,0.0,40.0
2026-07-21,2026-07-19,Summer,41,Local / other,34,34,0.0,33.0
2026-07-21,2026-07-19,Summer,93,Local / other,52,33,5.0,51.0
2026-07-21,2026-07-19,Summer,7,Local / other,34,34,0.0,33.0
2026-07-21,2026-07-19,Summer,70,Local / other,55,32,9.0,54.0
2026-07-21,2026-07-19,Summer,281,Local / other,30,30,0.0,29.0
2026-07-21,2026-07-19,Summer,67,Local / other,29,29,0.0,28.0
2026-07-21,2026-07-19,Summer,46L,Local / other,27,27,0.0,26.0
2026-07-21,2026-07-19,Summer,216,Local / other,28,28,0.0,27.0
2026-07-21,2026-07-19,Summer,251,Local / other,27,25,0.0,26.0
2026-07-21,2026-07-19,Summer,19,Local / other,32,20,7.0,31.0
2026-07-21,2026-07-19,Summer,800,All Nighter,27,25,1.0,26.0
2026-07-21,2026-07-19,Summer,801,All Nighter,11,11,0.0,10.0
2026-07-21,2026-07-19,Summer,802,All Nighter,10,10,0.0,9.0
2026-07-21,2026-07-19,Summer,840,All Nighter,12,10,0.0,11.0
2026-07-21,2026-07-19,Summer,P,Transbay,16,16,0.0,15.0
2026-07-21,2026-07-19,Summer,851,All Nighter,10,10,0.0,9.0
2026-07-21,2026-07-19,Summer,G,Transbay,10,10,0.0,9.0
2026-07-21,2026-07-19,Summer,805,All Nighter,12,8,0.0,11.0
2026-07-21,2026-07-19,Summer,J,Transbay,10,10,0.0,9.0
2026-07-21,2026-07-19,Summer,NX,Transbay,9,9,0.0,8.0
2026-07-21,2026-07-19,Summer,V,Transbay,10,10,0.0,9.0
2026-07-21,2026-07-19,Summer,FS,Transbay,4,4,0.0,3.0
2026-07-21,2026-07-19,Summer,E,Transbay,8,8,0.0,7.0
2026-07-21,2026-07-19,Summer,NX3,Transbay,7,6,0.0,6.0
2026-07-21,2026-07-19,Summer,703,Early Bird,1,1,0.0,0.0
2026-07-21,2026-07-19,Summer,L,Transbay,8,8,0.0,7.0
2026-07-21,2026-07-19,Summer,U,Transbay,11,0,9.0,10.0
2026-07-21,2026-07-19,Summer,701,Early Bird,2,2,0.0,1.0
2026-07-21,2026-07-19,Summer,W,Transbay,9,9,0.0,8.0
2026-07-21,2026-07-19,Summer,702,Early Bird,1,1,0.0,0.0
2026-07-22,2026-07-19,Summer,40,Local / other,197,184,0.0,196.0
2026-07-22,2026-07-19,Summer,6,Local / other,173,171,0.0,172.0
2026-07-22,2026-07-19,Summer,51B,Local / other,173,167,0.0,172.0
2026-07-22,2026-07-19,Summer,51A,Local / other,174,165,0.0,173.0
2026-07-22,2026-07-19,Summer,18,Local / other,144,142,0.0,143.0
2026-07-22,2026-07-19,Summer,1T,Local / other,221,187,6.0,220.0
2026-07-22,2026-07-19,Summer,57,Local / other,150,147,0.0,149.0
2026-07-22,2026-07-19,Summer,52,Local / other,129,128,0.0,128.0
2026-07-22,2026-07-19,Summer,9,Local / other,146,130,9.0,145.0
2026-07-22,2026-07-19,Summer,97,Local / other,121,113,0.0,120.0
2026-07-22,2026-07-19,Summer,88,Local / other,110,110,0.0,109.0
2026-07-22,2026-07-19,Summer,62,Local / other,111,99,0.0,110.0
2026-07-22,2026-07-19,Summer,NL,Transbay,113,112,0.0,112.0
2026-07-22,2026-07-19,Summer,73,Local / other,110,101,0.0,109.0
2026-07-22,2026-07-19,Summer,98,Local / other,104,98,0.0,103.0
2026-07-22,2026-07-19,Summer,90,Local / other,104,95,0.0,103.0
2026-07-22,2026-07-19,Summer,54,Local / other,111,111,0.0,110.0
2026-07-22,2026-07-19,Summer,14,Local / other,108,94,0.0,107.0
2026-07-22,2026-07-19,Summer,211,Local / other,78,78,0.0,77.0
2026-07-22,2026-07-19,Summer,36,Local / other,78,78,0.0,77.0
2026-07-22,2026-07-19,Summer,27,Local / other,78,78,0.0,77.0
2026-07-22,2026-07-19,Summer,30,Local / other,81,81,0.0,80.0
2026-07-22,2026-07-19,Summer,45,Local / other,81,77,0.0,80.0
2026-07-22,2026-07-19,Summer,86,Local / other,77,72,0.0,76.0
2026-07-22,2026-07-19,Summer,F,Transbay,80,77,0.0,79.0
2026-07-22,2026-07-19,Summer,12,Local / other,104,104,0.0,103.0
2026-07-22,2026-07-19,Summer,200,Local / other,76,67,0.0,75.0
2026-07-22,2026-07-19,Summer,210,Local / other,69,69,0.0,68.0
2026-07-22,2026-07-19,Summer,96,Local / other,67,67,0.0,66.0
2026-07-22,2026-07-19,Summer,74,Local / other,71,63,1.0,70.0
2026-07-22,2026-07-19,Summer,76,Local / other,78,66,0.0,77.0
2026-07-22,2026-07-19,Summer,22,Local / other,66,63,0.0,65.0
2026-07-22,2026-07-19,Summer,O,Transbay,69,62,1.0,68.0
2026-07-22,2026-07-19,Summer,239,Local / other,71,59,1.0,70.0
2026-07-22,2026-07-19,Summer,70,Local / other,55,53,0.0,54.0
2026-07-22,2026-07-19,Summer,56,Local / other,50,50,0.0,49.0
2026-07-22,2026-07-19,Summer,72,Local / other,78,53,8.0,77.0
2026-07-22,2026-07-19,Summer,93,Local / other,52,50,0.0,51.0
2026-07-22,2026-07-19,Summer,28,Local / other,51,51,0.0,50.0
2026-07-22,2026-07-19,Summer,34,Local / other,50,45,1.0,49.0
2026-07-22,2026-07-19,Summer,35,Local / other,52,48,0.0,51.0
2026-07-22,2026-07-19,Summer,95,Local / other,42,42,0.0,41.0
2026-07-22,2026-07-19,Summer,60,Local / other,65,45,7.0,64.0
2026-07-22,2026-07-19,Summer,72M,Local / other,82,50,11.0,81.0
2026-07-22,2026-07-19,Summer,71,Local / other,54,42,0.0,53.0
2026-07-22,2026-07-19,Summer,31,Local / other,66,41,8.0,65.0
2026-07-22,2026-07-19,Summer,65,Local / other,40,40,0.0,39.0
2026-07-22,2026-07-19,Summer,72L,Local / other,54,39,0.0,53.0
2026-07-22,2026-07-19,Summer,7,Local / other,34,34,0.0,33.0
2026-07-22,2026-07-19,Summer,281,Local / other,30,29,0.0,29.0
2026-07-22,2026-07-19,Summer,67,Local / other,29,29,0.0,28.0
2026-07-22,2026-07-19,Summer,231,Local / other,41,30,0.0,40.0
2026-07-22,2026-07-19,Summer,46L,Local / other,27,27,0.0,26.0
2026-07-22,2026-07-19,Summer,41,Local / other,34,26,2.0,33.0
2026-07-22,2026-07-19,Summer,216,Local / other,28,27,0.0,27.0
2026-07-22,2026-07-19,Summer,251,Local / other,27,23,0.0,26.0
2026-07-22,2026-07-19,Summer,19,Local / other,32,20,5.0,31.0
2026-07-22,2026-07-19,Summer,800,All Nighter,27,25,1.0,26.0
2026-07-22,2026-07-19,Summer,840,All Nighter,12,12,0.0,11.0
2026-07-22,2026-07-19,Summer,851,All Nighter,10,10,0.0,9.0
2026-07-22,2026-07-19,Summer,801,All Nighter,11,11,0.0,10.0
2026-07-22,2026-07-19,Summer,805,All Nighter,12,11,0.0,11.0
2026-07-22,2026-07-19,Summer,802,All Nighter,10,10,0.0,9.0
2026-07-22,2026-07-19,Summer,G,Transbay,10,10,0.0,9.0
2026-07-22,2026-07-19,Summer,J,Transbay,10,10,0.0,9.0
2026-07-22,2026-07-19,Summer,P,Transbay,16,16,0.0,15.0
2026-07-22,2026-07-19,Summer,V,Transbay,10,10,0.0,9.0
2026-07-22,2026-07-19,Summer,NX,Transbay,9,9,0.0,8.0
2026-07-22,2026-07-19,Summer,FS,Transbay,4,4,0.0,3.0
2026-07-22,2026-07-19,Summer,NX3,Transbay,7,7,0.0,6.0
2026-07-22,2026-07-19,Summer,E,Transbay,8,8,0.0,7.0
2026-07-22,2026-07-19,Summer,U,Transbay,11,0,9.0,10.0
2026-07-22,2026-07-19,Summer,W,Transbay,9,9,0.0,8.0
2026-07-22,2026-07-19,Summer,L,Transbay,8,7,0.0,7.0
2026-07-22,2026-07-19,Summer,701,Early Bird,2,2,0.0,1.0
2026-07-22,2026-07-19,Summer,703,Early Bird,1,1,0.0,0.0
2026-07-22,2026-07-19,Summer,702,Early Bird,1,1,0.0,0.0
2026-07-23,2026-07-19,Summer,40,Local / other,197,166,4.0,196.0
2026-07-23,2026-07-19,Summer,6,Local / other,173,156,1.0,172.0
2026-07-23,2026-07-19,Summer,51B,Local / other,173,160,0.0,172.0
2026-07-23,2026-07-19,Summer,51A,Local / other,174,153,5.0,173.0
2026-07-23,2026-07-19,Summer,9,Local / other,146,142,0.0,145.0
2026-07-23,2026-07-19,Summer,52,Local / other,129,129,0.0,128.0
2026-07-23,2026-07-19,Summer,57,Local / other,150,144,0.0,149.0
2026-07-23,2026-07-19,Summer,18,Local / other,144,125,1.0,143.0
2026-07-23,2026-07-19,Summer,97,Local / other,121,118,0.0,120.0
2026-07-23,2026-07-19,Summer,1T,Local / other,221,161,25.0,220.0
2026-07-23,2026-07-19,Summer,88,Local / other,110,110,0.0,109.0
2026-07-23,2026-07-19,Summer,73,Local / other,110,96,2.0,109.0
2026-07-23,2026-07-19,Summer,62,Local / other,111,93,4.0,110.0
2026-07-23,2026-07-19,Summer,14,Local / other,108,99,2.0,107.0
2026-07-23,2026-07-19,Summer,90,Local / other,104,90,0.0,103.0
2026-07-23,2026-07-19,Summer,98,Local / other,104,90,0.0,103.0
2026-07-23,2026-07-19,Summer,54,Local / other,111,107,0.0,110.0
2026-07-23,2026-07-19,Summer,12,Local / other,104,104,0.0,103.0
2026-07-23,2026-07-19,Summer,211,Local / other,78,78,0.0,77.0
2026-07-23,2026-07-19,Summer,86,Local / other,77,77,0.0,76.0
2026-07-23,2026-07-19,Summer,27,Local / other,78,78,0.0,77.0
2026-07-23,2026-07-19,Summer,NL,Transbay,113,87,3.0,112.0
2026-07-23,2026-07-19,Summer,36,Local / other,78,78,0.0,77.0
2026-07-23,2026-07-19,Summer,F,Transbay,80,78,0.0,79.0
2026-07-23,2026-07-19,Summer,76,Local / other,78,78,0.0,77.0
2026-07-23,2026-07-19,Summer,30,Local / other,81,77,0.0,80.0
2026-07-23,2026-07-19,Summer,200,Local / other,76,70,0.0,75.0
2026-07-23,2026-07-19,Summer,239,Local / other,71,71,0.0,70.0
2026-07-23,2026-07-19,Summer,210,Local / other,69,66,0.0,68.0
2026-07-23,2026-07-19,Summer,31,Local / other,66,66,0.0,65.0
2026-07-23,2026-07-19,Summer,74,Local / other,71,60,1.0,70.0
2026-07-23,2026-07-19,Summer,96,Local / other,67,64,0.0,66.0
2026-07-23,2026-07-19,Summer,60,Local / other,65,64,0.0,64.0
2026-07-23,2026-07-19,Summer,72,Local / other,78,60,5.0,77.0
2026-07-23,2026-07-19,Summer,34,Local / other,50,50,0.0,49.0
2026-07-23,2026-07-19,Summer,93,Local / other,52,52,0.0,51.0
2026-07-23,2026-07-19,Summer,35,Local / other,52,52,0.0,51.0
2026-07-23,2026-07-19,Summer,O,Transbay,69,54,0.0,68.0
2026-07-23,2026-07-19,Summer,28,Local / other,51,51,0.0,50.0
2026-07-23,2026-07-19,Summer,72M,Local / other,82,57,5.0,81.0
2026-07-23,2026-07-19,Summer,22,Local / other,66,52,5.0,65.0
2026-07-23,2026-07-19,Summer,45,Local / other,81,49,12.0,80.0
2026-07-23,2026-07-19,Summer,95,Local / other,42,41,0.0,41.0
2026-07-23,2026-07-19,Summer,71,Local / other,54,40,0.0,53.0
2026-07-23,2026-07-19,Summer,231,Local / other,41,41,0.0,40.0
2026-07-23,2026-07-19,Summer,72L,Local / other,54,37,0.0,53.0
2026-07-23,2026-07-19,Summer,65,Local / other,40,34,0.0,39.0
2026-07-23,2026-07-19,Summer,70,Local / other,55,35,4.0,54.0
2026-07-23,2026-07-19,Summer,56,Local / other,50,33,0.0,49.0
2026-07-23,2026-07-19,Summer,41,Local / other,34,31,0.0,33.0
2026-07-23,2026-07-19,Summer,7,Local / other,34,33,0.0,33.0
2026-07-23,2026-07-19,Summer,67,Local / other,29,29,0.0,28.0
2026-07-23,2026-07-19,Summer,281,Local / other,30,29,0.0,29.0
2026-07-23,2026-07-19,Summer,251,Local / other,27,27,0.0,26.0
2026-07-23,2026-07-19,Summer,216,Local / other,28,28,0.0,27.0
2026-07-23,2026-07-19,Summer,46L,Local / other,27,27,0.0,26.0
2026-07-23,2026-07-19,Summer,19,Local / other,32,22,6.0,31.0
2026-07-23,2026-07-19,Summer,800,All Nighter,27,25,1.0,26.0
2026-07-23,2026-07-19,Summer,840,All Nighter,12,12,0.0,11.0
2026-07-23,2026-07-19,Summer,801,All Nighter,11,11,0.0,10.0
2026-07-23,2026-07-19,Summer,805,All Nighter,12,11,0.0,11.0
2026-07-23,2026-07-19,Summer,802,All Nighter,10,10,0.0,9.0
2026-07-23,2026-07-19,Summer,G,Transbay,10,9,0.0,9.0
2026-07-23,2026-07-19,Summer,P,Transbay,16,16,0.0,15.0
2026-07-23,2026-07-19,Summer,851,All Nighter,10,10,0.0,9.0
2026-07-23,2026-07-19,Summer,J,Transbay,10,10,0.0,9.0
2026-07-23,2026-07-19,Summer,V,Transbay,10,10,0.0,9.0
2026-07-23,2026-07-19,Summer,NX,Transbay,9,9,0.0,8.0
2026-07-23,2026-07-19,Summer,FS,Transbay,4,4,0.0,3.0
2026-07-23,2026-07-19,Summer,E,Transbay,8,8,0.0,7.0
2026-07-23,2026-07-19,Summer,NX3,Transbay,7,7,0.0,6.0
2026-07-23,2026-07-19,Summer,U,Transbay,11,0,9.0,10.0
2026-07-23,2026-07-19,Summer,703,Early Bird,1,1,0.0,0.0
2026-07-23,2026-07-19,Summer,L,Transbay,8,8,0.0,7.0
2026-07-23,2026-07-19,Summer,701,Early Bird,2,2,0.0,1.0
2026-07-23,2026-07-19,Summer,W,Transbay,9,8,0.0,8.0
2026-07-23,2026-07-19,Summer,702,Early Bird,1,1,0.0,0.0
2026-07-24,2026-07-19,Summer,40,Local / other,197,170,6.0,196.0
2026-07-24,2026-07-19,Summer,6,Local / other,173,168,0.0,172.0
2026-07-24,2026-07-19,Summer,51A,Local / other,173,148,3.0,172.0
2026-07-24,2026-07-19,Summer,51B,Local / other,173,144,9.0,172.0
2026-07-24,2026-07-19,Summer,18,Local / other,144,133,0.0,143.0
2026-07-24,2026-07-19,Summer,52,Local / other,129,124,0.0,128.0
2026-07-24,2026-07-19,Summer,57,Local / other,150,133,2.0,149.0
2026-07-24,2026-07-19,Summer,9,Local / other,146,119,0.0,145.0
2026-07-24,2026-07-19,Summer,88,Local / other,110,104,1.0,109.0
2026-07-24,2026-07-19,Summer,1T,Local / other,221,138,35.0,220.0
2026-07-24,2026-07-19,Summer,14,Local / other,108,97,0.0,107.0
2026-07-24,2026-07-19,Summer,97,Local / other,121,94,9.0,120.0
2026-07-24,2026-07-19,Summer,62,Local / other,111,90,1.0,110.0
2026-07-24,2026-07-19,Summer,54,Local / other,111,111,0.0,110.0
2026-07-24,2026-07-19,Summer,98,Local / other,104,85,1.0,103.0
2026-07-24,2026-07-19,Summer,90,Local / other,104,85,2.0,103.0
2026-07-24,2026-07-19,Summer,73,Local / other,110,82,16.0,109.0
2026-07-24,2026-07-19,Summer,86,Local / other,77,77,0.0,76.0
2026-07-24,2026-07-19,Summer,F,Transbay,80,80,0.0,79.0
2026-07-24,2026-07-19,Summer,12,Local / other,104,90,0.0,103.0
2026-07-24,2026-07-19,Summer,45,Local / other,81,71,0.0,80.0
2026-07-24,2026-07-19,Summer,200,Local / other,76,70,0.0,75.0
2026-07-24,2026-07-19,Summer,76,Local / other,78,76,0.0,77.0
2026-07-24,2026-07-19,Summer,36,Local / other,78,71,0.0,77.0
2026-07-24,2026-07-19,Summer,210,Local / other,69,69,0.0,68.0
2026-07-24,2026-07-19,Summer,27,Local / other,78,71,0.0,77.0
2026-07-24,2026-07-19,Summer,211,Local / other,78,68,0.0,77.0
2026-07-24,2026-07-19,Summer,NL,Transbay,113,78,10.0,112.0
2026-07-24,2026-07-19,Summer,74,Local / other,71,70,0.0,70.0
2026-07-24,2026-07-19,Summer,239,Local / other,71,67,0.0,70.0
2026-07-24,2026-07-19,Summer,22,Local / other,66,64,0.0,65.0
2026-07-24,2026-07-19,Summer,30,Local / other,81,67,0.0,80.0
2026-07-24,2026-07-19,Summer,O,Transbay,69,63,0.0,68.0
2026-07-24,2026-07-19,Summer,72,Local / other,78,55,4.0,77.0
2026-07-24,2026-07-19,Summer,72M,Local / other,82,58,6.0,81.0
2026-07-24,2026-07-19,Summer,93,Local / other,52,52,0.0,51.0
2026-07-24,2026-07-19,Summer,96,Local / other,67,53,6.0,66.0
2026-07-24,2026-07-19,Summer,31,Local / other,66,52,6.0,65.0
2026-07-24,2026-07-19,Summer,72L,Local / other,54,49,0.0,53.0
2026-07-24,2026-07-19,Summer,28,Local / other,51,50,0.0,50.0
2026-07-24,2026-07-19,Summer,56,Local / other,50,47,0.0,49.0
2026-07-24,2026-07-19,Summer,60,Local / other,65,44,1.0,64.0
2026-07-24,2026-07-19,Summer,95,Local / other,42,40,0.0,41.0
2026-07-24,2026-07-19,Summer,71,Local / other,54,40,4.0,53.0
2026-07-24,2026-07-19,Summer,65,Local / other,40,38,0.0,39.0
2026-07-24,2026-07-19,Summer,70,Local / other,55,39,6.0,54.0
2026-07-24,2026-07-19,Summer,34,Local / other,50,34,4.0,49.0
2026-07-24,2026-07-19,Summer,41,Local / other,34,33,0.0,33.0
2026-07-24,2026-07-19,Summer,35,Local / other,52,33,5.0,51.0
2026-07-24,2026-07-19,Summer,19,Local / other,32,32,0.0,31.0
2026-07-24,2026-07-19,Summer,231,Local / other,41,32,0.0,40.0
2026-07-24,2026-07-19,Summer,281,Local / other,30,30,0.0,29.0
2026-07-24,2026-07-19,Summer,67,Local / other,29,29,0.0,28.0
2026-07-24,2026-07-19,Summer,46L,Local / other,27,27,0.0,26.0
2026-07-24,2026-07-19,Summer,216,Local / other,28,27,0.0,27.0
2026-07-24,2026-07-19,Summer,251,Local / other,27,26,0.0,26.0
2026-07-24,2026-07-19,Summer,7,Local / other,34,29,0.0,33.0
2026-07-24,2026-07-19,Summer,800,All Nighter,27,25,1.0,26.0
2026-07-24,2026-07-19,Summer,840,All Nighter,12,12,0.0,11.0
2026-07-24,2026-07-19,Summer,801,All Nighter,11,11,0.0,10.0
2026-07-24,2026-07-19,Summer,805,All Nighter,12,11,0.0,11.0
2026-07-24,2026-07-19,Summer,851,All Nighter,10,10,0.0,9.0
2026-07-24,2026-07-19,Summer,802,All Nighter,10,10,0.0,9.0
2026-07-24,2026-07-19,Summer,G,Transbay,10,10,0.0,9.0
2026-07-24,2026-07-19,Summer,J,Transbay,10,10,0.0,9.0
2026-07-24,2026-07-19,Summer,P,Transbay,16,16,0.0,15.0
2026-07-24,2026-07-19,Summer,V,Transbay,10,9,0.0,9.0
2026-07-24,2026-07-19,Summer,NX,Transbay,9,6,2.0,8.0
2026-07-24,2026-07-19,Summer,FS,Transbay,4,4,0.0,3.0
2026-07-24,2026-07-19,Summer,E,Transbay,8,8,0.0,7.0
2026-07-24,2026-07-19,Summer,NX3,Transbay,7,5,0.0,6.0
2026-07-24,2026-07-19,Summer,W,Transbay,9,7,0.0,8.0
2026-07-24,2026-07-19,Summer,703,Early Bird,1,1,0.0,0.0
2026-07-24,2026-07-19,Summer,701,Early Bird,2,2,0.0,1.0
2026-07-24,2026-07-19,Summer,L,Transbay,8,8,0.0,7.0
2026-07-24,2026-07-19,Summer,702,Early Bird,1,1,0.0,0.0
2026-07-24,2026-07-19,Summer,U,Transbay,11,0,9.0,10.0
2026-07-25,2026-07-19,Summer,57,Local / other,152,142,0.0,151.0
2026-07-25,2026-07-19,Summer,6,Local / other,151,134,0.0,150.0
2026-07-25,2026-07-19,Summer,51B,Local / other,140,120,1.0,139.0
2026-07-25,2026-07-19,Summer,1T,Local / other,220,180,24.0,219.0
2026-07-25,2026-07-19,Summer,88,Local / other,100,100,0.0,99.0
2026-07-25,2026-07-19,Summer,18,Local / other,107,103,1.0,106.0
2026-07-25,2026-07-19,Summer,51A,Local / other,131,94,21.0,130.0
2026-07-25,2026-07-19,Summer,14,Local / other,100,86,2.0,99.0
2026-07-25,2026-07-19,Summer,62,Local / other,99,80,5.0,98.0
2026-07-25,2026-07-19,Summer,73,Local / other,110,82,9.0,109.0
2026-07-25,2026-07-19,Summer,40,Local / other,133,82,24.0,132.0
2026-07-25,2026-07-19,Summer,52,Local / other,92,80,0.0,91.0
2026-07-25,2026-07-19,Summer,9,Local / other,136,89,20.0,135.0
2026-07-25,2026-07-19,Summer,F,Transbay,77,76,0.0,76.0
2026-07-25,2026-07-19,Summer,36,Local / other,74,74,0.0,73.0
2026-07-25,2026-07-19,Summer,NL,Transbay,75,72,0.0,74.0
2026-07-25,2026-07-19,Summer,30,Local / other,80,72,1.0,79.0
2026-07-25,2026-07-19,Summer,45,Local / other,66,66,0.0,65.0
2026-07-25,2026-07-19,Summer,27,Local / other,66,66,0.0,65.0
2026-07-25,2026-07-19,Summer,72,Local / other,77,63,3.0,76.0
2026-07-25,2026-07-19,Summer,211,Local / other,74,69,0.0,73.0
2026-07-25,2026-07-19,Summer,72M,Local / other,82,70,1.0,81.0
2026-07-25,2026-07-19,Summer,98,Local / other,66,60,0.0,65.0
2026-07-25,2026-07-19,Summer,86,Local / other,78,62,0.0,77.0
2026-07-25,2026-07-19,Summer,90,Local / other,67,58,0.0,66.0
2026-07-25,2026-07-19,Summer,54,Local / other,74,57,0.0,73.0
2026-07-25,2026-07-19,Summer,96,Local / other,66,59,0.0,65.0
2026-07-25,2026-07-19,Summer,22,Local / other,66,59,2.0,65.0
2026-07-25,2026-07-19,Summer,76,Local / other,74,58,3.0,73.0
2026-07-25,2026-07-19,Summer,31,Local / other,65,52,0.0,64.0
2026-07-25,2026-07-19,Summer,210,Local / other,64,52,2.0,63.0
2026-07-25,2026-07-19,Summer,12,Local / other,74,68,0.0,73.0
2026-07-25,2026-07-19,Summer,74,Local / other,54,46,2.0,53.0
2026-07-25,2026-07-19,Summer,97,Local / other,71,48,0.0,70.0
2026-07-25,2026-07-19,Summer,200,Local / other,76,45,16.0,75.0
2026-07-25,2026-07-19,Summer,60,Local / other,50,49,0.0,49.0
2026-07-25,2026-07-19,Summer,72L,Local / other,54,37,8.0,53.0
2026-07-25,2026-07-19,Summer,28,Local / other,50,42,0.0,49.0
2026-07-25,2026-07-19,Summer,7,Local / other,34,34,0.0,33.0
2026-07-25,2026-07-19,Summer,19,Local / other,32,32,0.0,31.0
2026-07-25,2026-07-19,Summer,95,Local / other,42,34,0.0,41.0
2026-07-25,2026-07-19,Summer,93,Local / other,34,34,0.0,33.0
2026-07-25,2026-07-19,Summer,O,Transbay,34,30,0.0,33.0
2026-07-25,2026-07-19,Summer,41,Local / other,34,31,0.0,33.0
2026-07-25,2026-07-19,Summer,56,Local / other,34,28,1.0,33.0
2026-07-25,2026-07-19,Summer,70,Local / other,28,26,0.0,27.0
2026-07-25,2026-07-19,Summer,71,Local / other,28,26,0.0,27.0
2026-07-25,2026-07-19,Summer,231,Local / other,42,28,2.0,41.0
2026-07-25,2026-07-19,Summer,281,Local / other,26,26,0.0,25.0
2026-07-25,2026-07-19,Summer,34,Local / other,34,23,6.0,33.0
2026-07-25,2026-07-19,Summer,216,Local / other,28,24,0.0,27.0
2026-07-25,2026-07-19,Summer,239,Local / other,34,23,9.0,33.0
2026-07-25,2026-07-19,Summer,35,Local / other,34,21,7.0,33.0
2026-07-25,2026-07-19,Summer,251,Local / other,28,20,2.0,27.0
2026-07-25,2026-07-19,Summer,800,All Nighter,27,23,1.0,26.0
2026-07-25,2026-07-19,Summer,840,All Nighter,12,12,0.0,11.0
2026-07-25,2026-07-19,Summer,801,All Nighter,11,11,0.0,10.0
2026-07-25,2026-07-19,Summer,805,All Nighter,12,11,0.0,11.0
2026-07-25,2026-07-19,Summer,802,All Nighter,10,10,0.0,9.0
2026-07-25,2026-07-19,Summer,851,All Nighter,10,10,0.0,9.0
2026-07-26,2026-07-26,Summer,6,Local / other,151,132,1.0,150.0
2026-07-26,2026-07-26,Summer,57,Local / other,152,133,3.0,151.0
2026-07-26,2026-07-26,Summer,51B,Local / other,140,127,0.0,139.0
2026-07-26,2026-07-26,Summer,40,Local / other,133,118,2.0,132.0
2026-07-26,2026-07-26,Summer,1T,Local / other,220,142,27.0,219.0
2026-07-26,2026-07-26,Summer,18,Local / other,107,106,0.0,106.0
2026-07-26,2026-07-26,Summer,51A,Local / other,132,103,13.0,131.0
2026-07-26,2026-07-26,Summer,62,Local / other,100,91,0.0,99.0
2026-07-26,2026-07-26,Summer,14,Local / other,100,91,0.0,99.0
2026-07-26,2026-07-26,Summer,52,Local / other,92,89,0.0,91.0
2026-07-26,2026-07-26,Summer,88,Local / other,100,86,1.0,99.0
2026-07-26,2026-07-26,Summer,9,Local / other,136,88,16.0,135.0
2026-07-26,2026-07-26,Summer,30,Local / other,80,80,0.0,79.0
2026-07-26,2026-07-26,Summer,73,Local / other,109,80,2.0,108.0
2026-07-26,2026-07-26,Summer,F,Transbay,77,77,0.0,76.0
2026-07-26,2026-07-26,Summer,54,Local / other,74,74,0.0,73.0
2026-07-26,2026-07-26,Summer,86,Local / other,78,72,0.0,77.0
2026-07-26,2026-07-26,Summer,45,Local / other,66,66,0.0,65.0
2026-07-26,2026-07-26,Summer,211,Local / other,74,69,0.0,73.0
2026-07-26,2026-07-26,Summer,210,Local / other,64,64,0.0,63.0
2026-07-26,2026-07-26,Summer,200,Local / other,76,58,2.0,75.0
2026-07-26,2026-07-26,Summer,36,Local / other,74,56,3.0,73.0
2026-07-26,2026-07-26,Summer,27,Local / other,66,59,0.0,65.0
2026-07-26,2026-07-26,Summer,31,Local / other,66,60,0.0,65.0
2026-07-26,2026-07-26,Summer,22,Local / other,66,55,0.0,65.0
2026-07-26,2026-07-26,Summer,72M,Local / other,82,58,8.0,81.0
2026-07-26,2026-07-26,Summer,97,Local / other,71,53,1.0,70.0
2026-07-26,2026-07-26,Summer,72,Local / other,77,49,12.0,76.0
2026-07-26,2026-07-26,Summer,98,Local / other,66,48,6.0,65.0
2026-07-26,2026-07-26,Summer,90,Local / other,67,46,7.0,66.0
2026-07-26,2026-07-26,Summer,NL,Transbay,75,49,8.0,74.0
2026-07-26,2026-07-26,Summer,76,Local / other,74,47,14.0,73.0
2026-07-26,2026-07-26,Summer,12,Local / other,74,67,0.0,73.0
2026-07-26,2026-07-26,Summer,72L,Local / other,54,44,1.0,53.0
2026-07-26,2026-07-26,Summer,96,Local / other,66,42,10.0,65.0
2026-07-26,2026-07-26,Summer,95,Local / other,42,38,0.0,41.0
2026-07-26,2026-07-26,Summer,28,Local / other,50,44,0.0,49.0
2026-07-26,2026-07-26,Summer,60,Local / other,50,42,0.0,49.0
2026-07-26,2026-07-26,Summer,74,Local / other,54,37,4.0,53.0
2026-07-26,2026-07-26,Summer,7,Local / other,34,34,0.0,33.0
2026-07-26,2026-07-26,Summer,O,Transbay,34,34,0.0,33.0
2026-07-26,2026-07-26,Summer,19,Local / other,32,32,0.0,31.0
2026-07-26,2026-07-26,Summer,239,Local / other,34,34,0.0,33.0
2026-07-26,2026-07-26,Summer,231,Local / other,42,35,0.0,41.0
2026-07-26,2026-07-26,Summer,56,Local / other,34,34,0.0,33.0
2026-07-26,2026-07-26,Summer,93,Local / other,34,34,0.0,33.0
2026-07-26,2026-07-26,Summer,35,Local / other,34,28,0.0,33.0
2026-07-26,2026-07-26,Summer,41,Local / other,34,29,0.0,33.0
2026-07-26,2026-07-26,Summer,71,Local / other,28,27,0.0,27.0
2026-07-26,2026-07-26,Summer,34,Local / other,34,29,0.0,33.0
2026-07-26,2026-07-26,Summer,70,Local / other,28,24,0.0,27.0
2026-07-26,2026-07-26,Summer,216,Local / other,28,23,0.0,27.0
2026-07-26,2026-07-26,Summer,251,Local / other,28,25,0.0,27.0
2026-07-26,2026-07-26,Summer,281,Local / other,26,17,0.0,25.0
2026-07-26,2026-07-26,Summer,800,All Nighter,27,19,4.0,26.0
2026-07-26,2026-07-26,Summer,801,All Nighter,11,11,0.0,10.0
2026-07-26,2026-07-26,Summer,802,All Nighter,10,10,0.0,9.0
2026-07-26,2026-07-26,Summer,851,All Nighter,10,10,0.0,9.0
2026-07-26,2026-07-26,Summer,840,All Nighter,12,8,0.0,11.0
2026-07-26,2026-07-26,Summer,805,All Nighter,12,8,0.0,11.0
2026-07-27,2026-07-26,Summer,40,Local / other,197,182,0.0,196.0
2026-07-27,2026-07-26,Summer,51A,Local / other,174,165,2.0,173.0
2026-07-27,2026-07-26,Summer,6,Local / other,173,152,5.0,172.0
2026-07-27,2026-07-26,Summer,51B,Local / other,173,151,4.0,172.0
2026-07-27,2026-07-26,Summer,18,Local / other,144,141,0.0,143.0
2026-07-27,2026-07-26,Summer,9,Local / other,146,136,0.0,145.0
2026-07-27,2026-07-26,Summer,57,Local / other,150,140,0.0,149.0
2026-07-27,2026-07-26,Summer,52,Local / other,129,118,0.0,128.0
2026-07-27,2026-07-26,Summer,1T,Local / other,221,161,18.0,220.0
2026-07-27,2026-07-26,Summer,73,Local / other,110,106,0.0,109.0
2026-07-27,2026-07-26,Summer,97,Local / other,121,108,0.0,120.0
2026-07-27,2026-07-26,Summer,88,Local / other,110,104,0.0,109.0
2026-07-27,2026-07-26,Summer,14,Local / other,108,103,0.0,107.0
2026-07-27,2026-07-26,Summer,90,Local / other,104,95,1.0,103.0
2026-07-27,2026-07-26,Summer,98,Local / other,104,99,0.0,103.0
2026-07-27,2026-07-26,Summer,62,Local / other,111,91,9.0,110.0
2026-07-27,2026-07-26,Summer,NL,Transbay,113,98,0.0,112.0
2026-07-27,2026-07-26,Summer,54,Local / other,111,111,0.0,110.0
2026-07-27,2026-07-26,Summer,45,Local / other,81,80,0.0,80.0
2026-07-27,2026-07-26,Summer,200,Local / other,76,76,0.0,75.0
2026-07-27,2026-07-26,Summer,F,Transbay,80,80,0.0,79.0
2026-07-27,2026-07-26,Summer,27,Local / other,78,77,0.0,77.0
2026-07-27,2026-07-26,Summer,211,Local / other,78,75,0.0,77.0
2026-07-27,2026-07-26,Summer,76,Local / other,78,77,0.0,77.0
2026-07-27,2026-07-26,Summer,86,Local / other,77,73,0.0,76.0
2026-07-27,2026-07-26,Summer,210,Local / other,69,69,0.0,68.0
2026-07-27,2026-07-26,Summer,74,Local / other,71,70,0.0,70.0
2026-07-27,2026-07-26,Summer,30,Local / other,81,69,0.0,80.0
2026-07-27,2026-07-26,Summer,12,Local / other,104,97,0.0,103.0
2026-07-27,2026-07-26,Summer,96,Local / other,67,67,0.0,66.0
2026-07-27,2026-07-26,Summer,72,Local / other,78,65,4.0,77.0
2026-07-27,2026-07-26,Summer,36,Local / other,78,63,0.0,77.0
2026-07-27,2026-07-26,Summer,O,Transbay,69,66,0.0,68.0
2026-07-27,2026-07-26,Summer,22,Local / other,66,65,0.0,65.0
2026-07-27,2026-07-26,Summer,60,Local / other,65,65,0.0,64.0
2026-07-27,2026-07-26,Summer,31,Local / other,66,59,0.0,65.0
2026-07-27,2026-07-26,Summer,239,Local / other,71,61,2.0,70.0
2026-07-27,2026-07-26,Summer,72M,Local / other,82,63,8.0,81.0
2026-07-27,2026-07-26,Summer,93,Local / other,52,52,0.0,51.0
2026-07-27,2026-07-26,Summer,71,Local / other,54,54,0.0,53.0
2026-07-27,2026-07-26,Summer,56,Local / other,50,50,0.0,49.0
2026-07-27,2026-07-26,Summer,34,Local / other,50,49,0.0,49.0
2026-07-27,2026-07-26,Summer,35,Local / other,52,51,0.0,51.0
2026-07-27,2026-07-26,Summer,28,Local / other,51,48,0.0,50.0
2026-07-27,2026-07-26,Summer,70,Local / other,55,46,2.0,54.0
2026-07-27,2026-07-26,Summer,95,Local / other,42,42,0.0,41.0
2026-07-27,2026-07-26,Summer,65,Local / other,40,40,0.0,39.0
2026-07-27,2026-07-26,Summer,72L,Local / other,54,43,3.0,53.0
2026-07-27,2026-07-26,Summer,41,Local / other,34,34,0.0,33.0
2026-07-27,2026-07-26,Summer,67,Local / other,29,29,0.0,28.0
2026-07-27,2026-07-26,Summer,231,Local / other,41,32,0.0,40.0
2026-07-27,2026-07-26,Summer,281,Local / other,30,28,0.0,29.0
2026-07-27,2026-07-26,Summer,46L,Local / other,27,27,0.0,26.0
2026-07-27,2026-07-26,Summer,7,Local / other,34,30,0.0,33.0
2026-07-27,2026-07-26,Summer,19,Local / other,32,25,0.0,31.0
2026-07-27,2026-07-26,Summer,251,Local / other,27,22,0.0,26.0
2026-07-27,2026-07-26,Summer,216,Local / other,28,24,0.0,27.0
2026-07-27,2026-07-26,Summer,800,All Nighter,27,25,1.0,26.0
2026-07-27,2026-07-26,Summer,840,All Nighter,12,12,0.0,11.0
2026-07-27,2026-07-26,Summer,851,All Nighter,10,10,0.0,9.0
2026-07-27,2026-07-26,Summer,801,All Nighter,11,11,0.0,10.0
2026-07-27,2026-07-26,Summer,805,All Nighter,12,11,0.0,11.0
2026-07-27,2026-07-26,Summer,802,All Nighter,10,10,0.0,9.0
2026-07-27,2026-07-26,Summer,G,Transbay,10,9,0.0,9.0
2026-07-27,2026-07-26,Summer,J,Transbay,10,10,0.0,9.0
2026-07-27,2026-07-26,Summer,P,Transbay,16,16,0.0,15.0
2026-07-27,2026-07-26,Summer,V,Transbay,10,9,0.0,9.0
2026-07-27,2026-07-26,Summer,NX,Transbay,9,8,0.0,8.0
2026-07-27,2026-07-26,Summer,FS,Transbay,4,4,0.0,3.0
2026-07-27,2026-07-26,Summer,E,Transbay,8,8,0.0,7.0
2026-07-27,2026-07-26,Summer,NX3,Transbay,7,7,0.0,6.0
2026-07-27,2026-07-26,Summer,U,Transbay,11,0,9.0,10.0
2026-07-27,2026-07-26,Summer,701,Early Bird,2,2,0.0,1.0
2026-07-27,2026-07-26,Summer,L,Transbay,8,8,0.0,7.0
2026-07-27,2026-07-26,Summer,W,Transbay,9,7,0.0,8.0
2026-07-27,2026-07-26,Summer,703,Early Bird,1,1,0.0,0.0
2026-07-27,2026-07-26,Summer,702,Early Bird,1,1,0.0,0.0
2026-07-28,2026-07-26,Summer,40,Local / other,197,174,4.0,196.0
2026-07-28,2026-07-26,Summer,51B,Local / other,173,172,0.0,172.0
2026-07-28,2026-07-26,Summer,6,Local / other,173,163,0.0,172.0
2026-07-28,2026-07-26,Summer,51A,Local / other,174,163,0.0,173.0
2026-07-28,2026-07-26,Summer,9,Local / other,146,145,0.0,145.0
2026-07-28,2026-07-26,Summer,18,Local / other,144,141,0.0,143.0
2026-07-28,2026-07-26,Summer,57,Local / other,150,148,0.0,149.0
2026-07-28,2026-07-26,Summer,1T,Local / other,221,188,9.0,220.0
2026-07-28,2026-07-26,Summer,52,Local / other,129,121,0.0,128.0
2026-07-28,2026-07-26,Summer,73,Local / other,110,108,0.0,109.0
2026-07-28,2026-07-26,Summer,62,Local / other,111,107,0.0,110.0
2026-07-28,2026-07-26,Summer,88,Local / other,110,110,0.0,109.0
2026-07-28,2026-07-26,Summer,97,Local / other,121,104,0.0,120.0
2026-07-28,2026-07-26,Summer,98,Local / other,104,100,0.0,103.0
2026-07-28,2026-07-26,Summer,90,Local / other,104,98,0.0,103.0
2026-07-28,2026-07-26,Summer,14,Local / other,108,104,0.0,107.0
2026-07-28,2026-07-26,Summer,NL,Transbay,113,102,0.0,112.0
2026-07-28,2026-07-26,Summer,54,Local / other,111,105,0.0,110.0
2026-07-28,2026-07-26,Summer,211,Local / other,78,78,0.0,77.0
2026-07-28,2026-07-26,Summer,12,Local / other,104,103,0.0,103.0
2026-07-28,2026-07-26,Summer,86,Local / other,77,77,0.0,76.0
2026-07-28,2026-07-26,Summer,200,Local / other,76,76,0.0,75.0
2026-07-28,2026-07-26,Summer,F,Transbay,80,80,0.0,79.0
2026-07-28,2026-07-26,Summer,36,Local / other,78,78,0.0,77.0
2026-07-28,2026-07-26,Summer,27,Local / other,78,77,0.0,77.0
2026-07-28,2026-07-26,Summer,76,Local / other,78,78,0.0,77.0
2026-07-28,2026-07-26,Summer,74,Local / other,71,70,0.0,70.0
2026-07-28,2026-07-26,Summer,30,Local / other,81,72,2.0,80.0
2026-07-28,2026-07-26,Summer,210,Local / other,69,69,0.0,68.0
2026-07-28,2026-07-26,Summer,72,Local / other,78,67,0.0,77.0
2026-07-28,2026-07-26,Summer,45,Local / other,81,69,0.0,80.0
2026-07-28,2026-07-26,Summer,239,Local / other,71,70,0.0,70.0
2026-07-28,2026-07-26,Summer,22,Local / other,66,66,0.0,65.0
2026-07-28,2026-07-26,Summer,31,Local / other,66,64,0.0,65.0
2026-07-28,2026-07-26,Summer,72M,Local / other,82,71,0.0,81.0
2026-07-28,2026-07-26,Summer,96,Local / other,67,62,1.0,66.0
2026-07-28,2026-07-26,Summer,60,Local / other,65,64,0.0,64.0
2026-07-28,2026-07-26,Summer,O,Transbay,69,60,2.0,68.0
2026-07-28,2026-07-26,Summer,71,Local / other,54,53,0.0,53.0
2026-07-28,2026-07-26,Summer,72L,Local / other,54,52,0.0,53.0
2026-07-28,2026-07-26,Summer,70,Local / other,55,52,0.0,54.0
2026-07-28,2026-07-26,Summer,93,Local / other,52,52,0.0,51.0
2026-07-28,2026-07-26,Summer,56,Local / other,50,50,0.0,49.0
2026-07-28,2026-07-26,Summer,28,Local / other,51,51,0.0,50.0
2026-07-28,2026-07-26,Summer,34,Local / other,50,47,0.0,49.0
2026-07-28,2026-07-26,Summer,35,Local / other,52,48,0.0,51.0
2026-07-28,2026-07-26,Summer,95,Local / other,42,42,0.0,41.0
2026-07-28,2026-07-26,Summer,65,Local / other,40,39,0.0,39.0
2026-07-28,2026-07-26,Summer,231,Local / other,41,41,0.0,40.0
2026-07-28,2026-07-26,Summer,7,Local / other,34,34,0.0,33.0
2026-07-28,2026-07-26,Summer,281,Local / other,30,30,0.0,29.0
2026-07-28,2026-07-26,Summer,41,Local / other,34,29,0.0,33.0
2026-07-28,2026-07-26,Summer,251,Local / other,27,27,0.0,26.0
2026-07-28,2026-07-26,Summer,216,Local / other,28,28,0.0,27.0
2026-07-28,2026-07-26,Summer,19,Local / other,32,27,0.0,31.0
2026-07-28,2026-07-26,Summer,67,Local / other,29,28,0.0,28.0
2026-07-28,2026-07-26,Summer,46L,Local / other,27,27,0.0,26.0
2026-07-28,2026-07-26,Summer,800,All Nighter,27,25,1.0,26.0
2026-07-28,2026-07-26,Summer,840,All Nighter,12,12,0.0,11.0
2026-07-28,2026-07-26,Summer,801,All Nighter,11,11,0.0,10.0
2026-07-28,2026-07-26,Summer,805,All Nighter,12,11,0.0,11.0
2026-07-28,2026-07-26,Summer,851,All Nighter,10,10,0.0,9.0
2026-07-28,2026-07-26,Summer,802,All Nighter,10,10,0.0,9.0
2026-07-28,2026-07-26,Summer,G,Transbay,10,10,0.0,9.0
2026-07-28,2026-07-26,Summer,P,Transbay,16,15,0.0,15.0
2026-07-28,2026-07-26,Summer,V,Transbay,10,10,0.0,9.0
2026-07-28,2026-07-26,Summer,J,Transbay,10,10,0.0,9.0
2026-07-28,2026-07-26,Summer,NX,Transbay,9,9,0.0,8.0
2026-07-28,2026-07-26,Summer,FS,Transbay,4,4,0.0,3.0
2026-07-28,2026-07-26,Summer,E,Transbay,8,8,0.0,7.0
2026-07-28,2026-07-26,Summer,NX3,Transbay,7,6,0.0,6.0
2026-07-28,2026-07-26,Summer,U,Transbay,11,0,9.0,10.0
2026-07-28,2026-07-26,Summer,W,Transbay,9,8,0.0,8.0
2026-07-28,2026-07-26,Summer,L,Transbay,8,8,0.0,7.0
2026-07-28,2026-07-26,Summer,703,Early Bird,1,1,0.0,0.0
2026-07-28,2026-07-26,Summer,702,Early Bird,1,1,0.0,0.0
2026-07-28,2026-07-26,Summer,701,Early Bird,2,2,0.0,1.0
2026-07-29,2026-07-26,Summer,40,Local / other,197,179,3.0,196.0
2026-07-29,2026-07-26,Summer,51B,Local / other,173,173,0.0,172.0
2026-07-29,2026-07-26,Summer,6,Local / other,173,172,0.0,172.0
2026-07-29,2026-07-26,Summer,51A,Local / other,174,153,2.0,173.0
2026-07-29,2026-07-26,Summer,18,Local / other,144,144,0.0,143.0
2026-07-29,2026-07-26,Summer,9,Local / other,146,140,0.0,145.0
2026-07-29,2026-07-26,Summer,1T,Local / other,221,190,2.0,220.0
2026-07-29,2026-07-26,Summer,52,Local / other,129,129,0.0,128.0
2026-07-29,2026-07-26,Summer,57,Local / other,150,146,0.0,149.0
2026-07-29,2026-07-26,Summer,97,Local / other,121,120,0.0,120.0
2026-07-29,2026-07-26,Summer,73,Local / other,110,105,0.0,109.0
2026-07-29,2026-07-26,Summer,88,Local / other,110,109,0.0,109.0
2026-07-29,2026-07-26,Summer,14,Local / other,108,108,0.0,107.0
2026-07-29,2026-07-26,Summer,90,Local / other,104,100,0.0,103.0
2026-07-29,2026-07-26,Summer,62,Local / other,111,100,0.0,110.0
2026-07-29,2026-07-26,Summer,98,Local / other,104,102,0.0,103.0
2026-07-29,2026-07-26,Summer,54,Local / other,111,110,0.0,110.0
2026-07-29,2026-07-26,Summer,NL,Transbay,113,100,1.0,112.0
2026-07-29,2026-07-26,Summer,36,Local / other,78,78,0.0,77.0
2026-07-29,2026-07-26,Summer,27,Local / other,78,78,0.0,77.0
2026-07-29,2026-07-26,Summer,86,Local / other,77,77,0.0,76.0
2026-07-29,2026-07-26,Summer,45,Local / other,81,77,0.0,80.0
2026-07-29,2026-07-26,Summer,200,Local / other,76,75,0.0,75.0
2026-07-29,2026-07-26,Summer,211,Local / other,78,72,1.0,77.0
2026-07-29,2026-07-26,Summer,F,Transbay,80,77,0.0,79.0
2026-07-29,2026-07-26,Summer,76,Local / other,78,76,0.0,77.0
2026-07-29,2026-07-26,Summer,30,Local / other,81,76,0.0,80.0
2026-07-29,2026-07-26,Summer,72,Local / other,78,70,1.0,77.0
2026-07-29,2026-07-26,Summer,12,Local / other,104,96,0.0,103.0
2026-07-29,2026-07-26,Summer,239,Local / other,71,71,0.0,70.0
2026-07-29,2026-07-26,Summer,74,Local / other,71,65,0.0,70.0
2026-07-29,2026-07-26,Summer,96,Local / other,67,67,0.0,66.0
2026-07-29,2026-07-26,Summer,72M,Local / other,82,73,2.0,81.0
2026-07-29,2026-07-26,Summer,31,Local / other,66,65,0.0,65.0
2026-07-29,2026-07-26,Summer,22,Local / other,66,63,0.0,65.0
2026-07-29,2026-07-26,Summer,210,Local / other,69,62,0.0,68.0
2026-07-29,2026-07-26,Summer,60,Local / other,65,63,0.0,64.0
2026-07-29,2026-07-26,Summer,O,Transbay,69,60,0.0,68.0
2026-07-29,2026-07-26,Summer,70,Local / other,55,54,0.0,54.0
2026-07-29,2026-07-26,Summer,71,Local / other,54,53,0.0,53.0
2026-07-29,2026-07-26,Summer,93,Local / other,52,52,0.0,51.0
2026-07-29,2026-07-26,Summer,72L,Local / other,54,53,0.0,53.0
2026-07-29,2026-07-26,Summer,28,Local / other,51,51,0.0,50.0
2026-07-29,2026-07-26,Summer,35,Local / other,52,49,0.0,51.0
2026-07-29,2026-07-26,Summer,34,Local / other,50,47,0.0,49.0
2026-07-29,2026-07-26,Summer,56,Local / other,50,46,0.0,49.0
2026-07-29,2026-07-26,Summer,95,Local / other,42,42,0.0,41.0
2026-07-29,2026-07-26,Summer,65,Local / other,40,40,0.0,39.0
2026-07-29,2026-07-26,Summer,231,Local / other,41,41,0.0,40.0
2026-07-29,2026-07-26,Summer,41,Local / other,34,34,0.0,33.0
2026-07-29,2026-07-26,Summer,7,Local / other,34,34,0.0,33.0
2026-07-29,2026-07-26,Summer,19,Local / other,32,29,0.0,31.0
2026-07-29,2026-07-26,Summer,281,Local / other,30,30,0.0,29.0
2026-07-29,2026-07-26,Summer,67,Local / other,29,29,0.0,28.0
2026-07-29,2026-07-26,Summer,251,Local / other,27,27,0.0,26.0
2026-07-29,2026-07-26,Summer,216,Local / other,28,27,0.0,27.0
2026-07-29,2026-07-26,Summer,46L,Local / other,27,25,0.0,26.0
2026-07-29,2026-07-26,Summer,800,All Nighter,27,25,1.0,26.0
2026-07-29,2026-07-26,Summer,801,All Nighter,11,11,0.0,10.0
2026-07-29,2026-07-26,Summer,802,All Nighter,10,10,0.0,9.0
2026-07-29,2026-07-26,Summer,G,Transbay,10,9,0.0,9.0
2026-07-29,2026-07-26,Summer,851,All Nighter,10,10,0.0,9.0
2026-07-29,2026-07-26,Summer,P,Transbay,16,16,0.0,15.0
2026-07-29,2026-07-26,Summer,J,Transbay,10,10,0.0,9.0
2026-07-29,2026-07-26,Summer,840,All Nighter,12,6,2.0,11.0
2026-07-29,2026-07-26,Summer,V,Transbay,10,10,0.0,9.0
2026-07-29,2026-07-26,Summer,805,All Nighter,12,5,2.0,11.0
2026-07-29,2026-07-26,Summer,NX,Transbay,9,9,0.0,8.0
2026-07-29,2026-07-26,Summer,FS,Transbay,4,4,0.0,3.0
2026-07-29,2026-07-26,Summer,E,Transbay,8,8,0.0,7.0
2026-07-29,2026-07-26,Summer,NX3,Transbay,7,7,0.0,6.0
2026-07-29,2026-07-26,Summer,702,Early Bird,1,1,0.0,0.0
2026-07-29,2026-07-26,Summer,U,Transbay,11,0,9.0,10.0
2026-07-29,2026-07-26,Summer,701,Early Bird,2,2,0.0,1.0
2026-07-29,2026-07-26,Summer,703,Early Bird,1,1,0.0,0.0
2026-07-29,2026-07-26,Summer,L,Transbay,8,8,0.0,7.0
2026-07-29,2026-07-26,Summer,W,Transbay,9,9,0.0,8.0
2026-07-30,2026-07-26,Summer,40,Local / other,197,180,0.0,196.0
2026-07-30,2026-07-26,Summer,51B,Local / other,173,173,0.0,172.0
2026-07-30,2026-07-26,Summer,6,Local / other,173,165,0.0,172.0
2026-07-30,2026-07-26,Summer,51A,Local / other,174,157,2.0,173.0
2026-07-30,2026-07-26,Summer,1T,Local / other,221,204,3.0,220.0
2026-07-30,2026-07-26,Summer,18,Local / other,144,142,0.0,143.0
2026-07-30,2026-07-26,Summer,57,Local / other,150,146,0.0,149.0
2026-07-30,2026-07-26,Summer,52,Local / other,129,129,0.0,128.0
2026-07-30,2026-07-26,Summer,62,Local / other,111,107,0.0,110.0
2026-07-30,2026-07-26,Summer,88,Local / other,110,110,0.0,109.0
2026-07-30,2026-07-26,Summer,73,Local / other,110,103,0.0,109.0
2026-07-30,2026-07-26,Summer,97,Local / other,121,103,2.0,120.0
2026-07-30,2026-07-26,Summer,90,Local / other,104,98,0.0,103.0
2026-07-30,2026-07-26,Summer,NL,Transbay,113,111,0.0,112.0
2026-07-30,2026-07-26,Summer,9,Local / other,146,109,9.0,145.0
2026-07-30,2026-07-26,Summer,98,Local / other,104,100,0.0,103.0
2026-07-30,2026-07-26,Summer,54,Local / other,111,111,0.0,110.0
2026-07-30,2026-07-26,Summer,14,Local / other,108,96,0.0,107.0
2026-07-30,2026-07-26,Summer,45,Local / other,81,80,0.0,80.0
2026-07-30,2026-07-26,Summer,36,Local / other,78,78,0.0,77.0
2026-07-30,2026-07-26,Summer,211,Local / other,78,78,0.0,77.0
2026-07-30,2026-07-26,Summer,F,Transbay,80,79,0.0,79.0
2026-07-30,2026-07-26,Summer,12,Local / other,104,102,0.0,103.0
2026-07-30,2026-07-26,Summer,86,Local / other,77,74,0.0,76.0
2026-07-30,2026-07-26,Summer,30,Local / other,81,77,0.0,80.0
2026-07-30,2026-07-26,Summer,27,Local / other,78,72,0.0,77.0
2026-07-30,2026-07-26,Summer,210,Local / other,69,69,0.0,68.0
2026-07-30,2026-07-26,Summer,200,Local / other,76,68,0.0,75.0
2026-07-30,2026-07-26,Summer,72,Local / other,78,68,0.0,77.0
2026-07-30,2026-07-26,Summer,22,Local / other,66,66,0.0,65.0
2026-07-30,2026-07-26,Summer,96,Local / other,67,62,0.0,66.0
2026-07-30,2026-07-26,Summer,239,Local / other,71,64,1.0,70.0
2026-07-30,2026-07-26,Summer,72M,Local / other,82,70,0.0,81.0
2026-07-30,2026-07-26,Summer,76,Local / other,78,62,0.0,77.0
2026-07-30,2026-07-26,Summer,60,Local / other,65,60,0.0,64.0
2026-07-30,2026-07-26,Summer,O,Transbay,69,57,2.0,68.0
2026-07-30,2026-07-26,Summer,93,Local / other,52,52,0.0,51.0
2026-07-30,2026-07-26,Summer,56,Local / other,50,49,0.0,49.0
2026-07-30,2026-07-26,Summer,70,Local / other,55,50,1.0,54.0
2026-07-30,2026-07-26,Summer,72L,Local / other,54,51,2.0,53.0
2026-07-30,2026-07-26,Summer,31,Local / other,66,50,2.0,65.0
2026-07-30,2026-07-26,Summer,71,Local / other,54,47,0.0,53.0
2026-07-30,2026-07-26,Summer,74,Local / other,71,46,15.0,70.0
2026-07-30,2026-07-26,Summer,95,Local / other,42,42,0.0,41.0
2026-07-30,2026-07-26,Summer,28,Local / other,51,46,0.0,50.0
2026-07-30,2026-07-26,Summer,34,Local / other,50,38,1.0,49.0
2026-07-30,2026-07-26,Summer,35,Local / other,52,42,0.0,51.0
2026-07-30,2026-07-26,Summer,65,Local / other,40,39,0.0,39.0
2026-07-30,2026-07-26,Summer,7,Local / other,34,34,0.0,33.0
2026-07-30,2026-07-26,Summer,19,Local / other,32,32,0.0,31.0
2026-07-30,2026-07-26,Summer,41,Local / other,34,29,0.0,33.0
2026-07-30,2026-07-26,Summer,281,Local / other,30,30,0.0,29.0
2026-07-30,2026-07-26,Summer,216,Local / other,28,28,0.0,27.0
2026-07-30,2026-07-26,Summer,67,Local / other,29,28,0.0,28.0
2026-07-30,2026-07-26,Summer,46L,Local / other,27,27,0.0,26.0
2026-07-30,2026-07-26,Summer,231,Local / other,41,28,4.0,40.0
2026-07-30,2026-07-26,Summer,251,Local / other,27,22,2.0,26.0
2026-07-30,2026-07-26,Summer,800,All Nighter,27,25,1.0,26.0
2026-07-30,2026-07-26,Summer,840,All Nighter,12,12,0.0,11.0
2026-07-30,2026-07-26,Summer,801,All Nighter,11,11,0.0,10.0
2026-07-30,2026-07-26,Summer,805,All Nighter,12,11,0.0,11.0
2026-07-30,2026-07-26,Summer,802,All Nighter,10,10,0.0,9.0
2026-07-30,2026-07-26,Summer,851,All Nighter,10,10,0.0,9.0
2026-07-30,2026-07-26,Summer,P,Transbay,16,16,0.0,15.0
2026-07-30,2026-07-26,Summer,G,Transbay,10,9,0.0,9.0
2026-07-30,2026-07-26,Summer,J,Transbay,10,10,0.0,9.0
2026-07-30,2026-07-26,Summer,V,Transbay,10,10,0.0,9.0
2026-07-30,2026-07-26,Summer,NX,Transbay,9,9,0.0,8.0
2026-07-30,2026-07-26,Summer,FS,Transbay,4,4,0.0,3.0
2026-07-30,2026-07-26,Summer,NX3,Transbay,7,7,0.0,6.0
2026-07-30,2026-07-26,Summer,E,Transbay,8,8,0.0,7.0
2026-07-30,2026-07-26,Summer,W,Transbay,9,8,0.0,8.0
2026-07-30,2026-07-26,Summer,701,Early Bird,2,2,0.0,1.0
2026-07-30,2026-07-26,Summer,L,Transbay,8,8,0.0,7.0
2026-07-30,2026-07-26,Summer,703,Early Bird,1,1,0.0,0.0
2026-07-30,2026-07-26,Summer,702,Early Bird,1,1,0.0,0.0
2026-07-30,2026-07-26,Summer,U,Transbay,11,0,9.0,10.0
2026-07-31,2026-07-26,Summer,40,Local / other,197,175,7.0,196.0
2026-07-31,2026-07-26,Summer,6,Local / other,173,162,0.0,172.0
2026-07-31,2026-07-26,Summer,51B,Local / other,173,149,0.0,172.0
2026-07-31,2026-07-26,Summer,51A,Local / other,173,146,4.0,172.0
2026-07-31,2026-07-26,Summer,52,Local / other,129,129,0.0,128.0
2026-07-31,2026-07-26,Summer,57,Local / other,150,137,0.0,149.0
2026-07-31,2026-07-26,Summer,18,Local / other,144,138,2.0,143.0
2026-07-31,2026-07-26,Summer,1T,Local / other,221,165,28.0,220.0
2026-07-31,2026-07-26,Summer,9,Local / other,146,126,0.0,145.0
2026-07-31,2026-07-26,Summer,NL,Transbay,113,100,1.0,112.0
2026-07-31,2026-07-26,Summer,73,Local / other,110,86,14.0,109.0
2026-07-31,2026-07-26,Summer,88,Local / other,110,89,7.0,109.0
2026-07-31,2026-07-26,Summer,90,Local / other,104,82,2.0,103.0
2026-07-31,2026-07-26,Summer,54,Local / other,111,95,1.0,110.0
2026-07-31,2026-07-26,Summer,211,Local / other,78,78,0.0,77.0
2026-07-31,2026-07-26,Summer,62,Local / other,111,76,8.0,110.0
2026-07-31,2026-07-26,Summer,98,Local / other,104,76,6.0,103.0
2026-07-31,2026-07-26,Summer,F,Transbay,80,80,0.0,79.0
2026-07-31,2026-07-26,Summer,14,Local / other,108,83,4.0,107.0
2026-07-31,2026-07-26,Summer,27,Local / other,78,78,0.0,77.0
2026-07-31,2026-07-26,Summer,86,Local / other,77,73,0.0,76.0
2026-07-31,2026-07-26,Summer,12,Local / other,104,99,0.0,103.0
2026-07-31,2026-07-26,Summer,200,Local / other,76,68,0.0,75.0
2026-07-31,2026-07-26,Summer,30,Local / other,81,73,0.0,80.0
2026-07-31,2026-07-26,Summer,97,Local / other,121,72,14.0,120.0
2026-07-31,2026-07-26,Summer,36,Local / other,78,69,0.0,77.0
2026-07-31,2026-07-26,Summer,96,Local / other,67,67,0.0,66.0
2026-07-31,2026-07-26,Summer,76,Local / other,78,65,0.0,77.0
2026-07-31,2026-07-26,Summer,22,Local / other,66,66,0.0,65.0
2026-07-31,2026-07-26,Summer,60,Local / other,65,63,0.0,64.0
2026-07-31,2026-07-26,Summer,74,Local / other,71,61,4.0,70.0
2026-07-31,2026-07-26,Summer,210,Local / other,69,57,1.0,68.0
2026-07-31,2026-07-26,Summer,239,Local / other,71,60,2.0,70.0
2026-07-31,2026-07-26,Summer,72,Local / other,78,56,8.0,77.0
2026-07-31,2026-07-26,Summer,45,Local / other,81,57,5.0,80.0
2026-07-31,2026-07-26,Summer,31,Local / other,66,56,4.0,65.0
2026-07-31,2026-07-26,Summer,O,Transbay,69,54,1.0,68.0
2026-07-31,2026-07-26,Summer,28,Local / other,51,51,0.0,50.0
2026-07-31,2026-07-26,Summer,71,Local / other,54,49,0.0,53.0
2026-07-31,2026-07-26,Summer,72M,Local / other,82,57,6.0,81.0
2026-07-31,2026-07-26,Summer,93,Local / other,52,46,0.0,51.0
2026-07-31,2026-07-26,Summer,56,Local / other,50,41,2.0,49.0
2026-07-31,2026-07-26,Summer,95,Local / other,42,42,0.0,41.0
2026-07-31,2026-07-26,Summer,70,Local / other,55,42,2.0,54.0
2026-07-31,2026-07-26,Summer,65,Local / other,40,40,0.0,39.0
2026-07-31,2026-07-26,Summer,35,Local / other,52,43,0.0,51.0
2026-07-31,2026-07-26,Summer,231,Local / other,41,40,0.0,40.0
2026-07-31,2026-07-26,Summer,34,Local / other,50,37,2.0,49.0
2026-07-31,2026-07-26,Summer,72L,Local / other,54,38,8.0,53.0
2026-07-31,2026-07-26,Summer,41,Local / other,34,34,0.0,33.0
2026-07-31,2026-07-26,Summer,19,Local / other,32,32,0.0,31.0
2026-07-31,2026-07-26,Summer,7,Local / other,34,32,0.0,33.0
2026-07-31,2026-07-26,Summer,281,Local / other,30,30,0.0,29.0
2026-07-31,2026-07-26,Summer,67,Local / other,29,29,0.0,28.0
2026-07-31,2026-07-26,Summer,216,Local / other,28,28,0.0,27.0
2026-07-31,2026-07-26,Summer,46L,Local / other,27,27,0.0,26.0
2026-07-31,2026-07-26,Summer,251,Local / other,27,24,0.0,26.0
2026-07-31,2026-07-26,Summer,800,All Nighter,27,22,1.0,26.0
2026-07-31,2026-07-26,Summer,840,All Nighter,12,12,0.0,11.0
2026-07-31,2026-07-26,Summer,805,All Nighter,12,11,0.0,11.0
2026-07-31,2026-07-26,Summer,801,All Nighter,11,11,0.0,10.0
2026-07-31,2026-07-26,Summer,851,All Nighter,10,10,0.0,9.0
2026-07-31,2026-07-26,Summer,802,All Nighter,10,10,0.0,9.0
2026-07-31,2026-07-26,Summer,G,Transbay,10,10,0.0,9.0
2026-07-31,2026-07-26,Summer,V,Transbay,10,10,0.0,9.0
2026-07-31,2026-07-26,Summer,J,Transbay,10,10,0.0,9.0
2026-07-31,2026-07-26,Summer,NX,Transbay,9,9,0.0,8.0
2026-07-31,2026-07-26,Summer,P,Transbay,16,15,0.0,15.0
2026-07-31,2026-07-26,Summer,FS,Transbay,4,4,0.0,3.0
2026-07-31,2026-07-26,Summer,NX3,Transbay,7,7,0.0,6.0
2026-07-31,2026-07-26,Summer,E,Transbay,8,7,0.0,7.0
2026-07-31,2026-07-26,Summer,U,Transbay,11,0,9.0,10.0
2026-07-31,2026-07-26,Summer,703,Early Bird,1,1,0.0,0.0
2026-07-31,2026-07-26,Summer,L,Transbay,8,8,0.0,7.0
2026-07-31,2026-07-26,Summer,W,Transbay,9,8,0.0,8.0
2026-07-31,2026-07-26,Summer,702,Early Bird,1,1,0.0,0.0
2026-07-31,2026-07-26,Summer,701,Early Bird,2,2,0.0,1.0
2026-08-01,2026-07-26,Summer,6,Local / other,151,144,0.0,150.0
2026-08-01,2026-07-26,Summer,57,Local / other,152,148,1.0,151.0
2026-08-01,2026-07-26,Summer,51B,Local / other,140,136,0.0,139.0
2026-08-01,2026-07-26,Summer,9,Local / other,136,129,0.0,135.0
2026-08-01,2026-07-26,Summer,40,Local / other,133,116,0.0,132.0
2026-08-01,2026-07-26,Summer,18,Local / other,107,101,2.0,106.0
2026-08-01,2026-07-26,Summer,88,Local / other,100,96,0.0,99.0
2026-08-01,2026-07-26,Summer,1T,Local / other,220,138,39.0,219.0
2026-08-01,2026-07-26,Summer,51A,Local / other,131,95,15.0,130.0
2026-08-01,2026-07-26,Summer,73,Local / other,110,90,6.0,109.0
2026-08-01,2026-07-26,Summer,52,Local / other,92,86,0.0,91.0
2026-08-01,2026-07-26,Summer,62,Local / other,99,81,0.0,98.0
2026-08-01,2026-07-26,Summer,14,Local / other,100,79,0.0,99.0
2026-08-01,2026-07-26,Summer,F,Transbay,77,77,0.0,76.0
2026-08-01,2026-07-26,Summer,86,Local / other,78,78,0.0,77.0
2026-08-01,2026-07-26,Summer,54,Local / other,74,72,0.0,73.0
2026-08-01,2026-07-26,Summer,72M,Local / other,82,75,1.0,81.0
2026-08-01,2026-07-26,Summer,200,Local / other,76,69,2.0,75.0
2026-08-01,2026-07-26,Summer,NL,Transbay,75,71,0.0,74.0
2026-08-01,2026-07-26,Summer,211,Local / other,74,74,0.0,73.0
2026-08-01,2026-07-26,Summer,72,Local / other,77,66,3.0,76.0
2026-08-01,2026-07-26,Summer,36,Local / other,74,65,0.0,73.0
2026-08-01,2026-07-26,Summer,27,Local / other,66,66,0.0,65.0
2026-08-01,2026-07-26,Summer,45,Local / other,66,65,0.0,65.0
2026-08-01,2026-07-26,Summer,76,Local / other,74,68,0.0,73.0
2026-08-01,2026-07-26,Summer,97,Local / other,71,64,0.0,70.0
2026-08-01,2026-07-26,Summer,30,Local / other,80,65,1.0,79.0
2026-08-01,2026-07-26,Summer,22,Local / other,66,66,0.0,65.0
2026-08-01,2026-07-26,Summer,96,Local / other,66,65,0.0,65.0
2026-08-01,2026-07-26,Summer,98,Local / other,66,57,3.0,65.0
2026-08-01,2026-07-26,Summer,90,Local / other,67,57,4.0,66.0
2026-08-01,2026-07-26,Summer,210,Local / other,64,61,0.0,63.0
2026-08-01,2026-07-26,Summer,74,Local / other,54,54,0.0,53.0
2026-08-01,2026-07-26,Summer,31,Local / other,65,50,0.0,64.0
2026-08-01,2026-07-26,Summer,72L,Local / other,54,44,1.0,53.0
2026-08-01,2026-07-26,Summer,28,Local / other,50,48,0.0,49.0
2026-08-01,2026-07-26,Summer,60,Local / other,50,46,0.0,49.0
2026-08-01,2026-07-26,Summer,12,Local / other,74,69,0.0,73.0
2026-08-01,2026-07-26,Summer,95,Local / other,42,40,0.0,41.0
2026-08-01,2026-07-26,Summer,231,Local / other,42,42,0.0,41.0
2026-08-01,2026-07-26,Summer,35,Local / other,34,33,0.0,33.0
2026-08-01,2026-07-26,Summer,56,Local / other,34,34,0.0,33.0
2026-08-01,2026-07-26,Summer,O,Transbay,34,34,0.0,33.0
2026-08-01,2026-07-26,Summer,7,Local / other,34,34,0.0,33.0
2026-08-01,2026-07-26,Summer,93,Local / other,34,34,0.0,33.0
2026-08-01,2026-07-26,Summer,239,Local / other,34,34,0.0,33.0
2026-08-01,2026-07-26,Summer,34,Local / other,34,32,0.0,33.0
2026-08-01,2026-07-26,Summer,41,Local / other,34,30,0.0,33.0
2026-08-01,2026-07-26,Summer,71,Local / other,28,28,0.0,27.0
2026-08-01,2026-07-26,Summer,70,Local / other,28,27,0.0,27.0
2026-08-01,2026-07-26,Summer,216,Local / other,28,28,0.0,27.0
2026-08-01,2026-07-26,Summer,19,Local / other,32,25,0.0,31.0
2026-08-01,2026-07-26,Summer,281,Local / other,26,26,0.0,25.0
2026-08-01,2026-07-26,Summer,251,Local / other,28,28,0.0,27.0
2026-08-01,2026-07-26,Summer,800,All Nighter,27,25,1.0,26.0
2026-08-01,2026-07-26,Summer,840,All Nighter,12,12,0.0,11.0
2026-08-01,2026-07-26,Summer,801,All Nighter,11,11,0.0,10.0
2026-08-01,2026-07-26,Summer,851,All Nighter,10,10,0.0,9.0
2026-08-01,2026-07-26,Summer,805,All Nighter,12,11,0.0,11.0
2026-08-01,2026-07-26,Summer,802,All Nighter,10,10,0.0,9.0
2026-08-02,2026-08-02,Summer,6,Local / other,151,133,0.0,150.0
2026-08-02,2026-08-02,Summer,1T,Local / other,220,143,22.0,219.0
2026-08-02,2026-08-02,Summer,40,Local / other,133,114,2.0,132.0
2026-08-02,2026-08-02,Summer,51A,Local / other,132,106,7.0,131.0
2026-08-02,2026-08-02,Summer,57,Local / other,152,106,18.0,151.0
2026-08-02,2026-08-02,Summer,51B,Local / other,140,99,22.0,139.0
2026-08-02,2026-08-02,Summer,18,Local / other,107,96,1.0,106.0
2026-08-02,2026-08-02,Summer,9,Local / other,136,101,3.0,135.0
2026-08-02,2026-08-02,Summer,73,Local / other,109,92,3.0,108.0
2026-08-02,2026-08-02,Summer,30,Local / other,80,79,0.0,79.0
2026-08-02,2026-08-02,Summer,54,Local / other,74,74,0.0,73.0
2026-08-02,2026-08-02,Summer,52,Local / other,92,74,4.0,91.0
2026-08-02,2026-08-02,Summer,200,Local / other,76,73,0.0,75.0
2026-08-02,2026-08-02,Summer,86,Local / other,78,74,0.0,77.0
2026-08-02,2026-08-02,Summer,62,Local / other,100,68,11.0,99.0
2026-08-02,2026-08-02,Summer,211,Local / other,74,72,0.0,73.0
2026-08-02,2026-08-02,Summer,45,Local / other,66,66,0.0,65.0
2026-08-02,2026-08-02,Summer,22,Local / other,66,65,0.0,65.0
2026-08-02,2026-08-02,Summer,72,Local / other,77,60,2.0,76.0
2026-08-02,2026-08-02,Summer,14,Local / other,100,64,10.0,99.0
2026-08-02,2026-08-02,Summer,72M,Local / other,82,62,4.0,81.0
2026-08-02,2026-08-02,Summer,210,Local / other,64,59,0.0,63.0
2026-08-02,2026-08-02,Summer,27,Local / other,66,55,2.0,65.0
2026-08-02,2026-08-02,Summer,76,Local / other,74,57,4.0,73.0
2026-08-02,2026-08-02,Summer,90,Local / other,67,53,0.0,66.0
2026-08-02,2026-08-02,Summer,98,Local / other,66,54,0.0,65.0
2026-08-02,2026-08-02,Summer,31,Local / other,66,56,0.0,65.0
2026-08-02,2026-08-02,Summer,97,Local / other,71,52,9.0,70.0
2026-08-02,2026-08-02,Summer,72L,Local / other,54,52,0.0,53.0
2026-08-02,2026-08-02,Summer,36,Local / other,74,48,5.0,73.0
2026-08-02,2026-08-02,Summer,88,Local / other,100,46,26.0,99.0
2026-08-02,2026-08-02,Summer,NL,Transbay,75,44,15.0,74.0
2026-08-02,2026-08-02,Summer,28,Local / other,50,43,1.0,49.0
2026-08-02,2026-08-02,Summer,231,Local / other,42,42,0.0,41.0
2026-08-02,2026-08-02,Summer,96,Local / other,66,40,0.0,65.0
2026-08-02,2026-08-02,Summer,74,Local / other,54,40,0.0,53.0
2026-08-02,2026-08-02,Summer,F,Transbay,77,36,19.0,76.0
2026-08-02,2026-08-02,Summer,60,Local / other,50,39,0.0,49.0
2026-08-02,2026-08-02,Summer,95,Local / other,42,34,2.0,41.0
2026-08-02,2026-08-02,Summer,19,Local / other,32,32,0.0,31.0
2026-08-02,2026-08-02,Summer,7,Local / other,34,34,0.0,33.0
2026-08-02,2026-08-02,Summer,93,Local / other,34,34,0.0,33.0
2026-08-02,2026-08-02,Summer,239,Local / other,34,34,0.0,33.0
2026-08-02,2026-08-02,Summer,12,Local / other,74,50,0.0,73.0
2026-08-02,2026-08-02,Summer,56,Local / other,34,28,0.0,33.0
2026-08-02,2026-08-02,Summer,216,Local / other,28,28,0.0,27.0
2026-08-02,2026-08-02,Summer,41,Local / other,34,27,4.0,33.0
2026-08-02,2026-08-02,Summer,O,Transbay,34,23,2.0,33.0
2026-08-02,2026-08-02,Summer,35,Local / other,34,23,1.0,33.0
2026-08-02,2026-08-02,Summer,70,Local / other,28,23,0.0,27.0
2026-08-02,2026-08-02,Summer,251,Local / other,28,28,0.0,27.0
2026-08-02,2026-08-02,Summer,71,Local / other,28,22,0.0,27.0
2026-08-02,2026-08-02,Summer,34,Local / other,34,22,2.0,33.0
2026-08-02,2026-08-02,Summer,281,Local / other,26,21,0.0,25.0
2026-08-02,2026-08-02,Summer,800,All Nighter,27,25,1.0,26.0
2026-08-02,2026-08-02,Summer,801,All Nighter,11,11,0.0,10.0
2026-08-02,2026-08-02,Summer,840,All Nighter,12,12,0.0,11.0
2026-08-02,2026-08-02,Summer,805,All Nighter,12,11,0.0,11.0
2026-08-02,2026-08-02,Summer,851,All Nighter,10,10,0.0,9.0
2026-08-02,2026-08-02,Summer,802,All Nighter,10,9,0.0,9.0
2026-08-03,2026-08-02,Summer,40,Local / other,197,174,5.0,196.0
2026-08-03,2026-08-02,Summer,6,Local / other,173,155,0.0,172.0
2026-08-03,2026-08-02,Summer,51A,Local / other,174,161,0.0,173.0
2026-08-03,2026-08-02,Summer,51B,Local / other,173,151,1.0,172.0
2026-08-03,2026-08-02,Summer,1T,Local / other,221,179,12.0,220.0
2026-08-03,2026-08-02,Summer,57,Local / other,150,139,1.0,149.0
2026-08-03,2026-08-02,Summer,18,Local / other,144,129,0.0,143.0
2026-08-03,2026-08-02,Summer,73,Local / other,110,106,0.0,109.0
2026-08-03,2026-08-02,Summer,52,Local / other,129,106,0.0,128.0
2026-08-03,2026-08-02,Summer,62,Local / other,111,102,0.0,110.0
2026-08-03,2026-08-02,Summer,88,Local / other,110,94,2.0,109.0
2026-08-03,2026-08-02,Summer,90,Local / other,104,86,4.0,103.0
2026-08-03,2026-08-02,Summer,98,Local / other,104,88,1.0,103.0
2026-08-03,2026-08-02,Summer,NL,Transbay,113,93,2.0,112.0
2026-08-03,2026-08-02,Summer,9,Local / other,146,88,12.0,145.0
2026-08-03,2026-08-02,Summer,45,Local / other,81,79,0.0,80.0
2026-08-03,2026-08-02,Summer,97,Local / other,121,79,17.0,120.0
2026-08-03,2026-08-02,Summer,86,Local / other,77,77,0.0,76.0
2026-08-03,2026-08-02,Summer,211,Local / other,78,76,0.0,77.0
2026-08-03,2026-08-02,Summer,12,Local / other,104,103,0.0,103.0
2026-08-03,2026-08-02,Summer,36,Local / other,78,73,0.0,77.0
2026-08-03,2026-08-02,Summer,14,Local / other,108,76,12.0,107.0
2026-08-03,2026-08-02,Summer,74,Local / other,71,68,0.0,70.0
2026-08-03,2026-08-02,Summer,F,Transbay,80,72,0.0,79.0
2026-08-03,2026-08-02,Summer,200,Local / other,76,61,1.0,75.0
2026-08-03,2026-08-02,Summer,54,Local / other,111,81,0.0,110.0
2026-08-03,2026-08-02,Summer,210,Local / other,69,62,0.0,68.0
2026-08-03,2026-08-02,Summer,27,Local / other,78,61,4.0,77.0
2026-08-03,2026-08-02,Summer,30,Local / other,81,63,5.0,80.0
2026-08-03,2026-08-02,Summer,O,Transbay,69,65,0.0,68.0
2026-08-03,2026-08-02,Summer,72,Local / other,78,54,13.0,77.0
2026-08-03,2026-08-02,Summer,22,Local / other,66,57,0.0,65.0
2026-08-03,2026-08-02,Summer,96,Local / other,67,54,5.0,66.0
2026-08-03,2026-08-02,Summer,70,Local / other,55,55,0.0,54.0
2026-08-03,2026-08-02,Summer,239,Local / other,71,57,3.0,70.0
2026-08-03,2026-08-02,Summer,72L,Local / other,54,53,0.0,53.0
2026-08-03,2026-08-02,Summer,28,Local / other,51,51,0.0,50.0
2026-08-03,2026-08-02,Summer,71,Local / other,54,49,0.0,53.0
2026-08-03,2026-08-02,Summer,31,Local / other,66,50,5.0,65.0
2026-08-03,2026-08-02,Summer,56,Local / other,50,41,1.0,49.0
2026-08-03,2026-08-02,Summer,65,Local / other,40,40,0.0,39.0
2026-08-03,2026-08-02,Summer,95,Local / other,42,40,0.0,41.0
2026-08-03,2026-08-02,Summer,76,Local / other,78,44,19.0,77.0
2026-08-03,2026-08-02,Summer,93,Local / other,52,39,0.0,51.0
2026-08-03,2026-08-02,Summer,72M,Local / other,82,48,17.0,81.0
2026-08-03,2026-08-02,Summer,60,Local / other,65,42,4.0,64.0
2026-08-03,2026-08-02,Summer,34,Local / other,50,32,6.0,49.0
2026-08-03,2026-08-02,Summer,41,Local / other,34,34,0.0,33.0
2026-08-03,2026-08-02,Summer,19,Local / other,32,32,0.0,31.0
2026-08-03,2026-08-02,Summer,7,Local / other,34,34,0.0,33.0
2026-08-03,2026-08-02,Summer,35,Local / other,52,32,6.0,51.0
2026-08-03,2026-08-02,Summer,231,Local / other,41,31,4.0,40.0
2026-08-03,2026-08-02,Summer,67,Local / other,29,28,0.0,28.0
2026-08-03,2026-08-02,Summer,281,Local / other,30,28,0.0,29.0
2026-08-03,2026-08-02,Summer,46L,Local / other,27,27,0.0,26.0
2026-08-03,2026-08-02,Summer,216,Local / other,28,27,0.0,27.0
2026-08-03,2026-08-02,Summer,251,Local / other,27,20,2.0,26.0
2026-08-03,2026-08-02,Summer,800,All Nighter,27,25,1.0,26.0
2026-08-03,2026-08-02,Summer,851,All Nighter,10,10,0.0,9.0
2026-08-03,2026-08-02,Summer,801,All Nighter,11,11,0.0,10.0
2026-08-03,2026-08-02,Summer,802,All Nighter,10,10,0.0,9.0
2026-08-03,2026-08-02,Summer,G,Transbay,10,10,0.0,9.0
2026-08-03,2026-08-02,Summer,840,All Nighter,12,8,0.0,11.0
2026-08-03,2026-08-02,Summer,J,Transbay,10,10,0.0,9.0
2026-08-03,2026-08-02,Summer,P,Transbay,16,15,0.0,15.0
2026-08-03,2026-08-02,Summer,805,All Nighter,12,7,0.0,11.0
2026-08-03,2026-08-02,Summer,V,Transbay,10,10,0.0,9.0
2026-08-03,2026-08-02,Summer,FS,Transbay,4,4,0.0,3.0
2026-08-03,2026-08-02,Summer,E,Transbay,8,8,0.0,7.0
2026-08-03,2026-08-02,Summer,NX3,Transbay,7,6,0.0,6.0
2026-08-03,2026-08-02,Summer,NX,Transbay,9,7,0.0,8.0
2026-08-03,2026-08-02,Summer,L,Transbay,8,8,0.0,7.0
2026-08-03,2026-08-02,Summer,702,Early Bird,1,1,0.0,0.0
2026-08-03,2026-08-02,Summer,W,Transbay,9,9,0.0,8.0
2026-08-03,2026-08-02,Summer,U,Transbay,11,0,9.0,10.0
2026-08-03,2026-08-02,Summer,703,Early Bird,1,1,0.0,0.0
2026-08-03,2026-08-02,Summer,701,Early Bird,2,2,0.0,1.0
2026-08-04,2026-08-02,Summer,6,Local / other,173,170,0.0,172.0
2026-08-04,2026-08-02,Summer,40,Local / other,197,168,5.0,196.0
2026-08-04,2026-08-02,Summer,51B,Local / other,173,163,0.0,172.0
2026-08-04,2026-08-02,Summer,57,Local / other,150,142,2.0,149.0
2026-08-04,2026-08-02,Summer,1T,Local / other,221,165,7.0,220.0
2026-08-04,2026-08-02,Summer,52,Local / other,129,122,0.0,128.0
2026-08-04,2026-08-02,Summer,51A,Local / other,174,126,10.0,173.0
2026-08-04,2026-08-02,Summer,18,Local / other,144,128,2.0,143.0
2026-08-04,2026-08-02,Summer,9,Local / other,146,119,1.0,145.0
2026-08-04,2026-08-02,Summer,88,Local / other,110,110,0.0,109.0
2026-08-04,2026-08-02,Summer,90,Local / other,104,100,0.0,103.0
2026-08-04,2026-08-02,Summer,73,Local / other,110,101,1.0,109.0
2026-08-04,2026-08-02,Summer,62,Local / other,111,102,1.0,110.0
2026-08-04,2026-08-02,Summer,98,Local / other,104,97,0.0,103.0
2026-08-04,2026-08-02,Summer,54,Local / other,111,106,0.0,110.0
2026-08-04,2026-08-02,Summer,14,Local / other,108,88,6.0,107.0
2026-08-04,2026-08-02,Summer,27,Local / other,78,78,0.0,77.0
2026-08-04,2026-08-02,Summer,211,Local / other,78,78,0.0,77.0
2026-08-04,2026-08-02,Summer,36,Local / other,78,77,0.0,77.0
2026-08-04,2026-08-02,Summer,86,Local / other,77,74,0.0,76.0
2026-08-04,2026-08-02,Summer,NL,Transbay,113,87,4.0,112.0
2026-08-04,2026-08-02,Summer,74,Local / other,71,71,0.0,70.0
2026-08-04,2026-08-02,Summer,97,Local / other,121,75,5.0,120.0
2026-08-04,2026-08-02,Summer,200,Local / other,76,69,0.0,75.0
2026-08-04,2026-08-02,Summer,210,Local / other,69,69,0.0,68.0
2026-08-04,2026-08-02,Summer,12,Local / other,104,96,1.0,103.0
2026-08-04,2026-08-02,Summer,45,Local / other,81,69,2.0,80.0
2026-08-04,2026-08-02,Summer,96,Local / other,67,67,0.0,66.0
2026-08-04,2026-08-02,Summer,72,Local / other,78,63,5.0,77.0
2026-08-04,2026-08-02,Summer,22,Local / other,66,64,1.0,65.0
2026-08-04,2026-08-02,Summer,F,Transbay,80,62,2.0,79.0
2026-08-04,2026-08-02,Summer,76,Local / other,78,64,3.0,77.0
2026-08-04,2026-08-02,Summer,30,Local / other,81,61,6.0,80.0
2026-08-04,2026-08-02,Summer,O,Transbay,69,61,0.0,68.0
2026-08-04,2026-08-02,Summer,71,Local / other,54,54,0.0,53.0
2026-08-04,2026-08-02,Summer,93,Local / other,52,52,0.0,51.0
2026-08-04,2026-08-02,Summer,70,Local / other,55,52,0.0,54.0
2026-08-04,2026-08-02,Summer,56,Local / other,50,50,0.0,49.0
2026-08-04,2026-08-02,Summer,72M,Local / other,82,59,7.0,81.0
2026-08-04,2026-08-02,Summer,239,Local / other,71,50,9.0,70.0
2026-08-04,2026-08-02,Summer,60,Local / other,65,52,0.0,64.0
2026-08-04,2026-08-02,Summer,31,Local / other,66,45,10.0,65.0
2026-08-04,2026-08-02,Summer,34,Local / other,50,43,0.0,49.0
2026-08-04,2026-08-02,Summer,72L,Local / other,54,42,3.0,53.0
2026-08-04,2026-08-02,Summer,95,Local / other,42,42,0.0,41.0
2026-08-04,2026-08-02,Summer,35,Local / other,52,43,0.0,51.0
2026-08-04,2026-08-02,Summer,65,Local / other,40,40,0.0,39.0
2026-08-04,2026-08-02,Summer,28,Local / other,51,40,0.0,50.0
2026-08-04,2026-08-02,Summer,41,Local / other,34,34,0.0,33.0
2026-08-04,2026-08-02,Summer,7,Local / other,34,34,0.0,33.0
2026-08-04,2026-08-02,Summer,19,Local / other,32,29,0.0,31.0
2026-08-04,2026-08-02,Summer,281,Local / other,30,30,0.0,29.0
2026-08-04,2026-08-02,Summer,67,Local / other,29,29,0.0,28.0
2026-08-04,2026-08-02,Summer,216,Local / other,28,28,0.0,27.0
2026-08-04,2026-08-02,Summer,46L,Local / other,27,27,0.0,26.0
2026-08-04,2026-08-02,Summer,231,Local / other,41,21,10.0,40.0
2026-08-04,2026-08-02,Summer,251,Local / other,27,19,1.0,26.0
2026-08-04,2026-08-02,Summer,800,All Nighter,27,25,1.0,26.0
2026-08-04,2026-08-02,Summer,840,All Nighter,12,11,0.0,11.0
2026-08-04,2026-08-02,Summer,801,All Nighter,11,11,0.0,10.0
2026-08-04,2026-08-02,Summer,851,All Nighter,10,10,0.0,9.0
2026-08-04,2026-08-02,Summer,805,All Nighter,12,10,0.0,11.0
2026-08-04,2026-08-02,Summer,802,All Nighter,10,10,0.0,9.0
2026-08-04,2026-08-02,Summer,V,Transbay,10,10,0.0,9.0
2026-08-04,2026-08-02,Summer,J,Transbay,10,10,0.0,9.0
2026-08-04,2026-08-02,Summer,G,Transbay,10,9,0.0,9.0
2026-08-04,2026-08-02,Summer,P,Transbay,16,16,0.0,15.0
2026-08-04,2026-08-02,Summer,NX,Transbay,9,8,0.0,8.0
2026-08-04,2026-08-02,Summer,FS,Transbay,4,4,0.0,3.0
2026-08-04,2026-08-02,Summer,E,Transbay,8,8,0.0,7.0
2026-08-04,2026-08-02,Summer,NX3,Transbay,7,5,0.0,6.0
2026-08-04,2026-08-02,Summer,703,Early Bird,1,1,0.0,0.0
2026-08-04,2026-08-02,Summer,U,Transbay,11,0,9.0,10.0
2026-08-04,2026-08-02,Summer,L,Transbay,8,8,0.0,7.0
2026-08-04,2026-08-02,Summer,702,Early Bird,1,1,0.0,0.0
2026-08-04,2026-08-02,Summer,701,Early Bird,2,2,0.0,1.0
2026-08-04,2026-08-02,Summer,W,Transbay,9,9,0.0,8.0
2026-08-05,2026-08-02,Summer,40,Local / other,197,182,0.0,196.0
2026-08-05,2026-08-02,Summer,51B,Local / other,173,170,0.0,172.0
2026-08-05,2026-08-02,Summer,51A,Local / other,174,169,0.0,173.0
2026-08-05,2026-08-02,Summer,6,Local / other,173,158,2.0,172.0
2026-08-05,2026-08-02,Summer,18,Local / other,144,134,0.0,143.0
2026-08-05,2026-08-02,Summer,52,Local / other,129,127,0.0,128.0
2026-08-05,2026-08-02,Summer,1T,Local / other,221,159,15.0,220.0
2026-08-05,2026-08-02,Summer,57,Local / other,150,139,0.0,149.0
2026-08-05,2026-08-02,Summer,9,Local / other,146,110,6.0,145.0
2026-08-05,2026-08-02,Summer,90,Local / other,104,101,0.0,103.0
2026-08-05,2026-08-02,Summer,NL,Transbay,113,110,0.0,112.0
2026-08-05,2026-08-02,Summer,14,Local / other,108,107,0.0,107.0
2026-08-05,2026-08-02,Summer,98,Local / other,104,102,0.0,103.0
2026-08-05,2026-08-02,Summer,73,Local / other,110,99,0.0,109.0
2026-08-05,2026-08-02,Summer,88,Local / other,110,97,0.0,109.0
2026-08-05,2026-08-02,Summer,62,Local / other,111,90,4.0,110.0
2026-08-05,2026-08-02,Summer,54,Local / other,111,108,0.0,110.0
2026-08-05,2026-08-02,Summer,97,Local / other,121,80,20.0,120.0
2026-08-05,2026-08-02,Summer,200,Local / other,76,76,0.0,75.0
2026-08-05,2026-08-02,Summer,86,Local / other,77,77,0.0,76.0
2026-08-05,2026-08-02,Summer,12,Local / other,104,103,0.0,103.0
2026-08-05,2026-08-02,Summer,36,Local / other,78,78,0.0,77.0
2026-08-05,2026-08-02,Summer,45,Local / other,81,75,0.0,80.0
2026-08-05,2026-08-02,Summer,210,Local / other,69,69,0.0,68.0
2026-08-05,2026-08-02,Summer,74,Local / other,71,68,0.0,70.0
2026-08-05,2026-08-02,Summer,F,Transbay,80,69,5.0,79.0
2026-08-05,2026-08-02,Summer,96,Local / other,67,67,0.0,66.0
2026-08-05,2026-08-02,Summer,22,Local / other,66,66,0.0,65.0
2026-08-05,2026-08-02,Summer,31,Local / other,66,63,0.0,65.0
2026-08-05,2026-08-02,Summer,27,Local / other,78,64,0.0,77.0
2026-08-05,2026-08-02,Summer,30,Local / other,81,66,2.0,80.0
2026-08-05,2026-08-02,Summer,O,Transbay,69,66,0.0,68.0
2026-08-05,2026-08-02,Summer,72,Local / other,78,59,5.0,77.0
2026-08-05,2026-08-02,Summer,211,Local / other,78,56,2.0,77.0
2026-08-05,2026-08-02,Summer,71,Local / other,54,53,0.0,53.0
2026-08-05,2026-08-02,Summer,93,Local / other,52,52,0.0,51.0
2026-08-05,2026-08-02,Summer,70,Local / other,55,51,0.0,54.0
2026-08-05,2026-08-02,Summer,56,Local / other,50,50,0.0,49.0
2026-08-05,2026-08-02,Summer,72M,Local / other,82,58,10.0,81.0
2026-08-05,2026-08-02,Summer,239,Local / other,71,50,2.0,70.0
2026-08-05,2026-08-02,Summer,76,Local / other,78,49,12.0,77.0
2026-08-05,2026-08-02,Summer,28,Local / other,51,44,0.0,50.0
2026-08-05,2026-08-02,Summer,60,Local / other,65,46,3.0,64.0
2026-08-05,2026-08-02,Summer,95,Local / other,42,42,0.0,41.0
2026-08-05,2026-08-02,Summer,34,Local / other,50,41,0.0,49.0
2026-08-05,2026-08-02,Summer,35,Local / other,52,44,0.0,51.0
2026-08-05,2026-08-02,Summer,72L,Local / other,54,40,5.0,53.0
2026-08-05,2026-08-02,Summer,65,Local / other,40,40,0.0,39.0
2026-08-05,2026-08-02,Summer,19,Local / other,32,32,0.0,31.0
2026-08-05,2026-08-02,Summer,7,Local / other,34,34,0.0,33.0
2026-08-05,2026-08-02,Summer,281,Local / other,30,30,0.0,29.0
2026-08-05,2026-08-02,Summer,67,Local / other,29,29,0.0,28.0
2026-08-05,2026-08-02,Summer,216,Local / other,28,28,0.0,27.0
2026-08-05,2026-08-02,Summer,231,Local / other,41,28,3.0,40.0
2026-08-05,2026-08-02,Summer,41,Local / other,34,25,0.0,33.0
2026-08-05,2026-08-02,Summer,251,Local / other,27,23,0.0,26.0
2026-08-05,2026-08-02,Summer,800,All Nighter,27,25,1.0,26.0
2026-08-05,2026-08-02,Summer,46L,Local / other,27,16,7.0,26.0
2026-08-05,2026-08-02,Summer,802,All Nighter,10,10,0.0,9.0
2026-08-05,2026-08-02,Summer,G,Transbay,10,10,0.0,9.0
2026-08-05,2026-08-02,Summer,J,Transbay,10,10,0.0,9.0
2026-08-05,2026-08-02,Summer,P,Transbay,16,16,0.0,15.0
2026-08-05,2026-08-02,Summer,801,All Nighter,11,8,0.0,10.0
2026-08-05,2026-08-02,Summer,805,All Nighter,12,8,0.0,11.0
2026-08-05,2026-08-02,Summer,851,All Nighter,10,10,0.0,9.0
2026-08-05,2026-08-02,Summer,840,All Nighter,12,9,0.0,11.0
2026-08-05,2026-08-02,Summer,V,Transbay,10,10,0.0,9.0
2026-08-05,2026-08-02,Summer,NX,Transbay,9,9,0.0,8.0
2026-08-05,2026-08-02,Summer,FS,Transbay,4,4,0.0,3.0
2026-08-05,2026-08-02,Summer,E,Transbay,8,8,0.0,7.0
2026-08-05,2026-08-02,Summer,NX3,Transbay,7,7,0.0,6.0
2026-08-05,2026-08-02,Summer,703,Early Bird,1,1,0.0,0.0
2026-08-05,2026-08-02,Summer,701,Early Bird,2,2,0.0,1.0
2026-08-05,2026-08-02,Summer,702,Early Bird,1,1,0.0,0.0
2026-08-05,2026-08-02,Summer,L,Transbay,8,8,0.0,7.0
2026-08-05,2026-08-02,Summer,W,Transbay,9,9,0.0,8.0
2026-08-05,2026-08-02,Summer,U,Transbay,11,0,9.0,10.0
2026-08-06,2026-08-02,Summer,40,Local / other,197,177,0.0,196.0
2026-08-06,2026-08-02,Summer,6,Local / other,173,161,0.0,172.0
2026-08-06,2026-08-02,Summer,51A,Local / other,174,159,3.0,173.0
2026-08-06,2026-08-02,Summer,1T,Local / other,221,176,17.0,220.0
2026-08-06,2026-08-02,Summer,51B,Local / other,173,138,9.0,172.0
2026-08-06,2026-08-02,Summer,18,Local / other,144,137,0.0,143.0
2026-08-06,2026-08-02,Summer,52,Local / other,129,129,0.0,128.0
2026-08-06,2026-08-02,Summer,57,Local / other,150,144,1.0,149.0
2026-08-06,2026-08-02,Summer,9,Local / other,146,124,5.0,145.0
2026-08-06,2026-08-02,Summer,73,Local / other,110,102,0.0,109.0
2026-08-06,2026-08-02,Summer,62,Local / other,111,103,0.0,110.0
2026-08-06,2026-08-02,Summer,88,Local / other,110,105,0.0,109.0
2026-08-06,2026-08-02,Summer,98,Local / other,104,97,0.0,103.0
2026-08-06,2026-08-02,Summer,54,Local / other,111,105,0.0,110.0
2026-08-06,2026-08-02,Summer,90,Local / other,104,93,0.0,103.0
2026-08-06,2026-08-02,Summer,NL,Transbay,113,103,0.0,112.0
2026-08-06,2026-08-02,Summer,14,Local / other,108,92,4.0,107.0
2026-08-06,2026-08-02,Summer,45,Local / other,81,79,0.0,80.0
2026-08-06,2026-08-02,Summer,200,Local / other,76,76,0.0,75.0
2026-08-06,2026-08-02,Summer,86,Local / other,77,75,0.0,76.0
2026-08-06,2026-08-02,Summer,30,Local / other,81,81,0.0,80.0
2026-08-06,2026-08-02,Summer,F,Transbay,80,79,0.0,79.0
2026-08-06,2026-08-02,Summer,211,Local / other,78,76,0.0,77.0
2026-08-06,2026-08-02,Summer,12,Local / other,104,102,0.0,103.0
2026-08-06,2026-08-02,Summer,97,Local / other,121,76,8.0,120.0
2026-08-06,2026-08-02,Summer,36,Local / other,78,70,1.0,77.0
2026-08-06,2026-08-02,Summer,210,Local / other,69,69,0.0,68.0
2026-08-06,2026-08-02,Summer,76,Local / other,78,75,0.0,77.0
2026-08-06,2026-08-02,Summer,31,Local / other,66,66,0.0,65.0
2026-08-06,2026-08-02,Summer,27,Local / other,78,64,4.0,77.0
2026-08-06,2026-08-02,Summer,74,Local / other,71,63,0.0,70.0
2026-08-06,2026-08-02,Summer,72,Local / other,78,62,3.0,77.0
2026-08-06,2026-08-02,Summer,96,Local / other,67,62,0.0,66.0
2026-08-06,2026-08-02,Summer,O,Transbay,69,61,4.0,68.0
2026-08-06,2026-08-02,Summer,71,Local / other,54,54,0.0,53.0
2026-08-06,2026-08-02,Summer,72L,Local / other,54,53,0.0,53.0
2026-08-06,2026-08-02,Summer,93,Local / other,52,52,0.0,51.0
2026-08-06,2026-08-02,Summer,56,Local / other,50,50,0.0,49.0
2026-08-06,2026-08-02,Summer,72M,Local / other,82,60,5.0,81.0
2026-08-06,2026-08-02,Summer,60,Local / other,65,50,0.0,64.0
2026-08-06,2026-08-02,Summer,239,Local / other,71,50,8.0,70.0
2026-08-06,2026-08-02,Summer,22,Local / other,66,49,4.0,65.0
2026-08-06,2026-08-02,Summer,35,Local / other,52,45,0.0,51.0
2026-08-06,2026-08-02,Summer,70,Local / other,55,44,6.0,54.0
2026-08-06,2026-08-02,Summer,34,Local / other,50,43,0.0,49.0
2026-08-06,2026-08-02,Summer,95,Local / other,42,42,0.0,41.0
2026-08-06,2026-08-02,Summer,65,Local / other,40,40,0.0,39.0
2026-08-06,2026-08-02,Summer,28,Local / other,51,39,0.0,50.0
2026-08-06,2026-08-02,Summer,19,Local / other,32,32,0.0,31.0
2026-08-06,2026-08-02,Summer,7,Local / other,34,34,0.0,33.0
2026-08-06,2026-08-02,Summer,281,Local / other,30,30,0.0,29.0
2026-08-06,2026-08-02,Summer,67,Local / other,29,29,0.0,28.0
2026-08-06,2026-08-02,Summer,216,Local / other,28,28,0.0,27.0
2026-08-06,2026-08-02,Summer,46L,Local / other,27,27,0.0,26.0
2026-08-06,2026-08-02,Summer,231,Local / other,41,27,0.0,40.0
2026-08-06,2026-08-02,Summer,41,Local / other,34,19,0.0,33.0
2026-08-06,2026-08-02,Summer,251,Local / other,27,17,1.0,26.0
2026-08-06,2026-08-02,Summer,800,All Nighter,27,25,1.0,26.0
2026-08-06,2026-08-02,Summer,840,All Nighter,12,12,0.0,11.0
2026-08-06,2026-08-02,Summer,851,All Nighter,10,10,0.0,9.0
2026-08-06,2026-08-02,Summer,801,All Nighter,11,11,0.0,10.0
2026-08-06,2026-08-02,Summer,805,All Nighter,12,11,0.0,11.0
2026-08-06,2026-08-02,Summer,802,All Nighter,10,10,0.0,9.0
2026-08-06,2026-08-02,Summer,G,Transbay,10,10,0.0,9.0
2026-08-06,2026-08-02,Summer,V,Transbay,10,10,0.0,9.0
2026-08-06,2026-08-02,Summer,P,Transbay,16,16,0.0,15.0
2026-08-06,2026-08-02,Summer,J,Transbay,10,10,0.0,9.0
2026-08-06,2026-08-02,Summer,FS,Transbay,4,4,0.0,3.0
2026-08-06,2026-08-02,Summer,NX,Transbay,9,9,0.0,8.0
2026-08-06,2026-08-02,Summer,E,Transbay,8,8,0.0,7.0
2026-08-06,2026-08-02,Summer,NX3,Transbay,7,6,0.0,6.0
2026-08-06,2026-08-02,Summer,627,School,2,2,0.0,1.0
2026-08-06,2026-08-02,Summer,W,Transbay,9,8,0.0,8.0
2026-08-06,2026-08-02,Summer,629,School,2,2,0.0,1.0
2026-08-06,2026-08-02,Summer,703,Early Bird,1,1,0.0,0.0
2026-08-06,2026-08-02,Summer,U,Transbay,11,0,9.0,10.0
2026-08-06,2026-08-02,Summer,L,Transbay,8,8,0.0,7.0
2026-08-06,2026-08-02,Summer,702,Early Bird,1,1,0.0,0.0
2026-08-06,2026-08-02,Summer,701,Early Bird,2,2,0.0,1.0
2026-08-06,2026-08-02,Summer,620,School,2,2,0.0,1.0
2026-08-07,2026-08-02,Summer,51B,Local / other,173,169,0.0,172.0
2026-08-07,2026-08-02,Summer,40,Local / other,197,158,4.0,196.0
2026-08-07,2026-08-02,Summer,51A,Local / other,173,136,8.0,172.0
2026-08-07,2026-08-02,Summer,9,Local / other,146,134,3.0,145.0
2026-08-07,2026-08-02,Summer,18,Local / other,144,129,3.0,143.0
2026-08-07,2026-08-02,Summer,1T,Local / other,221,162,31.0,220.0
2026-08-07,2026-08-02,Summer,6,Local / other,173,123,11.0,172.0
2026-08-07,2026-08-02,Summer,52,Local / other,129,118,0.0,128.0
2026-08-07,2026-08-02,Summer,57,Local / other,150,118,9.0,149.0
2026-08-07,2026-08-02,Summer,88,Local / other,110,104,0.0,109.0
2026-08-07,2026-08-02,Summer,54,Local / other,111,111,0.0,110.0
2026-08-07,2026-08-02,Summer,90,Local / other,104,92,1.0,103.0
2026-08-07,2026-08-02,Summer,98,Local / other,104,93,0.0,103.0
2026-08-07,2026-08-02,Summer,14,Local / other,108,89,4.0,107.0
2026-08-07,2026-08-02,Summer,62,Local / other,111,79,1.0,110.0
2026-08-07,2026-08-02,Summer,86,Local / other,77,77,0.0,76.0
2026-08-07,2026-08-02,Summer,211,Local / other,78,78,0.0,77.0
2026-08-07,2026-08-02,Summer,27,Local / other,78,78,0.0,77.0
2026-08-07,2026-08-02,Summer,97,Local / other,121,76,10.0,120.0
2026-08-07,2026-08-02,Summer,NL,Transbay,113,85,4.0,112.0
2026-08-07,2026-08-02,Summer,200,Local / other,76,70,0.0,75.0
2026-08-07,2026-08-02,Summer,45,Local / other,81,72,0.0,80.0
2026-08-07,2026-08-02,Summer,F,Transbay,80,74,0.0,79.0
2026-08-07,2026-08-02,Summer,36,Local / other,78,72,0.0,77.0
2026-08-07,2026-08-02,Summer,210,Local / other,69,68,0.0,68.0
2026-08-07,2026-08-02,Summer,30,Local / other,81,72,1.0,80.0
2026-08-07,2026-08-02,Summer,76,Local / other,78,71,0.0,77.0
2026-08-07,2026-08-02,Summer,74,Local / other,71,66,0.0,70.0
2026-08-07,2026-08-02,Summer,12,Local / other,104,81,1.0,103.0
2026-08-07,2026-08-02,Summer,96,Local / other,67,65,0.0,66.0
2026-08-07,2026-08-02,Summer,239,Local / other,71,65,1.0,70.0
2026-08-07,2026-08-02,Summer,73,Local / other,110,60,27.0,109.0
2026-08-07,2026-08-02,Summer,O,Transbay,69,59,1.0,68.0
2026-08-07,2026-08-02,Summer,31,Local / other,66,54,3.0,65.0
2026-08-07,2026-08-02,Summer,72,Local / other,78,49,13.0,77.0
2026-08-07,2026-08-02,Summer,28,Local / other,51,49,0.0,50.0
2026-08-07,2026-08-02,Summer,22,Local / other,66,49,1.0,65.0
2026-08-07,2026-08-02,Summer,71,Local / other,54,47,2.0,53.0
2026-08-07,2026-08-02,Summer,72M,Local / other,82,57,10.0,81.0
2026-08-07,2026-08-02,Summer,95,Local / other,42,42,0.0,41.0
2026-08-07,2026-08-02,Summer,34,Local / other,50,42,0.0,49.0
2026-08-07,2026-08-02,Summer,35,Local / other,52,43,0.0,51.0
2026-08-07,2026-08-02,Summer,65,Local / other,40,40,0.0,39.0
2026-08-07,2026-08-02,Summer,70,Local / other,55,41,3.0,54.0
2026-08-07,2026-08-02,Summer,231,Local / other,41,40,0.0,40.0
2026-08-07,2026-08-02,Summer,41,Local / other,34,34,0.0,33.0
2026-08-07,2026-08-02,Summer,93,Local / other,52,35,4.0,51.0
2026-08-07,2026-08-02,Summer,72L,Local / other,54,34,0.0,53.0
2026-08-07,2026-08-02,Summer,56,Local / other,50,31,7.0,49.0
2026-08-07,2026-08-02,Summer,7,Local / other,34,34,0.0,33.0
2026-08-07,2026-08-02,Summer,67,Local / other,29,29,0.0,28.0
2026-08-07,2026-08-02,Summer,251,Local / other,27,26,0.0,26.0
2026-08-07,2026-08-02,Summer,46L,Local / other,27,27,0.0,26.0
2026-08-07,2026-08-02,Summer,60,Local / other,65,26,21.0,64.0
2026-08-07,2026-08-02,Summer,281,Local / other,30,26,0.0,29.0
2026-08-07,2026-08-02,Summer,216,Local / other,28,24,0.0,27.0
2026-08-07,2026-08-02,Summer,19,Local / other,32,23,0.0,31.0
2026-08-07,2026-08-02,Summer,800,All Nighter,27,25,1.0,26.0
2026-08-07,2026-08-02,Summer,840,All Nighter,12,12,0.0,11.0
2026-08-07,2026-08-02,Summer,805,All Nighter,12,11,0.0,11.0
2026-08-07,2026-08-02,Summer,802,All Nighter,10,10,0.0,9.0
2026-08-07,2026-08-02,Summer,P,Transbay,16,16,0.0,15.0
2026-08-07,2026-08-02,Summer,801,All Nighter,11,9,0.0,10.0
2026-08-07,2026-08-02,Summer,851,All Nighter,10,10,0.0,9.0
2026-08-07,2026-08-02,Summer,G,Transbay,10,10,0.0,9.0
2026-08-07,2026-08-02,Summer,J,Transbay,10,10,0.0,9.0
2026-08-07,2026-08-02,Summer,V,Transbay,10,9,0.0,9.0
2026-08-07,2026-08-02,Summer,E,Transbay,8,8,0.0,7.0
2026-08-07,2026-08-02,Summer,NX,Transbay,9,8,0.0,8.0
2026-08-07,2026-08-02,Summer,FS,Transbay,4,4,0.0,3.0
2026-08-07,2026-08-02,Summer,NX3,Transbay,7,6,0.0,6.0
2026-08-07,2026-08-02,Summer,629,School,2,2,0.0,1.0
2026-08-07,2026-08-02,Summer,702,Early Bird,1,0,0.0,0.0
2026-08-07,2026-08-02,Summer,703,Early Bird,1,1,0.0,0.0
2026-08-07,2026-08-02,Summer,620,School,2,2,0.0,1.0
2026-08-07,2026-08-02,Summer,W,Transbay,9,8,0.0,8.0
2026-08-07,2026-08-02,Summer,627,School,2,2,0.0,1.0
2026-08-07,2026-08-02,Summer,701,Early Bird,2,2,0.0,1.0
2026-08-07,2026-08-02,Summer,L,Transbay,8,8,0.0,7.0
2026-08-07,2026-08-02,Summer,U,Transbay,11,0,9.0,10.0
2026-08-08,2026-08-02,Summer,6,Local / other,151,142,0.0,150.0
2026-08-08,2026-08-02,Summer,57,Local / other,152,141,2.0,151.0
2026-08-08,2026-08-02,Summer,51B,Local / other,140,114,1.0,139.0
2026-08-08,2026-08-02,Summer,51A,Local / other,131,110,6.0,130.0
2026-08-08,2026-08-02,Summer,88,Local / other,100,95,1.0,99.0
2026-08-08,2026-08-02,Summer,52,Local / other,92,92,0.0,91.0
2026-08-08,2026-08-02,Summer,40,Local / other,133,89,19.0,132.0
2026-08-08,2026-08-02,Summer,18,Local / other,107,90,0.0,106.0
2026-08-08,2026-08-02,Summer,9,Local / other,136,93,17.0,135.0
2026-08-08,2026-08-02,Summer,1T,Local / other,220,110,68.0,219.0
2026-08-08,2026-08-02,Summer,73,Local / other,110,73,7.0,109.0
2026-08-08,2026-08-02,Summer,F,Transbay,77,71,0.0,76.0
2026-08-08,2026-08-02,Summer,86,Local / other,78,75,0.0,77.0
2026-08-08,2026-08-02,Summer,200,Local / other,76,71,0.0,75.0
2026-08-08,2026-08-02,Summer,54,Local / other,74,67,0.0,73.0
2026-08-08,2026-08-02,Summer,14,Local / other,100,64,14.0,99.0
2026-08-08,2026-08-02,Summer,96,Local / other,66,66,0.0,65.0
2026-08-08,2026-08-02,Summer,36,Local / other,74,64,4.0,73.0
2026-08-08,2026-08-02,Summer,30,Local / other,80,64,6.0,79.0
2026-08-08,2026-08-02,Summer,22,Local / other,66,66,0.0,65.0
2026-08-08,2026-08-02,Summer,211,Local / other,74,63,1.0,73.0
2026-08-08,2026-08-02,Summer,62,Local / other,99,54,18.0,98.0
2026-08-08,2026-08-02,Summer,98,Local / other,66,55,5.0,65.0
2026-08-08,2026-08-02,Summer,90,Local / other,67,55,4.0,66.0
2026-08-08,2026-08-02,Summer,31,Local / other,65,58,0.0,64.0
2026-08-08,2026-08-02,Summer,45,Local / other,66,54,4.0,65.0
2026-08-08,2026-08-02,Summer,210,Local / other,64,57,2.0,63.0
2026-08-08,2026-08-02,Summer,NL,Transbay,75,55,0.0,74.0
2026-08-08,2026-08-02,Summer,76,Local / other,74,52,3.0,73.0
2026-08-08,2026-08-02,Summer,27,Local / other,66,40,11.0,65.0
2026-08-08,2026-08-02,Summer,97,Local / other,71,43,7.0,70.0
2026-08-08,2026-08-02,Summer,12,Local / other,74,58,0.0,73.0
2026-08-08,2026-08-02,Summer,60,Local / other,50,42,2.0,49.0
2026-08-08,2026-08-02,Summer,72L,Local / other,54,39,5.0,53.0
2026-08-08,2026-08-02,Summer,72M,Local / other,82,42,25.0,81.0
2026-08-08,2026-08-02,Summer,231,Local / other,42,41,0.0,41.0
2026-08-08,2026-08-02,Summer,95,Local / other,42,39,0.0,41.0
2026-08-08,2026-08-02,Summer,28,Local / other,50,39,0.0,49.0
2026-08-08,2026-08-02,Summer,74,Local / other,54,38,4.0,53.0
2026-08-08,2026-08-02,Summer,34,Local / other,34,33,0.0,33.0
2026-08-08,2026-08-02,Summer,35,Local / other,34,33,0.0,33.0
2026-08-08,2026-08-02,Summer,O,Transbay,34,34,0.0,33.0
2026-08-08,2026-08-02,Summer,41,Local / other,34,34,0.0,33.0
2026-08-08,2026-08-02,Summer,93,Local / other,34,33,0.0,33.0
2026-08-08,2026-08-02,Summer,56,Local / other,34,30,0.0,33.0
2026-08-08,2026-08-02,Summer,239,Local / other,34,28,0.0,33.0
2026-08-08,2026-08-02,Summer,216,Local / other,28,28,0.0,27.0
2026-08-08,2026-08-02,Summer,72,Local / other,77,25,35.0,76.0
2026-08-08,2026-08-02,Summer,7,Local / other,34,25,0.0,33.0
2026-08-08,2026-08-02,Summer,251,Local / other,28,26,0.0,27.0
2026-08-08,2026-08-02,Summer,70,Local / other,28,21,0.0,27.0
2026-08-08,2026-08-02,Summer,281,Local / other,26,21,0.0,25.0
2026-08-08,2026-08-02,Summer,71,Local / other,28,19,2.0,27.0
2026-08-08,2026-08-02,Summer,800,All Nighter,25,25,0.0,24.0
2026-08-08,2026-08-02,Summer,19,Local / other,32,16,0.0,31.0
2026-08-08,2026-08-02,Summer,840,All Nighter,12,12,0.0,11.0
2026-08-08,2026-08-02,Summer,805,All Nighter,11,11,0.0,10.0
2026-08-08,2026-08-02,Summer,802,All Nighter,10,10,0.0,9.0
2026-08-08,2026-08-02,Summer,801,All Nighter,11,9,0.0,10.0
2026-08-08,2026-08-02,Summer,851,All Nighter,10,10,0.0,9.0
2026-08-10,2026-08-09,Post-shift,6,Local / other,173,156,,
2026-08-10,2026-08-09,Post-shift,51A,Local / other,174,155,,
2026-08-10,2026-08-09,Post-shift,51B,Local / other,173,148,,
2026-08-10,2026-08-09,Post-shift,40,Local / other,197,141,,
2026-08-10,2026-08-09,Post-shift,57,Local / other,151,144,,
2026-08-10,2026-08-09,Post-shift,18,Local / other,144,138,,
2026-08-10,2026-08-09,Post-shift,1T,Local / other,221,156,,
2026-08-10,2026-08-09,Post-shift,52,Local / other,129,114,,
2026-08-10,2026-08-09,Post-shift,9,Local / other,146,111,,
2026-08-10,2026-08-09,Post-shift,73,Local / other,110,101,,
2026-08-10,2026-08-09,Post-shift,90,Local / other,104,96,,
2026-08-10,2026-08-09,Post-shift,98,Local / other,104,96,,
2026-08-10,2026-08-09,Post-shift,88,Local / other,110,100,,
2026-08-10,2026-08-09,Post-shift,97,Local / other,121,98,,
2026-08-10,2026-08-09,Post-shift,54,Local / other,109,109,,
2026-08-10,2026-08-09,Post-shift,NL,Transbay,113,97,,
2026-08-10,2026-08-09,Post-shift,211,Local / other,78,77,,
2026-08-10,2026-08-09,Post-shift,200,Local / other,76,74,,
2026-08-10,2026-08-09,Post-shift,86,Local / other,77,77,,
2026-08-10,2026-08-09,Post-shift,36,Local / other,78,78,,
2026-08-10,2026-08-09,Post-shift,F,Transbay,85,80,,
2026-08-10,2026-08-09,Post-shift,12,Local / other,104,101,,
2026-08-10,2026-08-09,Post-shift,14,Local / other,108,77,,
2026-08-10,2026-08-09,Post-shift,74,Local / other,71,71,,
2026-08-10,2026-08-09,Post-shift,72,Local / other,78,69,,
2026-08-10,2026-08-09,Post-shift,210,Local / other,69,69,,
2026-08-10,2026-08-09,Post-shift,239,Local / other,71,71,,
2026-08-10,2026-08-09,Post-shift,45,Local / other,81,71,,
2026-08-10,2026-08-09,Post-shift,27,Local / other,78,71,,
2026-08-10,2026-08-09,Post-shift,96,Local / other,67,65,,
2026-08-10,2026-08-09,Post-shift,62,Local / other,111,63,,
2026-08-10,2026-08-09,Post-shift,76,Local / other,78,66,,
2026-08-10,2026-08-09,Post-shift,72M,Local / other,82,68,,
2026-08-10,2026-08-09,Post-shift,60,Local / other,65,64,,
2026-08-10,2026-08-09,Post-shift,22,Local / other,66,60,,
2026-08-10,2026-08-09,Post-shift,31,Local / other,66,58,,
2026-08-10,2026-08-09,Post-shift,30,Local / other,81,55,,
2026-08-10,2026-08-09,Post-shift,72L,Local / other,53,53,,
2026-08-10,2026-08-09,Post-shift,28,Local / other,51,51,,
2026-08-10,2026-08-09,Post-shift,70,Local / other,55,52,,
2026-08-10,2026-08-09,Post-shift,56,Local / other,50,50,,
2026-08-10,2026-08-09,Post-shift,O,Transbay,69,57,,
2026-08-10,2026-08-09,Post-shift,71,Local / other,54,52,,
2026-08-10,2026-08-09,Post-shift,95,Local / other,42,39,,
2026-08-10,2026-08-09,Post-shift,93,Local / other,52,38,,
2026-08-10,2026-08-09,Post-shift,231,Local / other,41,41,,
2026-08-10,2026-08-09,Post-shift,34,Local / other,50,35,,
2026-08-10,2026-08-09,Post-shift,35,Local / other,52,37,,
2026-08-10,2026-08-09,Post-shift,41,Local / other,34,31,,
2026-08-10,2026-08-09,Post-shift,65,Local / other,40,31,,
2026-08-10,2026-08-09,Post-shift,281,Local / other,30,30,,
2026-08-10,2026-08-09,Post-shift,67,Local / other,29,29,,
2026-08-10,2026-08-09,Post-shift,19,Local / other,32,29,,
2026-08-10,2026-08-09,Post-shift,251,Local / other,27,27,,
2026-08-10,2026-08-09,Post-shift,7,Local / other,34,34,,
2026-08-10,2026-08-09,Post-shift,216,Local / other,28,28,,
2026-08-10,2026-08-09,Post-shift,46L,Local / other,27,27,,
2026-08-10,2026-08-09,Post-shift,800,All Nighter,26,24,,
2026-08-10,2026-08-09,Post-shift,840,All Nighter,12,12,,
2026-08-10,2026-08-09,Post-shift,801,All Nighter,11,11,,
2026-08-10,2026-08-09,Post-shift,805,All Nighter,12,11,,
2026-08-10,2026-08-09,Post-shift,851,All Nighter,10,10,,
2026-08-10,2026-08-09,Post-shift,V,Transbay,10,10,,
2026-08-10,2026-08-09,Post-shift,P,Transbay,16,15,,
2026-08-10,2026-08-09,Post-shift,G,Transbay,10,9,,
2026-08-10,2026-08-09,Post-shift,J,Transbay,10,9,,
2026-08-10,2026-08-09,Post-shift,NX,Transbay,9,5,,
2026-08-10,2026-08-09,Post-shift,FS,Transbay,4,3,,
2026-08-10,2026-08-09,Post-shift,E,Transbay,8,7,,
2026-08-10,2026-08-09,Post-shift,NX3,Transbay,7,6,,
2026-08-10,2026-08-09,Post-shift,650,School,2,1,,
2026-08-10,2026-08-09,Post-shift,696,School,2,1,,
2026-08-10,2026-08-09,Post-shift,680,School,2,1,,
2026-08-10,2026-08-09,Post-shift,W,Transbay,9,7,,
2026-08-10,2026-08-09,Post-shift,654,School,5,3,,
2026-08-10,2026-08-09,Post-shift,648,School,4,2,,
2026-08-10,2026-08-09,Post-shift,L,Transbay,8,8,,
2026-08-10,2026-08-09,Post-shift,702,Early Bird,1,1,,
2026-08-10,2026-08-09,Post-shift,U,Transbay,11,0,,
2026-08-10,2026-08-09,Post-shift,652,School,2,1,,
2026-08-10,2026-08-09,Post-shift,682,School,5,3,,
2026-08-10,2026-08-09,Post-shift,683,School,1,0,,
2026-08-10,2026-08-09,Post-shift,620,School,2,1,,
2026-08-10,2026-08-09,Post-shift,657,School,6,4,,
2026-08-10,2026-08-09,Post-shift,629,School,2,2,,
2026-08-10,2026-08-09,Post-shift,617,School,2,1,,
2026-08-10,2026-08-09,Post-shift,651,School,2,1,,
2026-08-10,2026-08-09,Post-shift,653,School,4,2,,
2026-08-10,2026-08-09,Post-shift,649,School,4,2,,
2026-08-10,2026-08-09,Post-shift,660,School,2,1,,
2026-08-10,2026-08-09,Post-shift,638,School,2,1,,
2026-08-10,2026-08-09,Post-shift,642,School,1,1,,
2026-08-10,2026-08-09,Post-shift,658,School,3,2,,
2026-08-10,2026-08-09,Post-shift,646,School,7,3,,
2026-08-10,2026-08-09,Post-shift,701,Early Bird,2,2,,
2026-08-10,2026-08-09,Post-shift,639,School,2,1,,
2026-08-10,2026-08-09,Post-shift,677,School,2,1,,
2026-08-10,2026-08-09,Post-shift,662,School,2,1,,
2026-08-10,2026-08-09,Post-shift,802,All Nighter,10,0,,
2026-08-10,2026-08-09,Post-shift,633,School,2,1,,
2026-08-10,2026-08-09,Post-shift,655,School,4,2,,
2026-08-10,2026-08-09,Post-shift,627,School,2,1,,
2026-08-10,2026-08-09,Post-shift,703,Early Bird,1,1,,
2026-08-11,2026-08-09,Post-shift,40,Local / other,197,191,,
2026-08-11,2026-08-09,Post-shift,6,Local / other,173,168,,
2026-08-11,2026-08-09,Post-shift,51B,Local / other,173,167,,
2026-08-11,2026-08-09,Post-shift,1T,Local / other,221,189,,
2026-08-11,2026-08-09,Post-shift,51A,Local / other,174,147,,
2026-08-11,2026-08-09,Post-shift,57,Local / other,151,147,,
2026-08-11,2026-08-09,Post-shift,18,Local / other,144,138,,
2026-08-11,2026-08-09,Post-shift,52,Local / other,129,123,,
2026-08-11,2026-08-09,Post-shift,9,Local / other,146,123,,
2026-08-11,2026-08-09,Post-shift,88,Local / other,110,109,,
2026-08-11,2026-08-09,Post-shift,97,Local / other,121,113,,
2026-08-11,2026-08-09,Post-shift,62,Local / other,111,103,,
2026-08-11,2026-08-09,Post-shift,98,Local / other,104,91,,
2026-08-11,2026-08-09,Post-shift,90,Local / other,104,85,,
2026-08-11,2026-08-09,Post-shift,14,Local / other,108,92,,
2026-08-11,2026-08-09,Post-shift,NL,Transbay,113,97,,
2026-08-11,2026-08-09,Post-shift,73,Local / other,110,85,,
2026-08-11,2026-08-09,Post-shift,211,Local / other,78,76,,
2026-08-11,2026-08-09,Post-shift,72,Local / other,78,75,,
2026-08-11,2026-08-09,Post-shift,200,Local / other,76,75,,
2026-08-11,2026-08-09,Post-shift,F,Transbay,85,78,,
2026-08-11,2026-08-09,Post-shift,86,Local / other,77,73,,
2026-08-11,2026-08-09,Post-shift,72M,Local / other,82,79,,
2026-08-11,2026-08-09,Post-shift,36,Local / other,78,74,,
2026-08-11,2026-08-09,Post-shift,45,Local / other,81,74,,
2026-08-11,2026-08-09,Post-shift,27,Local / other,78,73,,
2026-08-11,2026-08-09,Post-shift,30,Local / other,81,74,,
2026-08-11,2026-08-09,Post-shift,76,Local / other,78,72,,
2026-08-11,2026-08-09,Post-shift,74,Local / other,71,67,,
2026-08-11,2026-08-09,Post-shift,210,Local / other,69,65,,
2026-08-11,2026-08-09,Post-shift,239,Local / other,71,68,,
2026-08-11,2026-08-09,Post-shift,96,Local / other,67,65,,
2026-08-11,2026-08-09,Post-shift,22,Local / other,66,63,,
2026-08-11,2026-08-09,Post-shift,O,Transbay,69,63,,
2026-08-11,2026-08-09,Post-shift,12,Local / other,104,91,,
2026-08-11,2026-08-09,Post-shift,54,Local / other,109,75,,
2026-08-11,2026-08-09,Post-shift,31,Local / other,66,62,,
2026-08-11,2026-08-09,Post-shift,70,Local / other,55,55,,
2026-08-11,2026-08-09,Post-shift,71,Local / other,54,54,,
2026-08-11,2026-08-09,Post-shift,72L,Local / other,53,53,,
2026-08-11,2026-08-09,Post-shift,34,Local / other,50,47,,
2026-08-11,2026-08-09,Post-shift,93,Local / other,52,50,,
2026-08-11,2026-08-09,Post-shift,56,Local / other,50,48,,
2026-08-11,2026-08-09,Post-shift,35,Local / other,52,47,,
2026-08-11,2026-08-09,Post-shift,28,Local / other,51,46,,
2026-08-11,2026-08-09,Post-shift,60,Local / other,65,48,,
2026-08-11,2026-08-09,Post-shift,65,Local / other,40,40,,
2026-08-11,2026-08-09,Post-shift,95,Local / other,42,39,,
2026-08-11,2026-08-09,Post-shift,231,Local / other,41,41,,
2026-08-11,2026-08-09,Post-shift,41,Local / other,34,30,,
2026-08-11,2026-08-09,Post-shift,19,Local / other,32,30,,
2026-08-11,2026-08-09,Post-shift,281,Local / other,30,30,,
2026-08-11,2026-08-09,Post-shift,67,Local / other,29,29,,
2026-08-11,2026-08-09,Post-shift,251,Local / other,27,27,,
2026-08-11,2026-08-09,Post-shift,216,Local / other,28,28,,
2026-08-11,2026-08-09,Post-shift,46L,Local / other,27,26,,
2026-08-11,2026-08-09,Post-shift,7,Local / other,34,28,,
2026-08-11,2026-08-09,Post-shift,800,All Nighter,26,24,,
2026-08-11,2026-08-09,Post-shift,840,All Nighter,12,12,,
2026-08-11,2026-08-09,Post-shift,801,All Nighter,11,11,,
2026-08-11,2026-08-09,Post-shift,805,All Nighter,12,11,,
2026-08-11,2026-08-09,Post-shift,851,All Nighter,10,10,,
2026-08-11,2026-08-09,Post-shift,802,All Nighter,10,10,,
2026-08-11,2026-08-09,Post-shift,P,Transbay,16,16,,
2026-08-11,2026-08-09,Post-shift,G,Transbay,10,9,,
2026-08-11,2026-08-09,Post-shift,V,Transbay,10,10,,
2026-08-11,2026-08-09,Post-shift,J,Transbay,10,10,,
2026-08-11,2026-08-09,Post-shift,623,School,10,10,,
2026-08-11,2026-08-09,Post-shift,654,School,5,5,,
2026-08-11,2026-08-09,Post-shift,NX,Transbay,9,9,,
2026-08-11,2026-08-09,Post-shift,FS,Transbay,4,4,,
2026-08-11,2026-08-09,Post-shift,653,School,4,4,,
2026-08-11,2026-08-09,Post-shift,NX3,Transbay,7,7,,
2026-08-11,2026-08-09,Post-shift,641,School,3,3,,
2026-08-11,2026-08-09,Post-shift,E,Transbay,8,8,,
2026-08-11,2026-08-09,Post-shift,682,School,5,5,,
2026-08-11,2026-08-09,Post-shift,648,School,4,4,,
2026-08-11,2026-08-09,Post-shift,680,School,2,2,,
2026-08-11,2026-08-09,Post-shift,655,School,4,4,,
2026-08-11,2026-08-09,Post-shift,657,School,6,6,,
2026-08-11,2026-08-09,Post-shift,663,School,2,2,,
2026-08-11,2026-08-09,Post-shift,652,School,2,2,,
2026-08-11,2026-08-09,Post-shift,649,School,4,4,,
2026-08-11,2026-08-09,Post-shift,633,School,2,2,,
2026-08-11,2026-08-09,Post-shift,L,Transbay,8,8,,
2026-08-11,2026-08-09,Post-shift,687,School,3,3,,
2026-08-11,2026-08-09,Post-shift,621,School,6,6,,
2026-08-11,2026-08-09,Post-shift,638,School,2,2,,
2026-08-11,2026-08-09,Post-shift,651,School,2,2,,
2026-08-11,2026-08-09,Post-shift,646,School,7,7,,
2026-08-11,2026-08-09,Post-shift,650,School,2,2,,
2026-08-11,2026-08-09,Post-shift,702,Early Bird,1,1,,
2026-08-11,2026-08-09,Post-shift,642,School,1,1,,
2026-08-11,2026-08-09,Post-shift,696,School,2,2,,
2026-08-11,2026-08-09,Post-shift,660,School,2,2,,
2026-08-11,2026-08-09,Post-shift,625,School,6,6,,
2026-08-11,2026-08-09,Post-shift,683,School,1,1,,
2026-08-11,2026-08-09,Post-shift,703,Early Bird,1,1,,
2026-08-11,2026-08-09,Post-shift,620,School,2,1,,
2026-08-11,2026-08-09,Post-shift,662,School,2,2,,
2026-08-11,2026-08-09,Post-shift,677,School,2,2,,
2026-08-11,2026-08-09,Post-shift,629,School,2,2,,
2026-08-11,2026-08-09,Post-shift,627,School,2,2,,
2026-08-11,2026-08-09,Post-shift,631,School,4,4,,
2026-08-11,2026-08-09,Post-shift,701,Early Bird,2,2,,
2026-08-11,2026-08-09,Post-shift,624,School,2,0,,
2026-08-11,2026-08-09,Post-shift,617,School,2,2,,
2026-08-11,2026-08-09,Post-shift,639,School,2,2,,
2026-08-11,2026-08-09,Post-shift,658,School,3,3,,
2026-08-11,2026-08-09,Post-shift,W,Transbay,9,9,,
2026-08-11,2026-08-09,Post-shift,U,Transbay,11,0,,
2026-08-12,2026-08-09,Post-shift,40,Local / other,197,196,0.0,196.0
2026-08-12,2026-08-09,Post-shift,6,Local / other,173,173,0.0,172.0
2026-08-12,2026-08-09,Post-shift,51B,Local / other,173,168,0.0,172.0
2026-08-12,2026-08-09,Post-shift,51A,Local / other,174,164,0.0,173.0
2026-08-12,2026-08-09,Post-shift,1T,Local / other,221,198,8.0,220.0
2026-08-12,2026-08-09,Post-shift,57,Local / other,151,150,0.0,150.0
2026-08-12,2026-08-09,Post-shift,52,Local / other,129,125,1.0,128.0
2026-08-12,2026-08-09,Post-shift,9,Local / other,146,128,0.0,145.0
2026-08-12,2026-08-09,Post-shift,18,Local / other,144,128,0.0,143.0
2026-08-12,2026-08-09,Post-shift,88,Local / other,110,110,0.0,109.0
2026-08-12,2026-08-09,Post-shift,97,Local / other,121,113,0.0,120.0
2026-08-12,2026-08-09,Post-shift,62,Local / other,111,106,0.0,110.0
2026-08-12,2026-08-09,Post-shift,14,Local / other,108,105,0.0,107.0
2026-08-12,2026-08-09,Post-shift,NL,Transbay,113,112,0.0,112.0
2026-08-12,2026-08-09,Post-shift,73,Local / other,110,93,4.0,109.0
2026-08-12,2026-08-09,Post-shift,98,Local / other,104,86,0.0,103.0
2026-08-12,2026-08-09,Post-shift,90,Local / other,104,82,1.0,103.0
2026-08-12,2026-08-09,Post-shift,45,Local / other,81,80,0.0,80.0
2026-08-12,2026-08-09,Post-shift,200,Local / other,76,76,0.0,75.0
2026-08-12,2026-08-09,Post-shift,F,Transbay,85,82,0.0,84.0
2026-08-12,2026-08-09,Post-shift,12,Local / other,104,104,0.0,103.0
2026-08-12,2026-08-09,Post-shift,86,Local / other,77,74,0.0,76.0
2026-08-12,2026-08-09,Post-shift,211,Local / other,78,74,0.0,77.0
2026-08-12,2026-08-09,Post-shift,27,Local / other,78,78,0.0,77.0
2026-08-12,2026-08-09,Post-shift,36,Local / other,78,78,0.0,77.0
2026-08-12,2026-08-09,Post-shift,74,Local / other,71,71,0.0,70.0
2026-08-12,2026-08-09,Post-shift,72,Local / other,78,69,0.0,77.0
2026-08-12,2026-08-09,Post-shift,76,Local / other,78,76,0.0,77.0
2026-08-12,2026-08-09,Post-shift,239,Local / other,71,71,0.0,70.0
2026-08-12,2026-08-09,Post-shift,72M,Local / other,82,69,3.0,81.0
2026-08-12,2026-08-09,Post-shift,210,Local / other,69,64,3.0,68.0
2026-08-12,2026-08-09,Post-shift,22,Local / other,66,66,0.0,65.0
2026-08-12,2026-08-09,Post-shift,30,Local / other,81,67,4.0,80.0
2026-08-12,2026-08-09,Post-shift,O,Transbay,69,66,0.0,68.0
2026-08-12,2026-08-09,Post-shift,31,Local / other,66,65,0.0,65.0
2026-08-12,2026-08-09,Post-shift,54,Local / other,109,78,1.0,108.0
2026-08-12,2026-08-09,Post-shift,96,Local / other,67,59,0.0,66.0
2026-08-12,2026-08-09,Post-shift,71,Local / other,54,52,0.0,53.0
2026-08-12,2026-08-09,Post-shift,93,Local / other,52,52,0.0,51.0
2026-08-12,2026-08-09,Post-shift,28,Local / other,51,51,0.0,50.0
2026-08-12,2026-08-09,Post-shift,34,Local / other,50,49,0.0,49.0
2026-08-12,2026-08-09,Post-shift,35,Local / other,52,50,0.0,51.0
2026-08-12,2026-08-09,Post-shift,70,Local / other,55,49,0.0,54.0
2026-08-12,2026-08-09,Post-shift,72L,Local / other,53,48,0.0,52.0
2026-08-12,2026-08-09,Post-shift,56,Local / other,50,42,0.0,49.0
2026-08-12,2026-08-09,Post-shift,95,Local / other,42,41,0.0,41.0
2026-08-12,2026-08-09,Post-shift,65,Local / other,40,38,1.0,39.0
2026-08-12,2026-08-09,Post-shift,60,Local / other,65,43,5.0,64.0
2026-08-12,2026-08-09,Post-shift,231,Local / other,41,40,0.0,40.0
2026-08-12,2026-08-09,Post-shift,41,Local / other,34,33,0.0,33.0
2026-08-12,2026-08-09,Post-shift,281,Local / other,30,30,0.0,29.0
2026-08-12,2026-08-09,Post-shift,251,Local / other,27,27,0.0,26.0
2026-08-12,2026-08-09,Post-shift,67,Local / other,29,28,0.0,28.0
2026-08-12,2026-08-09,Post-shift,216,Local / other,28,28,0.0,27.0
2026-08-12,2026-08-09,Post-shift,46L,Local / other,27,27,0.0,26.0
2026-08-12,2026-08-09,Post-shift,19,Local / other,32,27,0.0,31.0
2026-08-12,2026-08-09,Post-shift,7,Local / other,34,32,0.0,33.0
2026-08-12,2026-08-09,Post-shift,800,All Nighter,26,21,1.0,25.0
2026-08-12,2026-08-09,Post-shift,840,All Nighter,12,12,0.0,11.0
2026-08-12,2026-08-09,Post-shift,801,All Nighter,11,11,0.0,10.0
2026-08-12,2026-08-09,Post-shift,805,All Nighter,12,11,0.0,11.0
2026-08-12,2026-08-09,Post-shift,802,All Nighter,10,10,0.0,9.0
2026-08-12,2026-08-09,Post-shift,V,Transbay,10,10,0.0,9.0
2026-08-12,2026-08-09,Post-shift,851,All Nighter,10,10,0.0,9.0
2026-08-12,2026-08-09,Post-shift,G,Transbay,10,10,0.0,9.0
2026-08-12,2026-08-09,Post-shift,J,Transbay,10,10,0.0,9.0
2026-08-12,2026-08-09,Post-shift,P,Transbay,16,16,0.0,15.0
2026-08-12,2026-08-09,Post-shift,623,School,10,10,0.0,9.0
2026-08-12,2026-08-09,Post-shift,621,School,6,6,0.0,5.0
2026-08-12,2026-08-09,Post-shift,E,Transbay,8,8,0.0,7.0
2026-08-12,2026-08-09,Post-shift,NX3,Transbay,7,7,0.0,6.0
2026-08-12,2026-08-09,Post-shift,NX,Transbay,9,9,0.0,8.0
2026-08-12,2026-08-09,Post-shift,FS,Transbay,4,4,0.0,3.0
2026-08-12,2026-08-09,Post-shift,663,School,3,3,0.0,2.0
2026-08-12,2026-08-09,Post-shift,648,School,4,4,0.0,3.0
2026-08-12,2026-08-09,Post-shift,696,School,2,2,0.0,1.0
2026-08-12,2026-08-09,Post-shift,658,School,3,3,0.0,2.0
2026-08-12,2026-08-09,Post-shift,655,School,4,4,0.0,3.0
2026-08-12,2026-08-09,Post-shift,680,School,2,2,0.0,1.0
2026-08-12,2026-08-09,Post-shift,653,School,4,4,0.0,3.0
2026-08-12,2026-08-09,Post-shift,652,School,2,2,0.0,1.0
2026-08-12,2026-08-09,Post-shift,682,School,5,5,0.0,4.0
2026-08-12,2026-08-09,Post-shift,689,School,1,1,0.0,0.0
2026-08-12,2026-08-09,Post-shift,633,School,2,2,0.0,1.0
2026-08-12,2026-08-09,Post-shift,677,School,2,2,0.0,1.0
2026-08-12,2026-08-09,Post-shift,629,School,2,2,0.0,1.0
2026-08-12,2026-08-09,Post-shift,687,School,3,3,0.0,2.0
2026-08-12,2026-08-09,Post-shift,624,School,2,2,0.0,1.0
2026-08-12,2026-08-09,Post-shift,651,School,2,2,0.0,1.0
2026-08-12,2026-08-09,Post-shift,641,School,3,3,0.0,2.0
2026-08-12,2026-08-09,Post-shift,U,Transbay,11,0,9.0,10.0
2026-08-12,2026-08-09,Post-shift,650,School,2,2,0.0,1.0
2026-08-12,2026-08-09,Post-shift,702,Early Bird,1,1,0.0,0.0
2026-08-12,2026-08-09,Post-shift,662,School,2,2,0.0,1.0
2026-08-12,2026-08-09,Post-shift,631,School,4,4,0.0,3.0
2026-08-12,2026-08-09,Post-shift,649,School,4,4,0.0,3.0
2026-08-12,2026-08-09,Post-shift,627,School,2,2,0.0,1.0
2026-08-12,2026-08-09,Post-shift,620,School,2,2,0.0,1.0
2026-08-12,2026-08-09,Post-shift,625,School,6,6,0.0,5.0
2026-08-12,2026-08-09,Post-shift,639,School,2,2,0.0,1.0
2026-08-12,2026-08-09,Post-shift,683,School,1,1,0.0,0.0
2026-08-12,2026-08-09,Post-shift,646,School,6,6,0.0,5.0
2026-08-12,2026-08-09,Post-shift,654,School,5,4,0.0,4.0
2026-08-12,2026-08-09,Post-shift,642,School,1,1,0.0,0.0
2026-08-12,2026-08-09,Post-shift,W,Transbay,9,8,0.0,8.0
2026-08-12,2026-08-09,Post-shift,617,School,2,2,0.0,1.0
2026-08-12,2026-08-09,Post-shift,701,Early Bird,2,2,0.0,1.0
2026-08-12,2026-08-09,Post-shift,L,Transbay,8,8,0.0,7.0
2026-08-12,2026-08-09,Post-shift,703,Early Bird,1,1,0.0,0.0
2026-08-12,2026-08-09,Post-shift,638,School,2,2,0.0,1.0
2026-08-12,2026-08-09,Post-shift,657,School,6,6,0.0,5.0
2026-08-12,2026-08-09,Post-shift,660,School,3,3,0.0,2.0
2026-08-13,2026-08-09,Post-shift,40,Local / other,197,180,1.0,196.0
2026-08-13,2026-08-09,Post-shift,6,Local / other,173,165,0.0,172.0
2026-08-13,2026-08-09,Post-shift,51B,Local / other,173,160,0.0,172.0
2026-08-13,2026-08-09,Post-shift,51A,Local / other,174,161,0.0,173.0
2026-08-13,2026-08-09,Post-shift,1T,Local / other,221,198,8.0,220.0
2026-08-13,2026-08-09,Post-shift,57,Local / other,151,145,0.0,150.0
2026-08-13,2026-08-09,Post-shift,18,Local / other,144,130,1.0,143.0
2026-08-13,2026-08-09,Post-shift,52,Local / other,129,119,0.0,128.0
2026-08-13,2026-08-09,Post-shift,9,Local / other,146,124,4.0,145.0
2026-08-13,2026-08-09,Post-shift,73,Local / other,110,110,0.0,109.0
2026-08-13,2026-08-09,Post-shift,62,Local / other,111,108,0.0,110.0
2026-08-13,2026-08-09,Post-shift,14,Local / other,108,105,0.0,107.0
2026-08-13,2026-08-09,Post-shift,97,Local / other,121,107,1.0,120.0
2026-08-13,2026-08-09,Post-shift,NL,Transbay,113,106,0.0,112.0
2026-08-13,2026-08-09,Post-shift,90,Local / other,104,90,0.0,103.0
2026-08-13,2026-08-09,Post-shift,98,Local / other,104,89,0.0,103.0
2026-08-13,2026-08-09,Post-shift,88,Local / other,110,92,0.0,109.0
2026-08-13,2026-08-09,Post-shift,45,Local / other,81,81,0.0,80.0
2026-08-13,2026-08-09,Post-shift,200,Local / other,76,76,0.0,75.0
2026-08-13,2026-08-09,Post-shift,F,Transbay,85,82,0.0,84.0
2026-08-13,2026-08-09,Post-shift,27,Local / other,78,78,0.0,77.0
2026-08-13,2026-08-09,Post-shift,12,Local / other,104,103,0.0,103.0
2026-08-13,2026-08-09,Post-shift,76,Local / other,78,78,0.0,77.0
2026-08-13,2026-08-09,Post-shift,72,Local / other,78,72,0.0,77.0
2026-08-13,2026-08-09,Post-shift,74,Local / other,71,70,0.0,70.0
2026-08-13,2026-08-09,Post-shift,211,Local / other,78,72,1.0,77.0
2026-08-13,2026-08-09,Post-shift,210,Local / other,69,68,0.0,68.0
2026-08-13,2026-08-09,Post-shift,54,Local / other,109,81,0.0,108.0
2026-08-13,2026-08-09,Post-shift,239,Local / other,71,65,0.0,70.0
2026-08-13,2026-08-09,Post-shift,36,Local / other,78,65,0.0,77.0
2026-08-13,2026-08-09,Post-shift,31,Local / other,66,66,0.0,65.0
2026-08-13,2026-08-09,Post-shift,72M,Local / other,82,68,1.0,81.0
2026-08-13,2026-08-09,Post-shift,O,Transbay,69,60,2.0,68.0
2026-08-13,2026-08-09,Post-shift,22,Local / other,66,59,0.0,65.0
2026-08-13,2026-08-09,Post-shift,86,Local / other,77,59,0.0,76.0
2026-08-13,2026-08-09,Post-shift,70,Local / other,55,55,0.0,54.0
2026-08-13,2026-08-09,Post-shift,96,Local / other,67,56,0.0,66.0
2026-08-13,2026-08-09,Post-shift,93,Local / other,55,55,0.0,54.0
2026-08-13,2026-08-09,Post-shift,60,Local / other,65,59,0.0,64.0
2026-08-13,2026-08-09,Post-shift,28,Local / other,51,50,0.0,50.0
2026-08-13,2026-08-09,Post-shift,71,Local / other,54,53,0.0,53.0
2026-08-13,2026-08-09,Post-shift,72L,Local / other,53,52,0.0,52.0
2026-08-13,2026-08-09,Post-shift,56,Local / other,50,50,0.0,49.0
2026-08-13,2026-08-09,Post-shift,34,Local / other,50,43,0.0,49.0
2026-08-13,2026-08-09,Post-shift,30,Local / other,81,49,17.0,80.0
2026-08-13,2026-08-09,Post-shift,35,Local / other,52,45,0.0,51.0
2026-08-13,2026-08-09,Post-shift,95,Local / other,42,42,0.0,41.0
2026-08-13,2026-08-09,Post-shift,65,Local / other,40,40,0.0,39.0
2026-08-13,2026-08-09,Post-shift,231,Local / other,41,41,0.0,40.0
2026-08-13,2026-08-09,Post-shift,41,Local / other,34,34,0.0,33.0
2026-08-13,2026-08-09,Post-shift,19,Local / other,32,29,0.0,31.0
2026-08-13,2026-08-09,Post-shift,67,Local / other,29,29,0.0,28.0
2026-08-13,2026-08-09,Post-shift,281,Local / other,30,29,0.0,29.0
2026-08-13,2026-08-09,Post-shift,216,Local / other,28,28,0.0,27.0
2026-08-13,2026-08-09,Post-shift,46L,Local / other,27,27,0.0,26.0
2026-08-13,2026-08-09,Post-shift,7,Local / other,34,34,0.0,33.0
2026-08-13,2026-08-09,Post-shift,251,Local / other,27,25,0.0,26.0
2026-08-13,2026-08-09,Post-shift,800,All Nighter,26,24,1.0,25.0
2026-08-13,2026-08-09,Post-shift,840,All Nighter,12,12,0.0,11.0
2026-08-13,2026-08-09,Post-shift,801,All Nighter,11,11,0.0,10.0
2026-08-13,2026-08-09,Post-shift,805,All Nighter,12,11,0.0,11.0
2026-08-13,2026-08-09,Post-shift,802,All Nighter,10,10,0.0,9.0
2026-08-13,2026-08-09,Post-shift,P,Transbay,16,14,0.0,15.0
2026-08-13,2026-08-09,Post-shift,851,All Nighter,10,10,0.0,9.0
2026-08-13,2026-08-09,Post-shift,G,Transbay,10,10,0.0,9.0
2026-08-13,2026-08-09,Post-shift,J,Transbay,10,10,0.0,9.0
2026-08-13,2026-08-09,Post-shift,V,Transbay,10,10,0.0,9.0
2026-08-13,2026-08-09,Post-shift,623,School,10,9,0.0,9.0
2026-08-13,2026-08-09,Post-shift,NX,Transbay,9,8,0.0,8.0
2026-08-13,2026-08-09,Post-shift,FS,Transbay,4,4,0.0,3.0
2026-08-13,2026-08-09,Post-shift,E,Transbay,8,8,0.0,7.0
2026-08-13,2026-08-09,Post-shift,658,School,3,3,0.0,2.0
2026-08-13,2026-08-09,Post-shift,655,School,4,4,0.0,3.0
2026-08-13,2026-08-09,Post-shift,654,School,5,5,0.0,4.0
2026-08-13,2026-08-09,Post-shift,NX3,Transbay,7,7,0.0,6.0
2026-08-13,2026-08-09,Post-shift,621,School,6,5,0.0,5.0
2026-08-13,2026-08-09,Post-shift,641,School,3,3,0.0,2.0
2026-08-13,2026-08-09,Post-shift,680,School,2,2,0.0,1.0
2026-08-13,2026-08-09,Post-shift,653,School,4,4,0.0,3.0
2026-08-13,2026-08-09,Post-shift,663,School,2,2,0.0,1.0
2026-08-13,2026-08-09,Post-shift,652,School,2,1,0.0,1.0
2026-08-13,2026-08-09,Post-shift,689,School,1,1,0.0,0.0
2026-08-13,2026-08-09,Post-shift,649,School,4,4,0.0,3.0
2026-08-13,2026-08-09,Post-shift,633,School,2,2,0.0,1.0
2026-08-13,2026-08-09,Post-shift,648,School,4,3,0.0,3.0
2026-08-13,2026-08-09,Post-shift,687,School,3,3,0.0,2.0
2026-08-13,2026-08-09,Post-shift,651,School,2,2,0.0,1.0
2026-08-13,2026-08-09,Post-shift,662,School,2,2,0.0,1.0
2026-08-13,2026-08-09,Post-shift,L,Transbay,8,8,0.0,7.0
2026-08-13,2026-08-09,Post-shift,620,School,2,2,0.0,1.0
2026-08-13,2026-08-09,Post-shift,696,School,2,2,0.0,1.0
2026-08-13,2026-08-09,Post-shift,642,School,1,1,0.0,0.0
2026-08-13,2026-08-09,Post-shift,646,School,7,6,0.0,6.0
2026-08-13,2026-08-09,Post-shift,631,School,4,4,0.0,3.0
2026-08-13,2026-08-09,Post-shift,617,School,2,2,0.0,1.0
2026-08-13,2026-08-09,Post-shift,W,Transbay,9,9,0.0,8.0
2026-08-13,2026-08-09,Post-shift,625,School,6,6,0.0,5.0
2026-08-13,2026-08-09,Post-shift,701,Early Bird,2,1,0.0,1.0
2026-08-13,2026-08-09,Post-shift,639,School,2,2,0.0,1.0
2026-08-13,2026-08-09,Post-shift,657,School,6,6,0.0,5.0
2026-08-13,2026-08-09,Post-shift,677,School,2,2,0.0,1.0
2026-08-13,2026-08-09,Post-shift,682,School,5,5,0.0,4.0
2026-08-13,2026-08-09,Post-shift,627,School,2,2,0.0,1.0
2026-08-13,2026-08-09,Post-shift,624,School,2,2,0.0,1.0
2026-08-13,2026-08-09,Post-shift,629,School,2,2,0.0,1.0
2026-08-13,2026-08-09,Post-shift,702,Early Bird,1,1,0.0,0.0
2026-08-13,2026-08-09,Post-shift,703,Early Bird,1,1,0.0,0.0
2026-08-13,2026-08-09,Post-shift,660,School,2,2,0.0,1.0
2026-08-13,2026-08-09,Post-shift,638,School,2,1,0.0,1.0
2026-08-13,2026-08-09,Post-shift,683,School,1,1,0.0,0.0
2026-08-13,2026-08-09,Post-shift,U,Transbay,11,0,9.0,10.0
2026-08-13,2026-08-09,Post-shift,650,School,2,2,0.0,1.0
2026-08-14,2026-08-09,Post-shift,40,Local / other,197,181,0.0,196.0
2026-08-14,2026-08-09,Post-shift,6,Local / other,173,163,0.0,172.0
2026-08-14,2026-08-09,Post-shift,1T,Local / other,221,184,12.0,220.0
2026-08-14,2026-08-09,Post-shift,51A,Local / other,173,149,6.0,172.0
2026-08-14,2026-08-09,Post-shift,51B,Local / other,173,147,0.0,172.0
2026-08-14,2026-08-09,Post-shift,57,Local / other,151,150,0.0,150.0
2026-08-14,2026-08-09,Post-shift,18,Local / other,144,139,0.0,143.0
2026-08-14,2026-08-09,Post-shift,52,Local / other,129,128,0.0,128.0
2026-08-14,2026-08-09,Post-shift,73,Local / other,110,108,0.0,109.0
2026-08-14,2026-08-09,Post-shift,9,Local / other,146,112,5.0,145.0
2026-08-14,2026-08-09,Post-shift,97,Local / other,121,105,0.0,120.0
2026-08-14,2026-08-09,Post-shift,88,Local / other,110,93,2.0,109.0
2026-08-14,2026-08-09,Post-shift,62,Local / other,111,90,1.0,110.0
2026-08-14,2026-08-09,Post-shift,54,Local / other,109,107,0.0,108.0
2026-08-14,2026-08-09,Post-shift,14,Local / other,108,90,3.0,107.0
2026-08-14,2026-08-09,Post-shift,98,Local / other,104,82,1.0,103.0
2026-08-14,2026-08-09,Post-shift,45,Local / other,81,81,0.0,80.0
2026-08-14,2026-08-09,Post-shift,F,Transbay,85,85,0.0,84.0
2026-08-14,2026-08-09,Post-shift,90,Local / other,104,77,3.0,103.0
2026-08-14,2026-08-09,Post-shift,200,Local / other,76,76,0.0,75.0
2026-08-14,2026-08-09,Post-shift,211,Local / other,78,78,0.0,77.0
2026-08-14,2026-08-09,Post-shift,86,Local / other,77,77,0.0,76.0
2026-08-14,2026-08-09,Post-shift,NL,Transbay,113,89,2.0,112.0
2026-08-14,2026-08-09,Post-shift,27,Local / other,78,78,0.0,77.0
2026-08-14,2026-08-09,Post-shift,12,Local / other,104,102,0.0,103.0
2026-08-14,2026-08-09,Post-shift,72,Local / other,78,70,1.0,77.0
2026-08-14,2026-08-09,Post-shift,74,Local / other,71,71,0.0,70.0
2026-08-14,2026-08-09,Post-shift,239,Local / other,71,71,0.0,70.0
2026-08-14,2026-08-09,Post-shift,210,Local / other,69,67,0.0,68.0
2026-08-14,2026-08-09,Post-shift,22,Local / other,66,66,0.0,65.0
2026-08-14,2026-08-09,Post-shift,36,Local / other,78,68,0.0,77.0
2026-08-14,2026-08-09,Post-shift,96,Local / other,67,65,0.0,66.0
2026-08-14,2026-08-09,Post-shift,O,Transbay,69,58,3.0,68.0
2026-08-14,2026-08-09,Post-shift,31,Local / other,66,61,0.0,65.0
2026-08-14,2026-08-09,Post-shift,72M,Local / other,82,65,3.0,81.0
2026-08-14,2026-08-09,Post-shift,70,Local / other,55,55,0.0,54.0
2026-08-14,2026-08-09,Post-shift,60,Local / other,65,58,0.0,64.0
2026-08-14,2026-08-09,Post-shift,76,Local / other,78,54,6.0,77.0
2026-08-14,2026-08-09,Post-shift,34,Local / other,50,47,0.0,49.0
2026-08-14,2026-08-09,Post-shift,56,Local / other,50,50,0.0,49.0
2026-08-14,2026-08-09,Post-shift,35,Local / other,52,47,0.0,51.0
2026-08-14,2026-08-09,Post-shift,30,Local / other,81,49,9.0,80.0
2026-08-14,2026-08-09,Post-shift,93,Local / other,55,47,0.0,54.0
2026-08-14,2026-08-09,Post-shift,95,Local / other,42,42,0.0,41.0
2026-08-14,2026-08-09,Post-shift,71,Local / other,54,44,0.0,53.0
2026-08-14,2026-08-09,Post-shift,28,Local / other,51,41,3.0,50.0
2026-08-14,2026-08-09,Post-shift,65,Local / other,40,40,0.0,39.0
2026-08-14,2026-08-09,Post-shift,231,Local / other,41,41,0.0,40.0
2026-08-14,2026-08-09,Post-shift,41,Local / other,34,34,0.0,33.0
2026-08-14,2026-08-09,Post-shift,72L,Local / other,53,32,8.0,52.0
2026-08-14,2026-08-09,Post-shift,281,Local / other,30,30,0.0,29.0
2026-08-14,2026-08-09,Post-shift,67,Local / other,29,29,0.0,28.0
2026-08-14,2026-08-09,Post-shift,251,Local / other,27,27,0.0,26.0
2026-08-14,2026-08-09,Post-shift,216,Local / other,28,28,0.0,27.0
2026-08-14,2026-08-09,Post-shift,46L,Local / other,27,27,0.0,26.0
2026-08-14,2026-08-09,Post-shift,7,Local / other,34,34,0.0,33.0
2026-08-14,2026-08-09,Post-shift,19,Local / other,32,24,0.0,31.0
2026-08-14,2026-08-09,Post-shift,800,All Nighter,26,24,1.0,25.0
2026-08-14,2026-08-09,Post-shift,840,All Nighter,12,12,0.0,11.0
2026-08-14,2026-08-09,Post-shift,801,All Nighter,11,11,0.0,10.0
2026-08-14,2026-08-09,Post-shift,805,All Nighter,12,11,0.0,11.0
2026-08-14,2026-08-09,Post-shift,802,All Nighter,10,10,0.0,9.0
2026-08-14,2026-08-09,Post-shift,851,All Nighter,10,10,0.0,9.0
2026-08-14,2026-08-09,Post-shift,V,Transbay,10,9,0.0,9.0
2026-08-14,2026-08-09,Post-shift,P,Transbay,16,15,0.0,15.0
2026-08-14,2026-08-09,Post-shift,623,School,10,10,0.0,9.0
2026-08-14,2026-08-09,Post-shift,G,Transbay,10,10,0.0,9.0
2026-08-14,2026-08-09,Post-shift,J,Transbay,10,10,0.0,9.0
2026-08-14,2026-08-09,Post-shift,NX,Transbay,9,6,1.0,8.0
2026-08-14,2026-08-09,Post-shift,653,School,4,4,0.0,3.0
2026-08-14,2026-08-09,Post-shift,621,School,6,6,0.0,5.0
2026-08-14,2026-08-09,Post-shift,FS,Transbay,4,4,0.0,3.0
2026-08-14,2026-08-09,Post-shift,E,Transbay,8,7,0.0,7.0
2026-08-14,2026-08-09,Post-shift,654,School,5,5,0.0,4.0
2026-08-14,2026-08-09,Post-shift,NX3,Transbay,7,6,0.0,6.0
2026-08-14,2026-08-09,Post-shift,641,School,3,3,0.0,2.0
2026-08-14,2026-08-09,Post-shift,696,School,2,2,0.0,1.0
2026-08-14,2026-08-09,Post-shift,680,School,2,2,0.0,1.0
2026-08-14,2026-08-09,Post-shift,655,School,4,4,0.0,3.0
2026-08-14,2026-08-09,Post-shift,657,School,6,6,0.0,5.0
2026-08-14,2026-08-09,Post-shift,663,School,2,2,0.0,1.0
2026-08-14,2026-08-09,Post-shift,689,School,1,1,0.0,0.0
2026-08-14,2026-08-09,Post-shift,633,School,2,2,0.0,1.0
2026-08-14,2026-08-09,Post-shift,W,Transbay,9,9,0.0,8.0
2026-08-14,2026-08-09,Post-shift,648,School,4,4,0.0,3.0
2026-08-14,2026-08-09,Post-shift,625,School,6,6,0.0,5.0
2026-08-14,2026-08-09,Post-shift,629,School,2,2,0.0,1.0
2026-08-14,2026-08-09,Post-shift,624,School,2,2,0.0,1.0
2026-08-14,2026-08-09,Post-shift,649,School,4,3,0.0,3.0
2026-08-14,2026-08-09,Post-shift,651,School,2,2,0.0,1.0
2026-08-14,2026-08-09,Post-shift,687,School,3,3,0.0,2.0
2026-08-14,2026-08-09,Post-shift,682,School,5,5,0.0,4.0
2026-08-14,2026-08-09,Post-shift,642,School,1,1,0.0,0.0
2026-08-14,2026-08-09,Post-shift,627,School,2,2,0.0,1.0
2026-08-14,2026-08-09,Post-shift,677,School,2,2,0.0,1.0
2026-08-14,2026-08-09,Post-shift,646,School,7,6,0.0,6.0
2026-08-14,2026-08-09,Post-shift,631,School,4,4,0.0,3.0
2026-08-14,2026-08-09,Post-shift,638,School,2,2,0.0,1.0
2026-08-14,2026-08-09,Post-shift,702,Early Bird,1,1,0.0,0.0
2026-08-14,2026-08-09,Post-shift,620,School,2,2,0.0,1.0
2026-08-14,2026-08-09,Post-shift,639,School,2,2,0.0,1.0
2026-08-14,2026-08-09,Post-shift,L,Transbay,8,8,0.0,7.0
2026-08-14,2026-08-09,Post-shift,617,School,2,2,0.0,1.0
2026-08-14,2026-08-09,Post-shift,701,Early Bird,2,2,0.0,1.0
2026-08-14,2026-08-09,Post-shift,662,School,2,2,0.0,1.0
2026-08-14,2026-08-09,Post-shift,703,Early Bird,1,1,0.0,0.0
2026-08-14,2026-08-09,Post-shift,683,School,1,1,0.0,0.0
2026-08-14,2026-08-09,Post-shift,U,Transbay,11,0,9.0,10.0
2026-08-14,2026-08-09,Post-shift,658,School,3,3,0.0,2.0
2026-08-14,2026-08-09,Post-shift,652,School,2,2,0.0,1.0
2026-08-14,2026-08-09,Post-shift,650,School,2,2,0.0,1.0
2026-08-14,2026-08-09,Post-shift,660,School,2,2,0.0,1.0
2026-08-15,2026-08-09,Post-shift,57,Local / other,152,147,0.0,151.0
2026-08-15,2026-08-09,Post-shift,1T,Local / other,220,184,11.0,219.0
2026-08-15,2026-08-09,Post-shift,6,Local / other,151,122,1.0,150.0
2026-08-15,2026-08-09,Post-shift,51B,Local / other,140,123,0.0,139.0
2026-08-15,2026-08-09,Post-shift,40,Local / other,133,117,3.0,132.0
2026-08-15,2026-08-09,Post-shift,73,Local / other,110,110,0.0,109.0
2026-08-15,2026-08-09,Post-shift,9,Local / other,136,125,0.0,135.0
2026-08-15,2026-08-09,Post-shift,51A,Local / other,131,111,6.0,130.0
2026-08-15,2026-08-09,Post-shift,62,Local / other,99,96,0.0,98.0
2026-08-15,2026-08-09,Post-shift,52,Local / other,92,92,0.0,91.0
2026-08-15,2026-08-09,Post-shift,88,Local / other,100,90,1.0,99.0
2026-08-15,2026-08-09,Post-shift,14,Local / other,100,91,0.0,99.0
2026-08-15,2026-08-09,Post-shift,18,Local / other,107,84,7.0,106.0
2026-08-15,2026-08-09,Post-shift,36,Local / other,74,74,0.0,73.0
2026-08-15,2026-08-09,Post-shift,200,Local / other,76,74,0.0,75.0
2026-08-15,2026-08-09,Post-shift,72M,Local / other,82,74,2.0,81.0
2026-08-15,2026-08-09,Post-shift,NL,Transbay,75,75,0.0,74.0
2026-08-15,2026-08-09,Post-shift,72,Local / other,77,68,3.0,76.0
2026-08-15,2026-08-09,Post-shift,86,Local / other,78,73,0.0,77.0
2026-08-15,2026-08-09,Post-shift,F,Transbay,77,67,1.0,76.0
2026-08-15,2026-08-09,Post-shift,76,Local / other,74,68,0.0,73.0
2026-08-15,2026-08-09,Post-shift,97,Local / other,71,66,0.0,70.0
2026-08-15,2026-08-09,Post-shift,30,Local / other,80,65,4.0,79.0
2026-08-15,2026-08-09,Post-shift,211,Local / other,74,68,0.0,73.0
2026-08-15,2026-08-09,Post-shift,210,Local / other,64,61,0.0,63.0
2026-08-15,2026-08-09,Post-shift,22,Local / other,66,62,0.0,65.0
2026-08-15,2026-08-09,Post-shift,27,Local / other,66,60,0.0,65.0
2026-08-15,2026-08-09,Post-shift,90,Local / other,67,56,0.0,66.0
2026-08-15,2026-08-09,Post-shift,72L,Local / other,54,54,0.0,53.0
2026-08-15,2026-08-09,Post-shift,12,Local / other,74,71,0.0,73.0
2026-08-15,2026-08-09,Post-shift,98,Local / other,66,51,0.0,65.0
2026-08-15,2026-08-09,Post-shift,74,Local / other,54,54,0.0,53.0
2026-08-15,2026-08-09,Post-shift,45,Local / other,66,47,4.0,65.0
2026-08-15,2026-08-09,Post-shift,96,Local / other,66,47,0.0,65.0
2026-08-15,2026-08-09,Post-shift,54,Local / other,74,43,0.0,73.0
2026-08-15,2026-08-09,Post-shift,31,Local / other,65,46,0.0,64.0
2026-08-15,2026-08-09,Post-shift,28,Local / other,50,42,0.0,49.0
2026-08-15,2026-08-09,Post-shift,95,Local / other,42,38,0.0,41.0
2026-08-15,2026-08-09,Post-shift,34,Local / other,34,32,0.0,33.0
2026-08-15,2026-08-09,Post-shift,56,Local / other,34,34,0.0,33.0
2026-08-15,2026-08-09,Post-shift,60,Local / other,50,39,3.0,49.0
2026-08-15,2026-08-09,Post-shift,7,Local / other,34,34,0.0,33.0
2026-08-15,2026-08-09,Post-shift,35,Local / other,34,32,0.0,33.0
2026-08-15,2026-08-09,Post-shift,231,Local / other,42,37,0.0,41.0
2026-08-15,2026-08-09,Post-shift,41,Local / other,34,34,0.0,33.0
2026-08-15,2026-08-09,Post-shift,19,Local / other,32,28,0.0,31.0
2026-08-15,2026-08-09,Post-shift,O,Transbay,34,30,0.0,33.0
2026-08-15,2026-08-09,Post-shift,70,Local / other,28,26,0.0,27.0
2026-08-15,2026-08-09,Post-shift,216,Local / other,28,27,0.0,27.0
2026-08-15,2026-08-09,Post-shift,71,Local / other,28,26,0.0,27.0
2026-08-15,2026-08-09,Post-shift,93,Local / other,34,28,0.0,33.0
2026-08-15,2026-08-09,Post-shift,281,Local / other,26,26,0.0,25.0
2026-08-15,2026-08-09,Post-shift,251,Local / other,28,25,0.0,27.0
2026-08-15,2026-08-09,Post-shift,800,All Nighter,26,24,1.0,25.0
2026-08-15,2026-08-09,Post-shift,239,Local / other,34,20,11.0,33.0
2026-08-15,2026-08-09,Post-shift,840,All Nighter,12,12,0.0,11.0
2026-08-15,2026-08-09,Post-shift,801,All Nighter,11,11,0.0,10.0
2026-08-15,2026-08-09,Post-shift,805,All Nighter,12,11,0.0,11.0
2026-08-15,2026-08-09,Post-shift,851,All Nighter,10,10,0.0,9.0
2026-08-15,2026-08-09,Post-shift,802,All Nighter,10,10,0.0,9.0
2026-08-16,2026-08-16,Post-shift,6,Local / other,151,134,5.0,150.0
2026-08-16,2026-08-16,Post-shift,57,Local / other,152,144,0.0,151.0
2026-08-16,2026-08-16,Post-shift,40,Local / other,133,116,0.0,132.0
2026-08-16,2026-08-16,Post-shift,51B,Local / other,140,113,1.0,139.0
2026-08-16,2026-08-16,Post-shift,9,Local / other,136,113,0.0,135.0
2026-08-16,2026-08-16,Post-shift,1T,Local / other,220,143,26.0,219.0
2026-08-16,2026-08-16,Post-shift,51A,Local / other,132,101,14.0,131.0
2026-08-16,2026-08-16,Post-shift,52,Local / other,92,86,0.0,91.0
2026-08-16,2026-08-16,Post-shift,88,Local / other,100,85,0.0,99.0
2026-08-16,2026-08-16,Post-shift,F,Transbay,77,77,0.0,76.0
2026-08-16,2026-08-16,Post-shift,18,Local / other,107,68,14.0,106.0
2026-08-16,2026-08-16,Post-shift,30,Local / other,80,73,0.0,79.0
2026-08-16,2026-08-16,Post-shift,73,Local / other,109,70,0.0,108.0
2026-08-16,2026-08-16,Post-shift,200,Local / other,76,67,1.0,75.0
2026-08-16,2026-08-16,Post-shift,211,Local / other,74,71,0.0,73.0
2026-08-16,2026-08-16,Post-shift,76,Local / other,74,68,0.0,73.0
2026-08-16,2026-08-16,Post-shift,27,Local / other,66,66,0.0,65.0
2026-08-16,2026-08-16,Post-shift,62,Local / other,100,65,2.0,99.0
2026-08-16,2026-08-16,Post-shift,97,Local / other,71,60,1.0,70.0
2026-08-16,2026-08-16,Post-shift,96,Local / other,66,60,0.0,65.0
2026-08-16,2026-08-16,Post-shift,14,Local / other,100,56,15.0,99.0
2026-08-16,2026-08-16,Post-shift,86,Local / other,78,60,2.0,77.0
2026-08-16,2026-08-16,Post-shift,36,Local / other,74,59,0.0,73.0
2026-08-16,2026-08-16,Post-shift,210,Local / other,64,58,0.0,63.0
2026-08-16,2026-08-16,Post-shift,22,Local / other,66,58,2.0,65.0
2026-08-16,2026-08-16,Post-shift,72M,Local / other,82,54,10.0,81.0
2026-08-16,2026-08-16,Post-shift,NL,Transbay,75,54,3.0,74.0
2026-08-16,2026-08-16,Post-shift,54,Local / other,74,50,14.0,73.0
2026-08-16,2026-08-16,Post-shift,31,Local / other,65,50,4.0,64.0
2026-08-16,2026-08-16,Post-shift,90,Local / other,67,46,6.0,66.0
2026-08-16,2026-08-16,Post-shift,72,Local / other,77,46,15.0,76.0
2026-08-16,2026-08-16,Post-shift,45,Local / other,66,44,5.0,65.0
2026-08-16,2026-08-16,Post-shift,28,Local / other,50,48,0.0,49.0
2026-08-16,2026-08-16,Post-shift,98,Local / other,66,43,9.0,65.0
2026-08-16,2026-08-16,Post-shift,72L,Local / other,54,44,0.0,53.0
2026-08-16,2026-08-16,Post-shift,74,Local / other,54,44,0.0,53.0
2026-08-16,2026-08-16,Post-shift,231,Local / other,42,37,2.0,41.0
2026-08-16,2026-08-16,Post-shift,12,Local / other,74,58,1.0,73.0
2026-08-16,2026-08-16,Post-shift,35,Local / other,34,34,0.0,33.0
2026-08-16,2026-08-16,Post-shift,34,Local / other,34,34,0.0,33.0
2026-08-16,2026-08-16,Post-shift,95,Local / other,42,37,0.0,41.0
2026-08-16,2026-08-16,Post-shift,56,Local / other,34,34,0.0,33.0
2026-08-16,2026-08-16,Post-shift,7,Local / other,34,34,0.0,33.0
2026-08-16,2026-08-16,Post-shift,60,Local / other,50,37,2.0,49.0
2026-08-16,2026-08-16,Post-shift,93,Local / other,34,32,0.0,33.0
2026-08-16,2026-08-16,Post-shift,41,Local / other,34,31,0.0,33.0
2026-08-16,2026-08-16,Post-shift,O,Transbay,34,28,4.0,33.0
2026-08-16,2026-08-16,Post-shift,239,Local / other,34,30,0.0,33.0
2026-08-16,2026-08-16,Post-shift,216,Local / other,28,24,0.0,27.0
2026-08-16,2026-08-16,Post-shift,251,Local / other,28,26,0.0,27.0
2026-08-16,2026-08-16,Post-shift,19,Local / other,32,19,1.0,31.0
2026-08-16,2026-08-16,Post-shift,70,Local / other,28,18,4.0,27.0
2026-08-16,2026-08-16,Post-shift,800,All Nighter,27,25,1.0,26.0
2026-08-16,2026-08-16,Post-shift,281,Local / other,26,18,0.0,25.0
2026-08-16,2026-08-16,Post-shift,71,Local / other,28,16,6.0,27.0
2026-08-16,2026-08-16,Post-shift,801,All Nighter,11,11,0.0,10.0
2026-08-16,2026-08-16,Post-shift,840,All Nighter,12,11,0.0,11.0
2026-08-16,2026-08-16,Post-shift,802,All Nighter,10,10,0.0,9.0
2026-08-16,2026-08-16,Post-shift,851,All Nighter,10,10,0.0,9.0
2026-08-16,2026-08-16,Post-shift,805,All Nighter,12,11,0.0,11.0
2026-08-17,2026-08-16,Post-shift,51B,Local / other,173,170,0.0,172.0
2026-08-17,2026-08-16,Post-shift,6,Local / other,173,161,0.0,172.0
2026-08-17,2026-08-16,Post-shift,51A,Local / other,174,148,6.0,173.0
2026-08-17,2026-08-16,Post-shift,40,Local / other,197,147,9.0,196.0
2026-08-17,2026-08-16,Post-shift,57,Local / other,151,147,0.0,150.0
2026-08-17,2026-08-16,Post-shift,1T,Local / other,221,168,25.0,220.0
2026-08-17,2026-08-16,Post-shift,52,Local / other,129,124,1.0,128.0
2026-08-17,2026-08-16,Post-shift,9,Local / other,146,120,3.0,145.0
2026-08-17,2026-08-16,Post-shift,97,Local / other,122,122,0.0,121.0
2026-08-17,2026-08-16,Post-shift,73,Local / other,110,110,0.0,109.0
2026-08-17,2026-08-16,Post-shift,18,Local / other,144,116,4.0,143.0
2026-08-17,2026-08-16,Post-shift,88,Local / other,110,104,0.0,109.0
2026-08-17,2026-08-16,Post-shift,62,Local / other,111,91,1.0,110.0
2026-08-17,2026-08-16,Post-shift,98,Local / other,104,83,0.0,103.0
2026-08-17,2026-08-16,Post-shift,54,Local / other,109,98,0.0,108.0
2026-08-17,2026-08-16,Post-shift,NL,Transbay,113,89,9.0,112.0
2026-08-17,2026-08-16,Post-shift,200,Local / other,76,76,0.0,75.0
2026-08-17,2026-08-16,Post-shift,90,Local / other,104,75,2.0,103.0
2026-08-17,2026-08-16,Post-shift,14,Local / other,108,78,1.0,107.0
2026-08-17,2026-08-16,Post-shift,86,Local / other,77,77,0.0,76.0
2026-08-17,2026-08-16,Post-shift,F,Transbay,85,81,0.0,84.0
2026-08-17,2026-08-16,Post-shift,211,Local / other,78,73,0.0,77.0
2026-08-17,2026-08-16,Post-shift,12,Local / other,104,103,0.0,103.0
2026-08-17,2026-08-16,Post-shift,72,Local / other,78,68,3.0,77.0
2026-08-17,2026-08-16,Post-shift,27,Local / other,78,74,0.0,77.0
2026-08-17,2026-08-16,Post-shift,210,Local / other,69,69,0.0,68.0
2026-08-17,2026-08-16,Post-shift,45,Local / other,81,69,0.0,80.0
2026-08-17,2026-08-16,Post-shift,36,Local / other,78,71,2.0,77.0
2026-08-17,2026-08-16,Post-shift,239,Local / other,71,67,0.0,70.0
2026-08-17,2026-08-16,Post-shift,76,Local / other,78,68,2.0,77.0
2026-08-17,2026-08-16,Post-shift,O,Transbay,69,69,0.0,68.0
2026-08-17,2026-08-16,Post-shift,96,Local / other,67,63,0.0,66.0
2026-08-17,2026-08-16,Post-shift,72M,Local / other,82,70,3.0,81.0
2026-08-17,2026-08-16,Post-shift,22,Local / other,66,62,0.0,65.0
2026-08-17,2026-08-16,Post-shift,74,Local / other,71,60,0.0,70.0
2026-08-17,2026-08-16,Post-shift,60,Local / other,65,62,0.0,64.0
2026-08-17,2026-08-16,Post-shift,34,Local / other,50,50,0.0,49.0
2026-08-17,2026-08-16,Post-shift,70,Local / other,55,54,0.0,54.0
2026-08-17,2026-08-16,Post-shift,56,Local / other,50,50,0.0,49.0
2026-08-17,2026-08-16,Post-shift,30,Local / other,81,54,11.0,80.0
2026-08-17,2026-08-16,Post-shift,31,Local / other,66,51,2.0,65.0
2026-08-17,2026-08-16,Post-shift,71,Local / other,54,52,0.0,53.0
2026-08-17,2026-08-16,Post-shift,35,Local / other,52,51,0.0,51.0
2026-08-17,2026-08-16,Post-shift,28,Local / other,51,47,0.0,50.0
2026-08-17,2026-08-16,Post-shift,72L,Local / other,53,45,0.0,52.0
2026-08-17,2026-08-16,Post-shift,95,Local / other,44,42,0.0,43.0
2026-08-17,2026-08-16,Post-shift,93,Local / other,55,42,0.0,54.0
2026-08-17,2026-08-16,Post-shift,231,Local / other,41,38,0.0,40.0
2026-08-17,2026-08-16,Post-shift,41,Local / other,34,34,0.0,33.0
2026-08-17,2026-08-16,Post-shift,65,Local / other,40,32,1.0,39.0
2026-08-17,2026-08-16,Post-shift,19,Local / other,32,31,0.0,31.0
2026-08-17,2026-08-16,Post-shift,67,Local / other,29,29,0.0,28.0
2026-08-17,2026-08-16,Post-shift,7,Local / other,34,32,0.0,33.0
2026-08-17,2026-08-16,Post-shift,281,Local / other,30,28,0.0,29.0
2026-08-17,2026-08-16,Post-shift,46L,Local / other,27,27,0.0,26.0
2026-08-17,2026-08-16,Post-shift,216,Local / other,28,26,0.0,27.0
2026-08-17,2026-08-16,Post-shift,251,Local / other,27,25,0.0,26.0
2026-08-17,2026-08-16,Post-shift,800,All Nighter,26,24,1.0,25.0
2026-08-17,2026-08-16,Post-shift,840,All Nighter,12,12,0.0,11.0
2026-08-17,2026-08-16,Post-shift,801,All Nighter,11,11,0.0,10.0
2026-08-17,2026-08-16,Post-shift,805,All Nighter,12,11,0.0,11.0
2026-08-17,2026-08-16,Post-shift,802,All Nighter,10,10,0.0,9.0
2026-08-17,2026-08-16,Post-shift,P,Transbay,16,13,1.0,15.0
2026-08-17,2026-08-16,Post-shift,851,All Nighter,10,10,0.0,9.0
2026-08-17,2026-08-16,Post-shift,G,Transbay,10,9,0.0,9.0
2026-08-17,2026-08-16,Post-shift,NX,Transbay,9,8,0.0,8.0
2026-08-17,2026-08-16,Post-shift,J,Transbay,10,10,0.0,9.0
2026-08-17,2026-08-16,Post-shift,V,Transbay,10,8,0.0,9.0
2026-08-17,2026-08-16,Post-shift,E,Transbay,8,8,0.0,7.0
2026-08-17,2026-08-16,Post-shift,FS,Transbay,4,4,0.0,3.0
2026-08-17,2026-08-16,Post-shift,623,School,10,10,0.0,9.0
2026-08-17,2026-08-16,Post-shift,621,School,6,6,0.0,5.0
2026-08-17,2026-08-16,Post-shift,653,School,4,4,0.0,3.0
2026-08-17,2026-08-16,Post-shift,649,School,4,4,0.0,3.0
2026-08-17,2026-08-16,Post-shift,654,School,5,5,0.0,4.0
2026-08-17,2026-08-16,Post-shift,648,School,4,4,0.0,3.0
2026-08-17,2026-08-16,Post-shift,650,School,2,2,0.0,1.0
2026-08-17,2026-08-16,Post-shift,658,School,3,2,0.0,2.0
2026-08-17,2026-08-16,Post-shift,680,School,2,2,0.0,1.0
2026-08-17,2026-08-16,Post-shift,657,School,6,5,0.0,5.0
2026-08-17,2026-08-16,Post-shift,W,Transbay,9,8,0.0,8.0
2026-08-17,2026-08-16,Post-shift,663,School,2,2,0.0,1.0
2026-08-17,2026-08-16,Post-shift,633,School,2,2,0.0,1.0
2026-08-17,2026-08-16,Post-shift,NX3,Transbay,7,5,0.0,6.0
2026-08-17,2026-08-16,Post-shift,L,Transbay,8,8,0.0,7.0
2026-08-17,2026-08-16,Post-shift,624,School,2,2,0.0,1.0
2026-08-17,2026-08-16,Post-shift,687,School,3,3,0.0,2.0
2026-08-17,2026-08-16,Post-shift,629,School,2,2,0.0,1.0
2026-08-17,2026-08-16,Post-shift,651,School,2,1,0.0,1.0
2026-08-17,2026-08-16,Post-shift,606,School,2,1,0.0,1.0
2026-08-17,2026-08-16,Post-shift,620,School,2,2,0.0,1.0
2026-08-17,2026-08-16,Post-shift,683,School,1,1,0.0,0.0
2026-08-17,2026-08-16,Post-shift,703,Early Bird,1,1,0.0,0.0
2026-08-17,2026-08-16,Post-shift,701,Early Bird,2,2,0.0,1.0
2026-08-17,2026-08-16,Post-shift,U,Transbay,11,0,9.0,10.0
2026-08-17,2026-08-16,Post-shift,660,School,2,2,0.0,1.0
2026-08-17,2026-08-16,Post-shift,689,School,1,0,0.0,0.0
2026-08-17,2026-08-16,Post-shift,662,School,2,2,0.0,1.0
2026-08-17,2026-08-16,Post-shift,642,School,1,1,0.0,0.0
2026-08-17,2026-08-16,Post-shift,677,School,2,2,0.0,1.0
2026-08-17,2026-08-16,Post-shift,617,School,2,2,0.0,1.0
2026-08-17,2026-08-16,Post-shift,646,School,7,7,0.0,6.0
2026-08-17,2026-08-16,Post-shift,641,School,3,2,0.0,2.0
2026-08-17,2026-08-16,Post-shift,682,School,5,5,0.0,4.0
2026-08-17,2026-08-16,Post-shift,604,School,2,2,0.0,1.0
2026-08-17,2026-08-16,Post-shift,696,School,2,2,0.0,1.0
2026-08-17,2026-08-16,Post-shift,605,School,2,2,0.0,1.0
2026-08-17,2026-08-16,Post-shift,702,Early Bird,1,1,0.0,0.0
2026-08-17,2026-08-16,Post-shift,638,School,2,2,0.0,1.0
2026-08-17,2026-08-16,Post-shift,627,School,2,1,0.0,1.0
2026-08-17,2026-08-16,Post-shift,655,School,4,4,0.0,3.0
2026-08-17,2026-08-16,Post-shift,625,School,6,6,0.0,5.0
2026-08-17,2026-08-16,Post-shift,639,School,2,2,0.0,1.0
2026-08-17,2026-08-16,Post-shift,631,School,4,4,0.0,3.0
2026-08-17,2026-08-16,Post-shift,652,School,2,2,0.0,1.0
2026-08-18,2026-08-16,Post-shift,40,Local / other,197,176,2.0,196.0
2026-08-18,2026-08-16,Post-shift,6,Local / other,173,157,1.0,172.0
2026-08-18,2026-08-16,Post-shift,51B,Local / other,173,162,1.0,172.0
2026-08-18,2026-08-16,Post-shift,51A,Local / other,174,162,3.0,173.0
2026-08-18,2026-08-16,Post-shift,57,Local / other,151,151,0.0,150.0
2026-08-18,2026-08-16,Post-shift,1T,Local / other,221,183,10.0,220.0
2026-08-18,2026-08-16,Post-shift,9,Local / other,146,135,0.0,145.0
2026-08-18,2026-08-16,Post-shift,52,Local / other,129,129,0.0,128.0
2026-08-18,2026-08-16,Post-shift,18,Local / other,144,129,0.0,143.0
2026-08-18,2026-08-16,Post-shift,97,Local / other,122,120,0.0,121.0
2026-08-18,2026-08-16,Post-shift,88,Local / other,110,105,0.0,109.0
2026-08-18,2026-08-16,Post-shift,73,Local / other,110,97,0.0,109.0
2026-08-18,2026-08-16,Post-shift,54,Local / other,109,109,0.0,108.0
2026-08-18,2026-08-16,Post-shift,90,Local / other,104,91,2.0,103.0
2026-08-18,2026-08-16,Post-shift,NL,Transbay,113,105,2.0,112.0
2026-08-18,2026-08-16,Post-shift,62,Local / other,111,92,0.0,110.0
2026-08-18,2026-08-16,Post-shift,98,Local / other,104,85,4.0,103.0
2026-08-18,2026-08-16,Post-shift,14,Local / other,108,88,2.0,107.0
2026-08-18,2026-08-16,Post-shift,F,Transbay,85,83,0.0,84.0
2026-08-18,2026-08-16,Post-shift,76,Local / other,81,81,0.0,80.0
2026-08-18,2026-08-16,Post-shift,30,Local / other,81,81,0.0,80.0
2026-08-18,2026-08-16,Post-shift,86,Local / other,77,76,0.0,76.0
2026-08-18,2026-08-16,Post-shift,211,Local / other,78,78,0.0,77.0
2026-08-18,2026-08-16,Post-shift,72,Local / other,78,75,1.0,77.0
2026-08-18,2026-08-16,Post-shift,27,Local / other,78,75,0.0,77.0
2026-08-18,2026-08-16,Post-shift,12,Local / other,104,104,0.0,103.0
2026-08-18,2026-08-16,Post-shift,36,Local / other,78,75,0.0,77.0
2026-08-18,2026-08-16,Post-shift,200,Local / other,76,69,0.0,75.0
2026-08-18,2026-08-16,Post-shift,210,Local / other,69,68,0.0,68.0
2026-08-18,2026-08-16,Post-shift,239,Local / other,71,71,0.0,70.0
2026-08-18,2026-08-16,Post-shift,45,Local / other,81,67,0.0,80.0
2026-08-18,2026-08-16,Post-shift,96,Local / other,67,67,0.0,66.0
2026-08-18,2026-08-16,Post-shift,72M,Local / other,83,70,3.0,82.0
2026-08-18,2026-08-16,Post-shift,74,Local / other,71,66,0.0,70.0
2026-08-18,2026-08-16,Post-shift,22,Local / other,66,66,0.0,65.0
2026-08-18,2026-08-16,Post-shift,60,Local / other,65,62,0.0,64.0
2026-08-18,2026-08-16,Post-shift,31,Local / other,66,58,0.0,65.0
2026-08-18,2026-08-16,Post-shift,35,Local / other,52,52,0.0,51.0
2026-08-18,2026-08-16,Post-shift,93,Local / other,55,55,0.0,54.0
2026-08-18,2026-08-16,Post-shift,34,Local / other,50,50,0.0,49.0
2026-08-18,2026-08-16,Post-shift,70,Local / other,55,51,0.0,54.0
2026-08-18,2026-08-16,Post-shift,56,Local / other,50,50,0.0,49.0
2026-08-18,2026-08-16,Post-shift,71,Local / other,54,53,0.0,53.0
2026-08-18,2026-08-16,Post-shift,28,Local / other,51,51,0.0,50.0
2026-08-18,2026-08-16,Post-shift,72L,Local / other,53,49,0.0,52.0
2026-08-18,2026-08-16,Post-shift,95,Local / other,44,44,0.0,43.0
2026-08-18,2026-08-16,Post-shift,O,Transbay,69,41,3.0,68.0
2026-08-18,2026-08-16,Post-shift,65,Local / other,40,40,0.0,39.0
2026-08-18,2026-08-16,Post-shift,231,Local / other,41,41,0.0,40.0
2026-08-18,2026-08-16,Post-shift,41,Local / other,34,34,0.0,33.0
2026-08-18,2026-08-16,Post-shift,281,Local / other,30,30,0.0,29.0
2026-08-18,2026-08-16,Post-shift,67,Local / other,29,29,0.0,28.0
2026-08-18,2026-08-16,Post-shift,7,Local / other,34,32,0.0,33.0
2026-08-18,2026-08-16,Post-shift,216,Local / other,28,28,0.0,27.0
2026-08-18,2026-08-16,Post-shift,19,Local / other,32,29,0.0,31.0
2026-08-18,2026-08-16,Post-shift,46L,Local / other,27,27,0.0,26.0
2026-08-18,2026-08-16,Post-shift,251,Local / other,27,25,0.0,26.0
2026-08-18,2026-08-16,Post-shift,800,All Nighter,26,24,1.0,25.0
2026-08-18,2026-08-16,Post-shift,801,All Nighter,11,10,0.0,10.0
2026-08-18,2026-08-16,Post-shift,802,All Nighter,10,10,0.0,9.0
2026-08-18,2026-08-16,Post-shift,G,Transbay,10,10,0.0,9.0
2026-08-18,2026-08-16,Post-shift,851,All Nighter,10,10,0.0,9.0
2026-08-18,2026-08-16,Post-shift,P,Transbay,16,16,0.0,15.0
2026-08-18,2026-08-16,Post-shift,V,Transbay,10,10,0.0,9.0
2026-08-18,2026-08-16,Post-shift,J,Transbay,10,10,0.0,9.0
2026-08-18,2026-08-16,Post-shift,623,School,10,10,0.0,9.0
2026-08-18,2026-08-16,Post-shift,NX,Transbay,9,8,0.0,8.0
2026-08-18,2026-08-16,Post-shift,805,All Nighter,12,4,3.0,11.0
2026-08-18,2026-08-16,Post-shift,840,All Nighter,12,4,4.0,11.0
2026-08-18,2026-08-16,Post-shift,621,School,6,6,0.0,5.0
2026-08-18,2026-08-16,Post-shift,FS,Transbay,4,4,0.0,3.0
2026-08-18,2026-08-16,Post-shift,E,Transbay,8,8,0.0,7.0
2026-08-18,2026-08-16,Post-shift,689,School,4,4,0.0,3.0
2026-08-18,2026-08-16,Post-shift,653,School,4,3,0.0,3.0
2026-08-18,2026-08-16,Post-shift,NX3,Transbay,7,7,0.0,6.0
2026-08-18,2026-08-16,Post-shift,650,School,2,2,0.0,1.0
2026-08-18,2026-08-16,Post-shift,658,School,3,3,0.0,2.0
2026-08-18,2026-08-16,Post-shift,680,School,2,2,0.0,1.0
2026-08-18,2026-08-16,Post-shift,655,School,4,4,0.0,3.0
2026-08-18,2026-08-16,Post-shift,675,School,7,7,0.0,6.0
2026-08-18,2026-08-16,Post-shift,684,School,5,5,0.0,4.0
2026-08-18,2026-08-16,Post-shift,W,Transbay,9,6,1.0,8.0
2026-08-18,2026-08-16,Post-shift,663,School,2,2,0.0,1.0
2026-08-18,2026-08-16,Post-shift,662,School,2,2,0.0,1.0
2026-08-18,2026-08-16,Post-shift,649,School,4,4,0.0,3.0
2026-08-18,2026-08-16,Post-shift,654,School,5,5,0.0,4.0
2026-08-18,2026-08-16,Post-shift,L,Transbay,8,8,0.0,7.0
2026-08-18,2026-08-16,Post-shift,687,School,3,3,0.0,2.0
2026-08-18,2026-08-16,Post-shift,681,School,2,1,0.0,1.0
2026-08-18,2026-08-16,Post-shift,651,School,2,2,0.0,1.0
2026-08-18,2026-08-16,Post-shift,641,School,3,3,0.0,2.0
2026-08-18,2026-08-16,Post-shift,677,School,2,2,0.0,1.0
2026-08-18,2026-08-16,Post-shift,617,School,2,2,0.0,1.0
2026-08-18,2026-08-16,Post-shift,678,School,3,3,0.0,2.0
2026-08-18,2026-08-16,Post-shift,624,School,2,2,0.0,1.0
2026-08-18,2026-08-16,Post-shift,657,School,6,6,0.0,5.0
2026-08-18,2026-08-16,Post-shift,625,School,6,6,0.0,5.0
2026-08-18,2026-08-16,Post-shift,631,School,4,4,0.0,3.0
2026-08-18,2026-08-16,Post-shift,607,School,2,2,0.0,1.0
2026-08-18,2026-08-16,Post-shift,660,School,2,2,0.0,1.0
2026-08-18,2026-08-16,Post-shift,605,School,2,2,0.0,1.0
2026-08-18,2026-08-16,Post-shift,U,Transbay,11,0,9.0,10.0
2026-08-18,2026-08-16,Post-shift,652,School,2,2,0.0,1.0
2026-08-18,2026-08-16,Post-shift,629,School,2,2,0.0,1.0
2026-08-18,2026-08-16,Post-shift,648,School,4,4,0.0,3.0
2026-08-18,2026-08-16,Post-shift,683,School,1,1,0.0,0.0
2026-08-18,2026-08-16,Post-shift,627,School,2,2,0.0,1.0
2026-08-18,2026-08-16,Post-shift,633,School,2,2,0.0,1.0
2026-08-18,2026-08-16,Post-shift,604,School,2,2,0.0,1.0
2026-08-18,2026-08-16,Post-shift,639,School,2,2,0.0,1.0
2026-08-18,2026-08-16,Post-shift,703,Early Bird,1,1,0.0,0.0
2026-08-18,2026-08-16,Post-shift,638,School,2,2,0.0,1.0
2026-08-18,2026-08-16,Post-shift,620,School,2,2,0.0,1.0
2026-08-18,2026-08-16,Post-shift,667,School,4,4,0.0,3.0
2026-08-18,2026-08-16,Post-shift,606,School,2,2,0.0,1.0
2026-08-18,2026-08-16,Post-shift,646,School,7,7,0.0,6.0
2026-08-18,2026-08-16,Post-shift,701,Early Bird,2,2,0.0,1.0
2026-08-18,2026-08-16,Post-shift,702,Early Bird,1,1,0.0,0.0
2026-08-18,2026-08-16,Post-shift,669,School,3,3,0.0,2.0
2026-08-18,2026-08-16,Post-shift,682,School,5,5,0.0,4.0
2026-08-18,2026-08-16,Post-shift,642,School,1,1,0.0,0.0
2026-08-18,2026-08-16,Post-shift,696,School,2,2,0.0,1.0
