direction_id,direction,segment_id,segment_label,upstream_stop_id,downstream_stop_id,day_type,time_band,n,service_days,distance_m,scheduled_runtime_s,median_s,p25_s,p75_s,p90_s,p95_s,max_s,median_speed_mph,baseline_s,baseline_method,baseline_n,slowdown_pct,schedule_overrun_pct,median_ci_low_s,median_ci_high_s,is_target,target_label
0,Fruitvale-bound,2474-5335,Mosswood Park → Hawthorne,2474,5335,Saturday,AM peak,58,7,306.50999999999976,62.0,46.7217335,36.624946,61.41063175,76.0282038,84.39133879999996,119.14755,14.675162627285033,38.383273,weekday 5–7 a.m. median,325,21.72420392601746,-24.642365322580652,41.74993,49.913588,False,
0,Fruitvale-bound,2474-5335,Mosswood Park → Hawthorne,2474,5335,Saturday,Early AM,14,7,306.50999999999976,49.0,29.9019105,27.460554,35.10354325,39.55298460000001,59.80972464999998,94.709459,22.9299167312041,38.383273,weekday 5–7 a.m. median,325,-22.096506725729203,-38.97569285714286,27.954146,34.257765,False,
0,Fruitvale-bound,2474-5335,Mosswood Park → Hawthorne,2474,5335,Saturday,Evening,50,7,306.50999999999976,74.0,48.1122705,38.261959749999995,60.84470425,90.4465938,94.89900465,127.647041,14.252775879863353,38.383273,weekday 5–7 a.m. median,325,25.346972104228826,-34.98341824324325,44.734914,55.707784000000004,False,
0,Fruitvale-bound,2474-5335,Mosswood Park → Hawthorne,2474,5335,Saturday,Late night,4,4,306.50999999999976,62.0,41.88328,39.27505725,46.290082500000004,52.748604,54.9014445,57.054285,16.376591204837517,38.383273,weekday 5–7 a.m. median,325,9.118573603663238,-32.44632258064516,,,False,
0,Fruitvale-bound,2474-5335,Mosswood Park → Hawthorne,2474,5335,Saturday,Midday,142,7,306.50999999999976,93.0,51.307857,40.986382,63.222547250000005,76.1559852,82.622644,181.728049,13.36345003378446,38.383273,weekday 5–7 a.m. median,325,33.6724385124739,-44.83026129032258,45.890801,54.058358,False,
0,Fruitvale-bound,2474-5335,Mosswood Park → Hawthorne,2474,5335,Saturday,PM peak,77,7,306.50999999999976,93.0,57.473239,47.147978,70.688603,99.332998,108.18099600000001,184.586408,11.929782717831502,38.383273,weekday 5–7 a.m. median,325,49.73511769045853,-38.200818279569894,53.753789,69.53618800000001,False,
0,Fruitvale-bound,2474-5335,Mosswood Park → Hawthorne,2474,5335,Sunday / holiday,AM peak,70,9,306.50999999999976,49.0,39.5918635,34.2683625,50.960766250000006,65.9228622,66.6990543,93.234488,17.31905645901621,38.383273,weekday 5–7 a.m. median,325,3.148742682782668,-19.200278571428562,36.8546065,43.73444550000001,False,
0,Fruitvale-bound,2474-5335,Mosswood Park → Hawthorne,2474,5335,Sunday / holiday,Early AM,17,9,306.50999999999976,49.0,36.254378,29.301115,40.437279,49.5178936,54.56153719999999,71.470458,18.912012595002995,38.383273,weekday 5–7 a.m. median,325,-5.546413407736228,-26.011473469387745,34.8547025,48.708757,False,
0,Fruitvale-bound,2474-5335,Mosswood Park → Hawthorne,2474,5335,Sunday / holiday,Evening,82,9,306.50999999999976,62.0,47.430106499999994,38.549012000000005,56.176529,74.59404930000001,79.0855961,117.890018,14.455865781156819,38.383273,weekday 5–7 a.m. median,325,23.56972918906626,-23.499828225806464,39.691106,49.959887499999994,False,
0,Fruitvale-bound,2474-5335,Mosswood Park → Hawthorne,2474,5335,Sunday / holiday,Late night,5,5,306.50999999999976,55.0,38.750887,35.242741,39.156054,43.0366494,44.3301812,45.623713,17.693614429006477,38.383273,weekday 5–7 a.m. median,325,0.9577453178627904,-29.543841818181814,30.651201,45.623713,False,
0,Fruitvale-bound,2474-5335,Mosswood Park → Hawthorne,2474,5335,Sunday / holiday,Midday,193,9,306.50999999999976,80.0,51.72824,41.354994,64.536983,88.4105114,98.84956799999985,244.936627,13.25471837742787,38.383273,weekday 5–7 a.m. median,325,34.76766298694744,-35.33969999999999,47.772575,54.3826315,False,
0,Fruitvale-bound,2474-5335,Mosswood Park → Hawthorne,2474,5335,Sunday / holiday,PM peak,112,9,306.50999999999976,86.0,50.0037695,40.098504250000005,64.65917475,77.09108820000002,85.19006089999998,108.702137,13.71183141760365,38.383273,weekday 5–7 a.m. median,325,30.2748973491656,-41.856081976744186,46.7593194875,62.093208,False,
0,Fruitvale-bound,2474-5335,Mosswood Park → Hawthorne,2474,5335,Weekday,AM peak,542,44,306.50999999999976,80.0,52.0666225,41.591691,68.88291375,86.30317380000001,97.46577614999994,228.725516,13.168620710078525,38.383273,weekday 5–7 a.m. median,325,35.64925143303959,-34.916721875,50.84890575,55.50515349999998,False,
0,Fruitvale-bound,2474-5335,Mosswood Park → Hawthorne,2474,5335,Weekday,Early AM,164,44,306.50999999999976,55.0,34.227119,29.59631175,40.2366215,48.56263780000002,54.40986204999999,78.897277,20.03216572961007,38.383273,weekday 5–7 a.m. median,325,-10.828034388833906,-37.768874545454544,33.765353250000004,36.32387525,False,
0,Fruitvale-bound,2474-5335,Mosswood Park → Hawthorne,2474,5335,Weekday,Evening,618,44,306.50999999999976,62.0,45.5957795,36.400617749999995,57.191982749999994,74.5206576,90.58622209999997,183.887224,15.037431989915383,38.383273,weekday 5–7 a.m. median,325,18.790754243391383,-26.45842016129032,43.5771905,46.99491299374997,False,
0,Fruitvale-bound,2474-5335,Mosswood Park → Hawthorne,2474,5335,Weekday,Late night,33,33,306.50999999999976,62.0,32.007331,29.367791,41.154191,46.4393712,50.695195799999986,54.900062,21.421444148529584,38.383273,weekday 5–7 a.m. median,325,-16.611251468836443,-48.37527258064516,29.911731,39.073585,False,
0,Fruitvale-bound,2474-5335,Mosswood Park → Hawthorne,2474,5335,Weekday,Midday,1203,44,306.50999999999976,93.0,69.505119,54.945747499999996,89.424268,110.43697039999999,123.10376109999997,202.466162,9.864643974784066,38.383273,weekday 5–7 a.m. median,325,81.08179310294874,-25.26331290322581,68.684718,72.329814,False,
0,Fruitvale-bound,2474-5335,Mosswood Park → Hawthorne,2474,5335,Weekday,PM peak,731,44,306.50999999999976,99.0,68.311763,53.952340500000005,85.3923585,112.047692,119.76835399999999,233.501704,10.036972012565384,38.383273,weekday 5–7 a.m. median,325,77.97274088637516,-30.998219191919198,65.213984,71.106971,False,
0,Fruitvale-bound,2476-5338,12th → 9th,2476,5338,Saturday,AM peak,54,7,236.84000000000015,32.0,91.4403785,73.76336624999999,105.74435175,116.61892260000002,121.01414884999997,138.794023,5.793940099719161,56.600202499999995,weekday 5–7 a.m. median,300,61.55486104488761,185.7511828125,83.6232035,95.152988,False,
0,Fruitvale-bound,2476-5338,12th → 9th,2476,5338,Saturday,Early AM,14,7,236.84000000000015,27.0,42.543366,36.42397075,48.950713,61.5853763,71.26211765,87.712889,12.492228719544375,56.600202499999995,weekday 5–7 a.m. median,300,-24.835311322428566,57.56802222222221,37.6237755,51.158583,False,
0,Fruitvale-bound,2476-5338,12th → 9th,2476,5338,Saturday,Evening,50,7,236.84000000000015,29.0,75.73877300000001,60.794064500000005,90.54153199999999,117.2152387,125.33203855,149.345417,6.996854933911804,56.600202499999995,weekday 5–7 a.m. median,300,33.813607822339534,161.1681827586207,68.516862,78.172708,False,
0,Fruitvale-bound,2476-5338,12th → 9th,2476,5338,Saturday,Late night,4,4,236.84000000000015,28.0,106.1669695,93.6538465,112.34513975,114.5061149,115.22643995,115.946765,5.001207860357253,56.600202499999995,weekday 5–7 a.m. median,300,87.57347997120681,279.16774821428567,,,False,
0,Fruitvale-bound,2476-5338,12th → 9th,2476,5338,Saturday,Midday,140,7,236.84000000000015,38.0,106.2386105,76.754124,119.2350835,145.9495721,162.20400819999998,248.105783,4.986850313541547,56.600202499999995,weekday 5–7 a.m. median,300,87.70005372330603,179.57529078947366,101.950546,111.582224,False,
0,Fruitvale-bound,2476-5338,12th → 9th,2476,5338,Saturday,PM peak,81,7,236.84000000000015,38.0,101.756848,76.38028,121.207836,135.728446,146.316983,189.28774,5.206489122383196,56.600202499999995,weekday 5–7 a.m. median,300,79.78177374895436,167.78117894736843,87.289996,112.1957725,False,
0,Fruitvale-bound,2476-5338,12th → 9th,2476,5338,Sunday / holiday,AM peak,68,9,236.84000000000015,27.0,78.0763475,63.45037225,94.135109,109.58201460000001,117.48789074999999,163.944311,6.785754564534649,56.600202499999995,weekday 5–7 a.m. median,300,37.943583329052586,189.17165740740737,77.405486,85.9417265,False,
0,Fruitvale-bound,2476-5338,12th → 9th,2476,5338,Sunday / holiday,Early AM,17,9,236.84000000000015,27.0,43.971962,36.743315,56.610082,76.2145148,91.70318559999996,142.074348,12.048494043545302,56.600202499999995,weekday 5–7 a.m. median,300,-22.311299151270703,62.85911851851851,39.789068,52.734618,False,
0,Fruitvale-bound,2476-5338,12th → 9th,2476,5338,Sunday / holiday,Evening,83,9,236.84000000000015,28.0,67.999011,56.674853999999996,79.9026375,100.15486179999999,105.53432149999999,177.685266,7.791229820092536,56.600202499999995,weekday 5–7 a.m. median,300,20.13916557984046,142.8536107142857,62.087496,72.284597,False,
0,Fruitvale-bound,2476-5338,12th → 9th,2476,5338,Sunday / holiday,Late night,5,5,236.84000000000015,26.0,85.190678,65.684625,90.169177,100.3223752,103.70677459999999,107.091174,6.218942432175505,56.600202499999995,weekday 5–7 a.m. median,300,50.51302687477137,227.65645384615385,62.421076,107.091174,False,
0,Fruitvale-bound,2476-5338,12th → 9th,2476,5338,Sunday / holiday,Midday,190,9,236.84000000000015,40.0,97.86722599999999,78.142412,116.1318685,143.45694029999999,159.86993239999998,241.911898,5.413421137507427,56.600202499999995,weekday 5–7 a.m. median,300,72.90967466061626,144.66806499999998,95.7813455,105.302802,False,
0,Fruitvale-bound,2476-5338,12th → 9th,2476,5338,Sunday / holiday,PM peak,116,9,236.84000000000015,41.0,95.370172,71.36452075,114.796613,130.7239975,144.779582,155.455607,5.555343518053462,56.600202499999995,weekday 5–7 a.m. median,300,68.49793426092425,132.61017560975608,90.282989,106.06093,False,
0,Fruitvale-bound,2476-5338,12th → 9th,2476,5338,Weekday,AM peak,496,44,236.84000000000015,33.0,78.732704,63.643954,101.05417675,120.1076255,132.06254324999998,238.477419,6.729129865203915,56.600202499999995,weekday 5–7 a.m. median,300,39.103219639541045,138.5839515151515,73.167212,80.678795,False,
0,Fruitvale-bound,2476-5338,12th → 9th,2476,5338,Weekday,Early AM,160,44,236.84000000000015,28.0,46.2704455,34.260852,60.99694375,70.87380040000001,78.13431279999999,151.542584,11.450018371848408,56.600202499999995,weekday 5–7 a.m. median,300,-18.250388768485404,65.25159107142858,44.10248975,52.233347,False,
0,Fruitvale-bound,2476-5338,12th → 9th,2476,5338,Weekday,Evening,659,44,236.84000000000015,32.0,68.364238,55.463442,90.7749105,107.6527392,118.94591950000002,338.357454,7.749606193811454,56.600202499999995,weekday 5–7 a.m. median,300,20.78444065637399,113.63824375,65.2312205,72.0140925,False,
0,Fruitvale-bound,2476-5338,12th → 9th,2476,5338,Weekday,Late night,33,33,236.84000000000015,25.0,55.977804,45.753604,68.342892,84.0783504,109.11545939999999,129.905489,9.464392748240005,56.600202499999995,weekday 5–7 a.m. median,300,-1.0996400587082622,123.911216,51.16415,66.531201,False,
0,Fruitvale-bound,2476-5338,12th → 9th,2476,5338,Weekday,Midday,1196,44,236.84000000000015,42.0,93.16521900000001,74.6112545,114.1971025,139.72522,153.3352845,353.167466,5.686627803272502,56.600202499999995,weekday 5–7 a.m. median,300,64.60227152014168,121.82195,91.1933585,96.071046,False,
0,Fruitvale-bound,2476-5338,12th → 9th,2476,5338,Weekday,PM peak,744,44,236.84000000000015,42.0,98.56148999999999,81.03496675,113.29448625,136.4323855,159.28508705000002,333.775451,5.375283754696039,56.600202499999995,weekday 5–7 a.m. median,300,74.13628511311421,134.67021428571425,95.929961,100.56560825,False,
0,Fruitvale-bound,2487-5224,19th → 17th,2487,5224,Saturday,AM peak,58,7,202.02000000000044,38.0,53.9089825,42.17875375,68.9053925,84.9997663,87.71360834999999,140.366937,8.383026691725814,45.557679,weekday 5–7 a.m. median,318,18.331275173171147,41.86574342105263,48.945132,59.4627755,False,
0,Fruitvale-bound,2487-5224,19th → 17th,2487,5224,Saturday,Early AM,14,7,202.02000000000044,31.0,39.564338500000005,33.582273,46.635675,50.956973,54.75132255,61.668046,11.433182357207787,45.557679,weekday 5–7 a.m. median,318,-13.155500085945981,27.626898387096798,33.696087000000006,45.9129475,False,
0,Fruitvale-bound,2487-5224,19th → 17th,2487,5224,Saturday,Evening,49,7,202.02000000000044,46.0,53.798879,42.921097,68.747416,83.13591860000001,93.40267459999998,111.377723,8.399911282909835,45.557679,weekday 5–7 a.m. median,318,18.0895958286198,16.954084782608692,49.297131,62.65334300000001,False,
0,Fruitvale-bound,2487-5224,19th → 17th,2487,5224,Saturday,Late night,4,4,202.02000000000044,38.0,47.3060035,42.6547495,50.098279000000005,50.274373,50.333071,50.391769,9.583913609182172,45.557679,weekday 5–7 a.m. median,318,3.8376066085368477,24.489482894736845,,,False,
0,Fruitvale-bound,2487-5224,19th → 17th,2487,5224,Saturday,Midday,140,7,202.02000000000044,57.0,58.600373,46.325116,71.866565,84.6795917,89.93028034999996,153.567604,7.711662479226975,45.557679,weekday 5–7 a.m. median,318,28.628969443329176,2.8076719298245623,56.828969,59.81787,False,
0,Fruitvale-bound,2487-5224,19th → 17th,2487,5224,Saturday,PM peak,77,7,202.02000000000044,57.0,61.141287,51.154769,71.927745,93.36821900000001,103.51664980000001,117.596619,7.391172690231414,45.557679,weekday 5–7 a.m. median,318,34.20632556807821,7.265415789473684,58.794193,63.456042,False,
0,Fruitvale-bound,2487-5224,19th → 17th,2487,5224,Sunday / holiday,AM peak,69,9,202.02000000000044,31.0,56.355538,45.820354,73.133191,84.1458468,93.72411799999999,160.420309,8.018835890094794,45.557679,weekday 5–7 a.m. median,318,23.701512537546087,81.79205806451616,45.552404,66.2235,False,
0,Fruitvale-bound,2487-5224,19th → 17th,2487,5224,Sunday / holiday,Early AM,17,9,202.02000000000044,31.0,40.910797,31.080541,46.522185,55.7417958,58.1230076,58.391518,11.04612581172645,45.557679,weekday 5–7 a.m. median,318,-10.199997238665294,31.970312903225807,32.4288815,43.803301,False,
0,Fruitvale-bound,2487-5224,19th → 17th,2487,5224,Sunday / holiday,Evening,83,9,202.02000000000044,38.0,57.740894,44.9172765,69.8493885,102.65047759999995,157.78822879999967,264.164641,7.826442914444675,45.557679,weekday 5–7 a.m. median,318,26.742396161138938,51.94972105263158,47.8169335,61.0966795,False,
0,Fruitvale-bound,2487-5224,19th → 17th,2487,5224,Sunday / holiday,Late night,5,5,202.02000000000044,34.0,40.937076,39.43886,53.903828,61.269952399999994,63.725327199999995,66.180702,11.03903490127143,45.557679,weekday 5–7 a.m. median,318,-10.14231431763678,20.403164705882347,39.36428,66.180702,False,
0,Fruitvale-bound,2487-5224,19th → 17th,2487,5224,Sunday / holiday,Midday,194,9,202.02000000000044,49.0,55.463142000000005,44.97547625,69.90203525,86.84965400000003,98.68377014999999,153.841,8.147864712465296,45.557679,weekday 5–7 a.m. median,318,21.742685793979998,13.190085714285726,53.26389,57.001208,False,
0,Fruitvale-bound,2487-5224,19th → 17th,2487,5224,Sunday / holiday,PM peak,111,9,202.02000000000044,53.0,60.33725,50.5805385,70.5362215,88.712467,106.417606,149.461337,7.489665351337706,45.557679,weekday 5–7 a.m. median,318,32.44144856457678,13.843867924528297,56.495315500000004,68.435374,False,
0,Fruitvale-bound,2487-5224,19th → 17th,2487,5224,Weekday,AM peak,510,44,202.02000000000044,49.0,60.404262,47.909099499999996,71.9771945,85.0379978,92.84417354999995,197.588032,7.481370616497477,45.557679,weekday 5–7 a.m. median,318,32.58854122046033,23.274004081632647,59.00446650000001,63.83392756874999,False,
0,Fruitvale-bound,2487-5224,19th → 17th,2487,5224,Weekday,Early AM,160,44,202.02000000000044,34.0,41.412454,34.6244005,51.5814325,61.6489432,69.25524504999997,94.391584,10.91231818840523,45.557679,weekday 5–7 a.m. median,318,-9.098850272859604,21.801335294117628,40.282165500000005,44.738248999999996,False,
0,Fruitvale-bound,2487-5224,19th → 17th,2487,5224,Weekday,Evening,651,44,202.02000000000044,42.0,53.192953,42.4021965,67.54868149999999,82.285803,90.31878850000001,159.004388,8.495595473332735,45.557679,weekday 5–7 a.m. median,318,16.75957636033214,26.649888095238094,50.621274899999996,57.49067362499998,False,
0,Fruitvale-bound,2487-5224,19th → 17th,2487,5224,Weekday,Late night,33,33,202.02000000000044,38.0,42.117985,34.310761,49.632265,61.6918766,83.40333559999996,177.895094,10.729521146845011,45.557679,weekday 5–7 a.m. median,318,-7.550195873674781,10.836802631578934,38.917998,45.592394,False,
0,Fruitvale-bound,2487-5224,19th → 17th,2487,5224,Weekday,Midday,1209,44,202.02000000000044,57.0,61.46837,49.709585,75.990046,94.47404519999999,105.21220419999999,201.35147,7.3518430815718885,45.557679,weekday 5–7 a.m. median,318,34.9242791758553,7.839245614035084,60.03729075,63.573025,False,
0,Fruitvale-bound,2487-5224,19th → 17th,2487,5224,Weekday,PM peak,724,44,202.02000000000044,61.0,67.137295,54.0199695,84.13089675,100.71604810000001,110.55403285,205.691219,6.731076006436784,45.557679,weekday 5–7 a.m. median,318,47.36768086890466,10.061139344262294,66.32809325,69.60335549999999,False,
0,Fruitvale-bound,2493-5183,28th → 25th,2493,5183,Saturday,AM peak,58,7,282.8600000000001,58.0,50.567848999999995,36.4393665,65.51735325,75.97675970000002,82.7430995,112.046081,12.516599948170539,40.688299,weekday 5–7 a.m. median,325,24.281059279474903,-12.814053448275875,43.526868,54.6980645,False,
0,Fruitvale-bound,2493-5183,28th → 25th,2493,5183,Saturday,Early AM,14,7,282.8600000000001,47.0,33.153974,26.71240875,36.367588500000004,42.88411580000001,45.7836633,46.81594,19.109626069956736,40.688299,weekday 5–7 a.m. median,325,-18.517178611964102,-29.459629787234043,30.645253,35.130516,False,
0,Fruitvale-bound,2493-5183,28th → 25th,2493,5183,Saturday,Evening,49,7,282.8600000000001,70.0,55.887072,42.203681,69.369934,80.61694700000004,102.99318119999997,122.4924,11.321754644079409,40.688299,weekday 5–7 a.m. median,325,37.35416169646217,-20.161325714285706,52.744364,68.26544100000001,False,
0,Fruitvale-bound,2493-5183,28th → 25th,2493,5183,Saturday,Late night,4,4,282.8600000000001,58.0,34.330796,32.749881,36.4240825,38.3270686,38.961397299999994,39.595726,18.447475764425864,40.688299,weekday 5–7 a.m. median,325,-15.62489255203321,-40.80897241379311,,,False,
0,Fruitvale-bound,2493-5183,28th → 25th,2493,5183,Saturday,Midday,142,7,282.8600000000001,88.0,66.0879385,53.671410249999994,83.599786,113.0916549,123.07482809999995,352.091104,9.575140576798034,40.688299,weekday 5–7 a.m. median,325,62.42492344052035,-24.900069886363628,62.298657500000004,69.76088,False,
0,Fruitvale-bound,2493-5183,28th → 25th,2493,5183,Saturday,PM peak,77,7,282.8600000000001,88.0,67.562415,53.291167,78.802761,107.78321260000001,111.0789896,174.566886,9.365261987156622,40.688299,weekday 5–7 a.m. median,325,66.04875765388965,-23.224528409090905,63.042680000000004,77.566996,False,
0,Fruitvale-bound,2493-5183,28th → 25th,2493,5183,Sunday / holiday,AM peak,70,9,282.8600000000001,47.0,47.333141499999996,35.23584775,65.6782465,80.29431240000001,87.4487884,131.398432,13.370982841980531,40.688299,weekday 5–7 a.m. median,325,16.3310894367936,0.708811702127643,41.761279,60.337419,False,
0,Fruitvale-bound,2493-5183,28th → 25th,2493,5183,Sunday / holiday,Early AM,17,9,282.8600000000001,47.0,32.824708,28.882617,37.706432,48.6191418,53.03929699999998,69.156397,19.27632431520793,40.688299,weekday 5–7 a.m. median,325,-19.32641863450718,-30.160195744680852,29.063655,48.358555,False,
0,Fruitvale-bound,2493-5183,28th → 25th,2493,5183,Sunday / holiday,Evening,82,9,282.8600000000001,58.0,56.501360000000005,42.40684125,67.483809,81.52829030000001,97.82558105000004,233.012717,11.198698353934565,40.688299,weekday 5–7 a.m. median,325,38.86390286308112,-2.5838620689655034,49.024646,66.21087750000001,False,
0,Fruitvale-bound,2493-5183,28th → 25th,2493,5183,Sunday / holiday,Late night,5,5,282.8600000000001,53.0,35.928344,32.147236,37.480282,37.9773286,38.1430108,38.308693,17.611157279055227,40.688299,weekday 5–7 a.m. median,325,-11.698584401377898,-32.2106716981132,29.667663,38.308693,False,
0,Fruitvale-bound,2493-5183,28th → 25th,2493,5183,Sunday / holiday,Midday,193,9,282.8600000000001,76.0,62.098582,48.15912,77.218063,109.94234800000002,127.54075419999992,287.44017,10.189278025060222,40.688299,weekday 5–7 a.m. median,325,52.62024593360366,-18.29133947368421,56.3421095,65.69376550000001,False,
0,Fruitvale-bound,2493-5183,28th → 25th,2493,5183,Sunday / holiday,PM peak,112,9,282.8600000000001,82.0,64.598009,54.588543,82.017137,106.33361230000001,117.76463734999999,175.958634,9.79525439418524,40.688299,weekday 5–7 a.m. median,325,58.76311024946017,-21.221940243902438,58.7104615,74.587021,False,
0,Fruitvale-bound,2493-5183,28th → 25th,2493,5183,Weekday,AM peak,523,44,282.8600000000001,76.0,58.637316,44.382060499999994,75.2177485,97.9626934,112.951421,236.457176,10.790734640037076,40.688299,weekday 5–7 a.m. median,325,44.113461218912086,-22.845636842105264,56.7119285,61.33766249999999,False,
0,Fruitvale-bound,2493-5183,28th → 25th,2493,5183,Weekday,Early AM,163,44,282.8600000000001,53.0,38.502057,32.319038000000006,46.571951,56.044163000000005,70.50480860000005,106.481559,16.433919802258885,40.688299,weekday 5–7 a.m. median,325,-5.373146712277155,-27.354609433962263,36.16779875,41.54750875,False,
0,Fruitvale-bound,2493-5183,28th → 25th,2493,5183,Weekday,Evening,641,44,282.8600000000001,58.0,52.759596,41.05717,67.920527,84.233199,97.62229,178.020667,11.992884042554085,40.688299,weekday 5–7 a.m. median,325,29.667735679980133,-9.035179310344821,48.621547,53.18298375,False,
0,Fruitvale-bound,2493-5183,28th → 25th,2493,5183,Weekday,Late night,33,33,282.8600000000001,58.0,40.781457,34.692687,46.616718,52.484774800000004,67.6137506,71.309476,15.515377907169924,40.688299,weekday 5–7 a.m. median,325,0.22895525811978956,-29.687143103448264,38.614836,44.38565,False,
0,Fruitvale-bound,2493-5183,28th → 25th,2493,5183,Weekday,Midday,1199,44,282.8600000000001,88.0,67.572409,56.58309,85.81035,115.69518800000002,127.1628654,267.460653,9.363876859266632,40.688299,weekday 5–7 a.m. median,325,66.07331999796796,-23.2131715909091,65.565079,68.80734375,False,
0,Fruitvale-bound,2493-5183,28th → 25th,2493,5183,Weekday,PM peak,728,44,282.8600000000001,94.0,69.9632615,57.5596325,92.03914750000001,117.05770470000002,131.062926,396.326935,9.043885368124505,40.688299,weekday 5–7 a.m. median,325,71.94933978439354,-25.57099840425532,68.26785875,73.4915865,False,
0,Fruitvale-bound,2497-5334,42nd → 40th,2497,5334,Saturday,AM peak,60,7,523.99,77.0,52.580224,45.47418275,72.50989200000001,85.3456471,98.14214284999996,152.070582,22.292278477459877,55.844727,weekday 5–7 a.m. median,323,-5.845678142539756,-31.7139948051948,50.374713,63.136223,False,
0,Fruitvale-bound,2497-5334,42nd → 40th,2497,5334,Saturday,Early AM,14,7,523.99,62.0,54.6171585,51.318490499999996,64.59753675,73.3147002,91.11002255,120.439942,21.463107064686525,55.844727,weekday 5–7 a.m. median,323,-2.1981815758540635,-11.90780887096774,54.6171585,63.7600925,False,
0,Fruitvale-bound,2497-5334,42nd → 40th,2497,5334,Saturday,Evening,49,7,523.99,77.0,76.844762,65.72652,103.046912,121.48085280000001,126.1387398,145.681359,15.25324646903064,55.844727,weekday 5–7 a.m. median,323,37.6043292323732,-0.2016077922077919,71.3569,83.4462755,False,
0,Fruitvale-bound,2497-5334,42nd → 40th,2497,5334,Saturday,Late night,4,4,523.99,62.0,79.30633399999999,71.40901825,96.2304725,120.81860840000002,129.0146537,137.210699,14.804883053151347,55.844727,weekday 5–7 a.m. median,323,42.012215405762475,27.913441935483863,,,False,
0,Fruitvale-bound,2497-5334,42nd → 40th,2497,5334,Saturday,Midday,141,7,523.99,92.0,97.464198,75.669059,117.533768,132.329312,145.6162,197.903856,12.026283688703826,55.844727,weekday 5–7 a.m. median,323,74.52712769103518,5.939345652173911,87.267066,107.985712,False,
0,Fruitvale-bound,2497-5334,42nd → 40th,2497,5334,Saturday,PM peak,75,7,523.99,92.0,90.197535,76.03052149999999,114.8187765,132.67513420000006,156.44332849999995,186.101797,12.995167713175311,55.844727,weekday 5–7 a.m. median,323,61.51486424134547,-1.959201086956519,80.716777,93.807071,False,
0,Fruitvale-bound,2497-5334,42nd → 40th,2497,5334,Sunday / holiday,AM peak,70,9,523.99,62.0,56.762446499999996,47.352205999999995,67.85576925000001,80.6263584,91.17161049999999,117.459747,20.650123139520506,55.844727,weekday 5–7 a.m. median,323,1.643341366858131,-8.447666935483877,54.645829500000005,63.713914,False,
0,Fruitvale-bound,2497-5334,42nd → 40th,2497,5334,Sunday / holiday,Early AM,17,9,523.99,62.0,50.154988,44.408641,54.37786,59.8277804,62.931209,63.469085,23.370199882013726,55.844727,weekday 5–7 a.m. median,323,-10.188498190706518,-19.10485806451613,42.923773,55.213623999999996,False,
0,Fruitvale-bound,2497-5334,42nd → 40th,2497,5334,Sunday / holiday,Evening,81,9,523.99,77.0,74.141212,59.831328,91.775567,109.316316,122.018828,338.691876,15.80945418912224,55.844727,weekday 5–7 a.m. median,323,32.76313804882598,-3.7127116883116984,71.804078,76.965688,False,
0,Fruitvale-bound,2497-5334,42nd → 40th,2497,5334,Sunday / holiday,Late night,5,5,523.99,62.0,55.23225,54.058372,58.047735,73.18178160000001,78.2264638,83.271146,21.221878425014374,55.844727,weekday 5–7 a.m. median,323,-1.0967499223337618,-10.915725806451615,49.783948,83.271146,False,
0,Fruitvale-bound,2497-5334,42nd → 40th,2497,5334,Sunday / holiday,Midday,191,9,523.99,92.0,83.369426,70.4885615,104.329835,116.252509,124.600723,175.379441,14.059495799335357,55.844727,weekday 5–7 a.m. median,323,49.287910387671886,-9.381058695652166,78.929044,86.25336300000001,False,
0,Fruitvale-bound,2497-5334,42nd → 40th,2497,5334,Sunday / holiday,PM peak,113,9,523.99,92.0,91.447425,77.072838,111.720507,131.3495384,159.37813579999985,241.491393,12.817551665779547,55.844727,weekday 5–7 a.m. median,323,63.75301646653229,-0.6006250000000102,87.162966,109.439641,False,
0,Fruitvale-bound,2497-5334,42nd → 40th,2497,5334,Weekday,AM peak,556,44,523.99,77.0,73.9097,60.3471565,90.79477425,110.7120845,123.0039155,178.715959,15.859024387491504,55.844727,weekday 5–7 a.m. median,323,32.348574288849164,-4.013376623376619,71.16228749999999,76.54810919999997,False,
0,Fruitvale-bound,2497-5334,42nd → 40th,2497,5334,Weekday,Early AM,163,44,523.99,62.0,51.889054,43.844428,58.903898,66.3018244,73.6139558,100.16782,22.589197610733084,55.844727,weekday 5–7 a.m. median,323,-7.08334199574473,-16.307977419354835,49.71665375,54.61698890624999,False,
0,Fruitvale-bound,2497-5334,42nd → 40th,2497,5334,Weekday,Evening,613,44,523.99,77.0,72.195389,60.237996,92.45465,113.62785960000001,129.5444546,197.596617,16.23555341796136,55.844727,weekday 5–7 a.m. median,323,29.27879296464284,-6.2397545454545345,69.84911149999999,74.54006925,False,
0,Fruitvale-bound,2497-5334,42nd → 40th,2497,5334,Weekday,Late night,33,33,523.99,62.0,56.763654,48.571982,74.447154,82.0206124,83.6457622,185.6814,20.649341824259587,55.844727,weekday 5–7 a.m. median,323,1.6455036121852729,-8.44571935483871,50.683943,66.150717,False,
0,Fruitvale-bound,2497-5334,42nd → 40th,2497,5334,Weekday,Midday,1202,44,523.99,107.0,97.9114395,80.376398,117.98723525,134.75448430000003,147.42962575,236.155739,11.971362232413242,55.844727,weekday 5–7 a.m. median,323,75.32799381399072,-8.49398177570093,94.0457525,100.15884513749997,False,
0,Fruitvale-bound,2497-5334,42nd → 40th,2497,5334,Weekday,PM peak,721,44,523.99,123.0,100.694655,81.798786,121.196723,141.837829,164.841372,278.589754,11.640459909614865,55.844727,weekday 5–7 a.m. median,323,80.31184036408665,-18.134426829268293,96.610486,105.70227725000001,False,
0,Fruitvale-bound,2511-2487,Grand → 19th,2511,2487,Saturday,AM peak,58,7,407.1999999999998,76.0,110.47415649999999,79.46492325,149.14927799999998,164.54322530000005,193.04192614999997,248.328086,8.249080603340563,98.465486,weekday 5–7 a.m. median,325,12.195817019579835,45.3607322368421,99.72662550000001,125.3650025,True,Grand → 19th
0,Fruitvale-bound,2511-2487,Grand → 19th,2511,2487,Saturday,Early AM,14,7,407.1999999999998,60.0,74.3487555,64.162779,104.01558625000001,129.349974,140.40510659999998,156.662592,12.251943991470288,98.465486,weekday 5–7 a.m. median,325,-24.492572453255345,23.914592499999987,62.738806,120.079325,True,Grand → 19th
0,Fruitvale-bound,2511-2487,Grand → 19th,2511,2487,Saturday,Evening,49,7,407.1999999999998,91.0,123.233822,100.859951,160.512096,177.283182,199.38333539999994,227.901637,7.391480069489361,98.465486,weekday 5–7 a.m. median,325,25.154332757774633,35.42178241758243,110.488958,154.4866465,True,Grand → 19th
0,Fruitvale-bound,2511-2487,Grand → 19th,2511,2487,Saturday,Late night,4,4,407.1999999999998,76.0,105.8213955,85.797841,120.10262875000001,120.7589047,120.97766335,121.196422,8.759205089445125,98.465486,weekday 5–7 a.m. median,325,7.470546075403517,39.23867828947367,,,True,Grand → 19th
0,Fruitvale-bound,2511-2487,Grand → 19th,2511,2487,Saturday,Midday,142,7,407.1999999999998,114.0,121.20801449999999,97.61955725,150.53828024999999,196.8157676,219.35505074999995,241.700404,7.515018203737257,98.465486,weekday 5–7 a.m. median,325,23.096954500381983,6.3228197368421,115.073218,130.5935055,True,Grand → 19th
0,Fruitvale-bound,2511-2487,Grand → 19th,2511,2487,Saturday,PM peak,77,7,407.1999999999998,114.0,130.116304,110.190207,165.114624,196.35787420000003,218.8878914,261.020754,7.0005088616719355,98.465486,weekday 5–7 a.m. median,325,32.14407330503606,14.13710877192984,124.127939,150.607955,True,Grand → 19th
0,Fruitvale-bound,2511-2487,Grand → 19th,2511,2487,Sunday / holiday,AM peak,70,9,407.1999999999998,60.0,103.9716415,80.005641,132.10224125000002,179.1314032,200.66307709999995,238.460078,8.761168968419067,98.465486,weekday 5–7 a.m. median,325,5.591964985578812,73.28606916666666,81.637203,109.608839,True,Grand → 19th
0,Fruitvale-bound,2511-2487,Grand → 19th,2511,2487,Sunday / holiday,Early AM,17,9,407.1999999999998,60.0,86.760759,64.245621,93.985821,101.55918580000001,108.0858512,119.370204,10.498759458754845,98.465486,weekday 5–7 a.m. median,325,-11.88713677805846,44.60126499999999,69.328509,90.880253,True,Grand → 19th
0,Fruitvale-bound,2511-2487,Grand → 19th,2511,2487,Sunday / holiday,Evening,82,9,407.1999999999998,76.0,125.3042235,104.7875095,174.81912075,221.30020410000014,262.03573065000006,696.308003,7.269429375974189,98.465486,weekday 5–7 a.m. median,325,27.256999980683606,64.8739782894737,112.4675515,164.8153285,True,Grand → 19th
0,Fruitvale-bound,2511-2487,Grand → 19th,2511,2487,Sunday / holiday,Late night,5,5,407.1999999999998,69.0,164.095057,161.627707,191.838796,224.4925288,235.3771064,246.261684,5.550931002144687,98.465486,weekday 5–7 a.m. median,325,66.65236080792818,137.81892318840582,109.774911,246.261684,True,Grand → 19th
0,Fruitvale-bound,2511-2487,Grand → 19th,2511,2487,Sunday / holiday,Midday,193,9,407.1999999999998,99.0,127.203947,95.549907,156.754044,184.47115080000003,199.55240899999998,261.789952,7.1607867576624775,98.465486,weekday 5–7 a.m. median,325,29.18632930933789,28.488835353535347,114.194899,148.121893,True,Grand → 19th
0,Fruitvale-bound,2511-2487,Grand → 19th,2511,2487,Sunday / holiday,PM peak,112,9,407.1999999999998,106.0,119.3747685,103.69923299999999,156.21737124999999,173.86595440000002,197.4477945,294.808038,7.630455125400873,98.465486,weekday 5–7 a.m. median,325,21.235138675901123,12.617706132075469,109.938638,140.538338,True,Grand → 19th
0,Fruitvale-bound,2511-2487,Grand → 19th,2511,2487,Weekday,AM peak,514,44,407.1999999999998,99.0,118.9618445,89.54559624999999,150.13961975,183.9783941,196.27462135000002,340.961565,7.656914844576416,98.465486,weekday 5–7 a.m. median,325,20.815779551425774,20.1634792929293,111.166435,126.388064,True,Grand → 19th
0,Fruitvale-bound,2511-2487,Grand → 19th,2511,2487,Weekday,Early AM,163,44,407.1999999999998,69.0,90.712498,67.570099,111.32144,152.4921878,162.7598311,232.082184,10.041398476315797,98.465486,weekday 5–7 a.m. median,325,-7.873812759122522,31.467388405797102,78.0535995,98.35864480624998,True,Grand → 19th
0,Fruitvale-bound,2511-2487,Grand → 19th,2511,2487,Weekday,Evening,652,44,407.1999999999998,83.0,118.6783135,90.95980625,156.63665025,185.8354202,203.74596284999996,299.908091,7.675207605678777,98.465486,weekday 5–7 a.m. median,325,20.52782992408122,42.98591987951808,112.46962175000002,126.19499,True,Grand → 19th
0,Fruitvale-bound,2511-2487,Grand → 19th,2511,2487,Weekday,Late night,33,33,407.1999999999998,76.0,85.848678,67.433043,112.179268,141.70927120000002,162.3837888,183.327825,10.610301293166092,98.465486,weekday 5–7 a.m. median,325,-12.813431906485484,12.958786842105274,69.726788,108.035498,True,Grand → 19th
0,Fruitvale-bound,2511-2487,Grand → 19th,2511,2487,Weekday,Midday,1207,44,407.1999999999998,114.0,126.637558,102.4817865,164.361862,193.5164674,209.0980991,398.934424,7.192813519035163,98.465486,weekday 5–7 a.m. median,325,28.611113542871248,11.085577192982466,119.565373,133.46859025,True,Grand → 19th
0,Fruitvale-bound,2511-2487,Grand → 19th,2511,2487,Weekday,PM peak,720,44,407.1999999999998,121.0,138.19971299999997,110.034107,177.50982325,210.369417,233.10353824999996,591.162813,6.59104980061144,98.465486,weekday 5–7 a.m. median,325,40.353456438533165,14.21463884297518,131.401968,144.67810371874995,True,Grand → 19th
0,Fruitvale-bound,2512-2474,MacArthur → Mosswood Park,2512,2474,Saturday,AM peak,58,7,142.30000000000018,32.0,23.479477,19.233176999999998,31.23160525,49.37049380000001,67.18401775,80.437503,13.557427741066292,17.72186,weekday 5–7 a.m. median,321,32.48878503723649,-26.626634375000002,20.9372085,28.832623,False,
0,Fruitvale-bound,2512-2474,MacArthur → Mosswood Park,2512,2474,Saturday,Early AM,14,7,142.30000000000018,25.0,14.2406305,13.037115250000001,17.07089225,18.5826743,20.870099999999997,24.264088,22.352798923477444,17.72186,weekday 5–7 a.m. median,321,-19.64370274903424,-43.03747799999999,13.1355225,18.276078499999997,False,
0,Fruitvale-bound,2512-2474,MacArthur → Mosswood Park,2512,2474,Saturday,Evening,50,7,142.30000000000018,38.0,23.831659000000002,18.685862750000002,36.93417675,70.1098221,76.01910805,115.246975,13.363232347442418,17.72186,weekday 5–7 a.m. median,321,34.47605951068342,-37.28510789473683,21.529449,27.451772,False,
0,Fruitvale-bound,2512-2474,MacArthur → Mosswood Park,2512,2474,Saturday,Late night,4,4,142.30000000000018,32.0,19.444481,18.0089465,24.28032425,32.300660300000004,34.97410564999999,37.647551,16.37676396495008,17.72186,weekday 5–7 a.m. median,321,9.720317167611082,-39.235996875,,,False,
0,Fruitvale-bound,2512-2474,MacArthur → Mosswood Park,2512,2474,Saturday,Midday,141,7,142.30000000000018,47.0,26.605726,20.68323,39.641229,55.472491,62.113932,103.627719,11.964191197037826,17.72186,weekday 5–7 a.m. median,321,50.12942208097797,-43.392072340425536,23.592598000000002,27.846964,False,
0,Fruitvale-bound,2512-2474,MacArthur → Mosswood Park,2512,2474,Saturday,PM peak,76,7,142.30000000000018,47.0,34.437301500000004,26.539726,49.551872,62.9950005,68.21584425,93.959568,9.245567350678293,17.72186,weekday 5–7 a.m. median,321,94.32103345811333,-26.72914574468084,32.290386,40.8728585,False,
0,Fruitvale-bound,2512-2474,MacArthur → Mosswood Park,2512,2474,Sunday / holiday,AM peak,67,9,142.30000000000018,25.0,20.301524,16.152167,26.660648000000002,38.481638,50.76053479999996,70.534038,15.679413663722999,17.72186,weekday 5–7 a.m. median,321,14.556395321935733,-18.793903999999994,17.192937,23.407041,False,
0,Fruitvale-bound,2512-2474,MacArthur → Mosswood Park,2512,2474,Sunday / holiday,Early AM,15,9,142.30000000000018,25.0,17.859788,14.904611,19.110498999999997,20.534157399999998,22.212536899999996,24.776576,17.82305550323444,17.72186,weekday 5–7 a.m. median,321,0.7782930234185415,-28.560847999999993,16.310017000000002,18.882057,False,
0,Fruitvale-bound,2512-2474,MacArthur → Mosswood Park,2512,2474,Sunday / holiday,Evening,82,9,142.30000000000018,32.0,24.522213,18.138530000000003,32.1014975,42.97063310000001,64.16440645000003,109.230774,12.980880730239448,17.72186,weekday 5–7 a.m. median,321,38.372682099960166,-23.368084375,20.650408499999998,30.158866,False,
0,Fruitvale-bound,2512-2474,MacArthur → Mosswood Park,2512,2474,Sunday / holiday,Late night,5,5,142.30000000000018,28.0,16.361584,14.844231,21.180993,23.543901,24.331537,25.119173,19.455084104326357,17.72186,weekday 5–7 a.m. median,321,-7.6756954405463045,-41.56577142857143,13.509185,25.119173,False,
0,Fruitvale-bound,2512-2474,MacArthur → Mosswood Park,2512,2474,Sunday / holiday,Midday,193,9,142.30000000000018,41.0,25.931915,20.263844,35.726765,49.438088400000005,55.5125676,94.19502,12.275066951283792,17.72186,weekday 5–7 a.m. median,321,46.327276030845525,-36.7514268292683,23.8726505,29.594284,False,
0,Fruitvale-bound,2512-2474,MacArthur → Mosswood Park,2512,2474,Sunday / holiday,PM peak,112,9,142.30000000000018,44.0,27.0028205,21.39204,38.19524675,49.90953220000001,59.69426194999999,73.075108,11.788430085567379,17.72186,weekday 5–7 a.m. median,321,52.370126499137214,-38.62995340909091,23.3578415,35.93485,False,
0,Fruitvale-bound,2512-2474,MacArthur → Mosswood Park,2512,2474,Weekday,AM peak,543,44,142.30000000000018,41.0,24.921984,19.167206,36.403521999999995,48.3387368,56.91117319999996,101.375841,12.772498080409667,17.72186,weekday 5–7 a.m. median,321,40.62848933464094,-39.21467317073171,22.61527,26.0169085,False,
0,Fruitvale-bound,2512-2474,MacArthur → Mosswood Park,2512,2474,Weekday,Early AM,160,44,142.30000000000018,28.0,16.3748975,13.7386,20.32548925,27.644668,33.59002724999999,70.605518,19.439540482239224,17.72186,weekday 5–7 a.m. median,321,-7.600570707589382,-41.51822321428572,15.6505885,17.571102,False,
0,Fruitvale-bound,2512-2474,MacArthur → Mosswood Park,2512,2474,Weekday,Evening,617,44,142.30000000000018,32.0,23.06709,18.304562,32.057084,45.377835,54.90614079999993,152.050083,13.799573019396917,17.72186,weekday 5–7 a.m. median,321,30.161788886719563,-27.915343749999998,22.1815305,24.135985,False,
0,Fruitvale-bound,2512-2474,MacArthur → Mosswood Park,2512,2474,Weekday,Late night,32,32,142.30000000000018,32.0,16.163296,13.642189,20.58123225,26.037978700000004,29.052082699999996,32.838667,19.705050014635223,17.72186,weekday 5–7 a.m. median,321,-8.794584767061696,-49.489700000000006,13.9654235,18.736247,False,
0,Fruitvale-bound,2512-2474,MacArthur → Mosswood Park,2512,2474,Weekday,Midday,1204,44,142.30000000000018,47.0,39.353633,29.639075499999997,53.53481875,68.79043270000001,80.63398864999994,1137.562122,8.088605074375739,17.72186,weekday 5–7 a.m. median,321,122.06265595146336,-16.2688659574468,38.2052235,42.105109999999996,False,
0,Fruitvale-bound,2512-2474,MacArthur → Mosswood Park,2512,2474,Weekday,PM peak,726,44,142.30000000000018,50.0,38.089411,28.041456,52.850983,69.053598,82.692237,145.125008,8.35707336040783,17.72186,weekday 5–7 a.m. median,321,114.92896908112354,-23.821178,36.3356625,39.844093,False,
0,Fruitvale-bound,2541-5873,College → 51st,2541,5873,Saturday,AM peak,62,7,226.1199999999999,33.0,29.2027665,24.84087825,41.834506499999996,55.6994233,58.094354249999995,81.063679,17.32117009303848,28.919352,weekday 5–7 a.m. median,323,0.9800167721600417,-11.506768181818183,28.586975,38.913559,False,
0,Fruitvale-bound,2541-5873,College → 51st,2541,5873,Saturday,Early AM,14,7,226.1199999999999,27.0,21.367336,20.1281985,23.91768525,25.8040164,26.564372,27.756472,23.699008532370332,28.919352,weekday 5–7 a.m. median,323,-26.11405677416284,-20.86171851851851,20.125082,24.1295625,False,
0,Fruitvale-bound,2541-5873,College → 51st,2541,5873,Saturday,Evening,49,7,226.1199999999999,33.0,48.64051,37.195039,74.291663,94.86447920000002,103.85555779999999,125.500807,10.399067943983313,28.919352,weekday 5–7 a.m. median,323,68.19363725715569,47.395484848484834,42.875366,58.1706715,False,
0,Fruitvale-bound,2541-5873,College → 51st,2541,5873,Saturday,Late night,5,4,226.1199999999999,27.0,47.722285,33.12773,53.177916,60.6007602,63.0750416,65.549323,10.599156522366853,28.919352,weekday 5–7 a.m. median,323,65.01851424610068,76.7492037037037,,,False,
0,Fruitvale-bound,2541-5873,College → 51st,2541,5873,Saturday,Midday,143,7,226.1199999999999,40.0,58.854155,42.6134505,76.60018099999999,105.9488138,118.24105460000003,171.503892,8.594396917600802,28.919352,weekday 5–7 a.m. median,323,103.51132003234373,47.13538749999999,53.746913,63.531163,False,
0,Fruitvale-bound,2541-5873,College → 51st,2541,5873,Saturday,PM peak,70,7,226.1199999999999,40.0,62.394143,46.32866675,94.10847799999999,107.2018237,118.31708954999999,131.048613,8.10697134240374,28.919352,weekday 5–7 a.m. median,323,115.75221671633584,55.9853575,56.63956,79.786463,False,
0,Fruitvale-bound,2541-5873,College → 51st,2541,5873,Sunday / holiday,AM peak,73,9,226.1199999999999,27.0,28.385076,23.896103,48.40871,64.136289,75.40714959999997,102.106659,17.819785591555213,28.919352,weekday 5–7 a.m. median,323,-1.8474687814581725,5.129911111111118,25.643578499999997,40.568549,False,
0,Fruitvale-bound,2541-5873,College → 51st,2541,5873,Sunday / holiday,Early AM,17,9,226.1199999999999,27.0,24.171743,22.528449,26.21169,29.8817962,32.867156599999994,42.396003,20.92592033267935,28.919352,weekday 5–7 a.m. median,323,-16.4167198490478,-10.47502592592593,21.8276255,26.21169,False,
0,Fruitvale-bound,2541-5873,College → 51st,2541,5873,Sunday / holiday,Evening,79,9,226.1199999999999,33.0,43.304356,31.2908045,55.189494999999994,70.923905,100.36239679999997,129.444439,11.680487023522524,28.919352,weekday 5–7 a.m. median,323,49.74179227805657,31.225321212121205,38.787994,48.172023,False,
0,Fruitvale-bound,2541-5873,College → 51st,2541,5873,Sunday / holiday,Late night,5,5,226.1199999999999,27.0,24.094105,21.743631,29.912402,33.9867926,35.3449228,36.703053,20.993349548364623,28.919352,weekday 5–7 a.m. median,323,-16.68518367908106,-10.762574074074083,18.785999,36.703053,False,
0,Fruitvale-bound,2541-5873,College → 51st,2541,5873,Sunday / holiday,Midday,195,9,226.1199999999999,40.0,51.012918,37.3411935,70.7168185,104.8100728,117.2080121999999,172.807608,9.915448638323332,28.919352,weekday 5–7 a.m. median,323,76.39716823530485,27.532295000000005,49.4344255,54.769517,False,
0,Fruitvale-bound,2541-5873,College → 51st,2541,5873,Sunday / holiday,PM peak,109,9,226.1199999999999,40.0,61.256759,43.753291,85.771093,108.4193534,120.71702959999999,229.113069,8.25730868849917,28.919352,weekday 5–7 a.m. median,323,111.81926552157879,53.1418975,57.2909815,66.27797100000001,False,
0,Fruitvale-bound,2541-5873,College → 51st,2541,5873,Weekday,AM peak,556,44,226.1199999999999,33.0,42.761848,31.798149000000002,59.132645499999995,78.1358605,98.75124174999999,169.878331,11.82869232475522,28.919352,weekday 5–7 a.m. median,323,47.86585812849473,29.581357575757572,40.56632071875,45.547824750000004,False,
0,Fruitvale-bound,2541-5873,College → 51st,2541,5873,Weekday,Early AM,163,44,226.1199999999999,27.0,26.065641,22.2598675,32.34298,44.0211376,51.45903530000001,195.670821,19.405468229996714,28.919352,weekday 5–7 a.m. median,323,-9.867824839228767,-3.4605888888888936,24.4727975,27.40868825,False,
0,Fruitvale-bound,2541-5873,College → 51st,2541,5873,Weekday,Evening,613,44,226.1199999999999,33.0,42.324537,29.672851,57.032693,76.68198700000008,95.52158499999999,173.308302,11.950891945256242,28.919352,weekday 5–7 a.m. median,323,46.353683858476494,28.25617272727272,38.7342236,45.3507615,False,
0,Fruitvale-bound,2541-5873,College → 51st,2541,5873,Weekday,Late night,32,32,226.1199999999999,27.0,27.564808499999998,23.55667375,35.981468500000005,45.74534460000001,48.67923295,65.920764,18.35643022069069,28.919352,weekday 5–7 a.m. median,323,-4.683865323123426,2.091883333333322,24.111948,31.366198575,False,
0,Fruitvale-bound,2541-5873,College → 51st,2541,5873,Weekday,Midday,1202,44,226.1199999999999,47.0,55.246165000000005,41.370253000000005,77.03784425,106.25893850000001,124.61993265000007,291.368625,9.155677517743229,28.919352,weekday 5–7 a.m. median,323,91.03527976698788,17.545031914893627,52.75446975,56.3742375,False,
0,Fruitvale-bound,2541-5873,College → 51st,2541,5873,Weekday,PM peak,719,44,226.1199999999999,53.0,70.560865,50.378282,106.900824,146.4557500000001,169.1550971,415.774539,7.1685057761125766,28.919352,weekday 5–7 a.m. median,323,143.99186053684744,33.13370754716982,66.4048225,78.06153425000001,False,
0,Fruitvale-bound,5183-2511,25th → Grand,5183,2511,Saturday,AM peak,58,7,346.4899999999998,76.0,51.089441,45.1585545,63.868591499999994,79.3141014,86.588921,107.452528,15.171816423791064,53.221827,weekday 5–7 a.m. median,325,-4.006600525006398,-32.77705131578947,49.642649500000005,52.73862,False,
0,Fruitvale-bound,5183-2511,25th → Grand,5183,2511,Saturday,Early AM,14,7,346.4899999999998,61.0,44.664797,39.780195,50.051233249999996,60.5440114,64.32301729999999,71.010723,17.35612731210184,53.221827,weekday 5–7 a.m. median,325,-16.078046324865923,-26.779021311475415,40.081671,53.4653505,False,
0,Fruitvale-bound,5183-2511,25th → Grand,5183,2511,Saturday,Evening,49,7,346.4899999999998,91.0,68.77561,53.845354,110.175719,140.70240680000003,153.5852224,158.012437,11.269634026364864,53.221827,weekday 5–7 a.m. median,325,29.22444394853263,-24.4224065934066,68.114461,106.203699,False,
0,Fruitvale-bound,5183-2511,25th → Grand,5183,2511,Saturday,Late night,4,4,346.4899999999998,76.0,60.7493855,57.41617575,63.31367325,64.60382010000001,65.03386905,65.463918,12.77039256247794,53.221827,weekday 5–7 a.m. median,325,14.14374313005078,-20.066598026315784,,,False,
0,Fruitvale-bound,5183-2511,25th → Grand,5183,2511,Saturday,Midday,142,7,346.4899999999998,113.0,79.0686465,66.56903475,104.763826,130.7332281,149.97447594999997,407.508766,9.802582437920528,53.221827,weekday 5–7 a.m. median,325,48.56432211543584,-30.027746460176996,74.26702399999999,92.034671,False,
0,Fruitvale-bound,5183-2511,25th → Grand,5183,2511,Saturday,PM peak,77,7,346.4899999999998,113.0,81.77562,70.479384,100.025268,119.81227460000001,125.91789600000001,211.639518,9.478081054475643,53.221827,weekday 5–7 a.m. median,325,53.65053138818403,-27.63219469026549,76.668158,88.638556,False,
0,Fruitvale-bound,5183-2511,25th → Grand,5183,2511,Sunday / holiday,AM peak,70,9,346.4899999999998,61.0,55.453891999999996,45.77427875,65.390716,73.86029289999999,79.35482805,109.843869,13.983855626422672,53.221827,weekday 5–7 a.m. median,325,4.193890224775632,-9.091980327868853,47.635352,59.531225,False,
0,Fruitvale-bound,5183-2511,25th → Grand,5183,2511,Sunday / holiday,Early AM,17,9,346.4899999999998,61.0,44.731562,37.417802,53.959658,62.202669199999995,63.825968399999994,70.239754,17.327272287965254,53.221827,weekday 5–7 a.m. median,325,-15.952599673062707,-26.669570491803285,41.088106499999995,52.86511350000001,False,
0,Fruitvale-bound,5183-2511,25th → Grand,5183,2511,Sunday / holiday,Evening,82,9,346.4899999999998,76.0,75.1802355,60.08301825,95.580522,113.71599400000001,127.0060193,294.293623,10.309572962901045,53.221827,weekday 5–7 a.m. median,325,41.2582764210631,-1.0786375000000015,68.483001,88.154389,False,
0,Fruitvale-bound,5183-2511,25th → Grand,5183,2511,Sunday / holiday,Late night,5,5,346.4899999999998,68.0,61.952116,46.922739,69.778516,77.4223342,79.9702736,82.518213,12.510887515771046,53.221827,weekday 5–7 a.m. median,325,16.403587573196244,-8.893947058823537,39.375823,82.518213,False,
0,Fruitvale-bound,5183-2511,25th → Grand,5183,2511,Sunday / holiday,Midday,193,9,346.4899999999998,99.0,73.588724,59.570463,91.943017,109.27745580000001,119.8724914,354.676422,10.532536950090336,53.221827,weekday 5–7 a.m. median,325,38.26794033207466,-25.667955555555555,68.520557,77.4926305,False,
0,Fruitvale-bound,5183-2511,25th → Grand,5183,2511,Sunday / holiday,PM peak,112,9,346.4899999999998,107.0,89.388819,71.786259,110.897632,128.17644909999999,139.1289139499999,192.450293,8.671498310429676,53.221827,weekday 5–7 a.m. median,325,67.95518688225415,-16.459047663551406,78.34915799999999,94.404594,False,
0,Fruitvale-bound,5183-2511,25th → Grand,5183,2511,Weekday,AM peak,518,44,346.4899999999998,99.0,67.5357585,54.938743,87.8089605,112.57887430000001,128.22262009999994,240.406406,11.476526981515217,53.221827,weekday 5–7 a.m. median,325,26.89485180582021,-31.782062121212117,64.872221,69.49348,False,
0,Fruitvale-bound,5183-2511,25th → Grand,5183,2511,Weekday,Early AM,163,44,346.4899999999998,68.0,49.656574,41.2834165,61.1666795,76.47500320000003,91.06413260000002,201.17272,15.608727952919175,53.221827,weekday 5–7 a.m. median,325,-6.698854964148449,-26.97562647058823,47.950764750000005,54.830509250000006,False,
0,Fruitvale-bound,5183-2511,25th → Grand,5183,2511,Weekday,Evening,650,44,346.4899999999998,84.0,74.520212,59.159482999999994,95.91498100000001,123.0792622,136.3982926,438.64279,10.400890757876056,53.221827,weekday 5–7 a.m. median,325,40.01813955015112,-11.285461904761906,71.7371775,79.5415065,False,
0,Fruitvale-bound,5183-2511,25th → Grand,5183,2511,Weekday,Late night,33,33,346.4899999999998,76.0,54.376414,47.389661,66.383462,84.09046479999999,91.44927739999999,104.150758,14.253899763231896,53.221827,weekday 5–7 a.m. median,325,2.1693862557555565,-28.452086842105263,50.961282,61.185129,False,
0,Fruitvale-bound,5183-2511,25th → Grand,5183,2511,Weekday,Midday,1205,44,346.4899999999998,113.0,85.47309,69.39632,112.819161,138.8089356,155.4435888,469.030849,9.068069899426819,53.221827,weekday 5–7 a.m. median,325,60.59781262300523,-24.360097345132747,82.2298885,87.974099,False,
0,Fruitvale-bound,5183-2511,25th → Grand,5183,2511,Weekday,PM peak,720,44,346.4899999999998,121.0,96.776487,75.40315050000001,119.626449,144.43613090000002,162.31769455,351.601064,8.008929212642016,53.221827,weekday 5–7 a.m. median,325,81.83608578487922,-20.019432231404956,92.49660499999999,98.81085,False,
0,Fruitvale-bound,5224-2476,17th → 12th,5224,2476,Saturday,AM peak,56,7,407.46000000000004,86.0,117.6111985,99.42422275,144.6232125,173.397952,199.12174325,252.35955,7.750553214220503,88.95566600000001,weekday 5–7 a.m. median,316,32.21327408194548,36.75720755813954,111.0099395,124.945578,True,17th → 12th
0,Fruitvale-bound,5224-2476,17th → 12th,5224,2476,Saturday,Early AM,14,7,407.46000000000004,69.0,81.792812,73.197164,113.35368525,123.12276270000001,136.06672265,157.986217,11.167322045590325,88.95566600000001,weekday 5–7 a.m. median,316,-8.05216162397121,18.54030724637681,71.57653300000001,104.915412,True,17th → 12th
0,Fruitvale-bound,5224-2476,17th → 12th,5224,2476,Saturday,Evening,49,7,407.46000000000004,103.0,128.272671,112.453753,149.598081,178.0228452,196.19316879999997,235.048198,7.10565965029293,88.95566600000001,weekday 5–7 a.m. median,316,44.19842688828837,24.536573786407768,116.62573900000001,149.598081,True,17th → 12th
0,Fruitvale-bound,5224-2476,17th → 12th,5224,2476,Saturday,Late night,4,4,407.46000000000004,86.0,107.2487295,94.4776785,123.50485724999999,133.5341823,136.87729065,140.220399,8.583769478607914,88.95566600000001,weekday 5–7 a.m. median,316,20.56424770064673,24.707824999999993,,,True,17th → 12th
0,Fruitvale-bound,5224-2476,17th → 12th,5224,2476,Saturday,Midday,142,7,407.46000000000004,129.0,139.15809050000001,114.97451375,181.417956,202.95392280000002,225.74769239999998,272.690481,6.549983935227761,88.95566600000001,weekday 5–7 a.m. median,316,56.435330943393765,7.874488759689924,132.022998,148.288865,True,17th → 12th
0,Fruitvale-bound,5224-2476,17th → 12th,5224,2476,Saturday,PM peak,79,7,407.46000000000004,129.0,153.302575,125.2325465,185.257579,204.28443960000004,253.2308276,440.898417,5.9455096730110375,88.95566600000001,weekday 5–7 a.m. median,316,72.33593079950633,18.839205426356575,143.232735,162.739353,True,17th → 12th
0,Fruitvale-bound,5224-2476,17th → 12th,5224,2476,Sunday / holiday,AM peak,69,9,407.46000000000004,69.0,119.252643,101.642663,137.770065,157.62529600000002,171.35258539999995,230.697959,7.643117331663669,88.95566600000001,weekday 5–7 a.m. median,316,34.05851292260573,72.82991739130435,101.642663,129.83105,True,17th → 12th
0,Fruitvale-bound,5224-2476,17th → 12th,5224,2476,Sunday / holiday,Early AM,17,9,407.46000000000004,69.0,89.147371,70.843998,100.597996,127.5794452,141.30158979999996,166.496941,10.224215614389797,88.95566600000001,weekday 5–7 a.m. median,316,0.21550622756283389,29.199088405797102,70.058461,96.737286,True,17th → 12th
0,Fruitvale-bound,5224-2476,17th → 12th,5224,2476,Sunday / holiday,Evening,83,9,407.46000000000004,86.0,119.497288,91.73858849999999,142.3702905,177.63974799999997,201.29164499999985,279.791872,7.627469692533944,88.95566600000001,weekday 5–7 a.m. median,316,34.33353194163033,38.95033488372093,111.91757558750002,133.544829,True,17th → 12th
0,Fruitvale-bound,5224-2476,17th → 12th,5224,2476,Sunday / holiday,Late night,5,5,407.46000000000004,77.0,132.09465,94.229537,147.54111,165.85286100000002,171.956778,178.060695,6.900067054646045,88.95566600000001,weekday 5–7 a.m. median,316,48.494925550891836,71.5514935064935,92.138964,178.060695,True,17th → 12th
0,Fruitvale-bound,5224-2476,17th → 12th,5224,2476,Sunday / holiday,Midday,194,9,407.46000000000004,112.0,134.654543,113.754499,161.41684,197.82186620000002,209.973649,292.456921,6.768894744371967,88.95566600000001,weekday 5–7 a.m. median,316,51.37264331200666,20.22727053571427,127.36361,138.1290635,True,17th → 12th
0,Fruitvale-bound,5224-2476,17th → 12th,5224,2476,Sunday / holiday,PM peak,111,9,407.46000000000004,121.0,144.097585,115.483279,188.1816475,218.467154,249.67173400000001,323.87379,6.325310327442337,88.95566600000001,weekday 5–7 a.m. median,316,61.988090786707176,19.0889132231405,140.317408,157.6536635749979,True,17th → 12th
0,Fruitvale-bound,5224-2476,17th → 12th,5224,2476,Weekday,AM peak,505,44,407.46000000000004,112.0,127.580489,96.632614,161.919031,206.07418479999998,232.4211333999999,360.009537,7.144211075723343,88.95566600000001,weekday 5–7 a.m. median,316,43.420306695247476,13.91115089285715,123.3310795,131.66395375000002,True,17th → 12th
0,Fruitvale-bound,5224-2476,17th → 12th,5224,2476,Weekday,Early AM,160,44,407.46000000000004,77.0,87.1291485,73.23442299999999,102.477585,128.9046739,155.17046599999998,246.834928,10.461048278646224,88.95566600000001,weekday 5–7 a.m. median,316,-2.053289669035818,13.15473831168832,81.8445165,93.836159,True,17th → 12th
0,Fruitvale-bound,5224-2476,17th → 12th,5224,2476,Weekday,Evening,652,44,407.46000000000004,95.0,112.74376649999999,93.3431675,137.5671795,168.927619,185.03938519999997,342.50994,8.084372344194588,88.95566600000001,weekday 5–7 a.m. median,316,26.74152369338676,18.677648947368407,108.54278,116.24790275000001,True,17th → 12th
0,Fruitvale-bound,5224-2476,17th → 12th,5224,2476,Weekday,Late night,33,33,407.46000000000004,86.0,106.931257,93.732404,163.123757,200.71384039999998,209.069771,298.437507,8.523812102573526,88.95566600000001,weekday 5–7 a.m. median,316,20.207359247920188,24.338670930232563,100.053012,136.100735,True,17th → 12th
0,Fruitvale-bound,5224-2476,17th → 12th,5224,2476,Weekday,Midday,1209,44,407.46000000000004,129.0,154.679546,129.163319,189.013859,228.7397178,260.4337353999999,452.352613,5.892582220017637,88.95566600000001,weekday 5–7 a.m. median,316,73.88386030407548,19.906624806201535,149.78387099999998,156.652715,True,17th → 12th
0,Fruitvale-bound,5224-2476,17th → 12th,5224,2476,Weekday,PM peak,728,44,407.46000000000004,138.0,167.666832,135.48995875,201.829039,252.05495560000003,301.73662029999997,479.40397,5.436149707498089,88.95566600000001,weekday 5–7 a.m. median,316,88.48358911730251,21.497704347826097,162.43304453750002,174.185984,True,17th → 12th
0,Fruitvale-bound,5334-2512,40th → MacArthur,5334,2512,Saturday,AM peak,58,7,379.4899999999998,68.0,62.267824,44.5381365,76.88047075,107.18598140000002,117.94383954999999,135.619014,13.63299177299523,48.394763,weekday 5–7 a.m. median,323,28.66645095462086,-8.429670588235293,59.0261135,64.386147,False,
0,Fruitvale-bound,5334-2512,40th → MacArthur,5334,2512,Saturday,Early AM,14,7,379.4899999999998,55.0,53.015888000000004,42.58166275,62.829836,79.53627400000002,85.92314305,88.917019,16.0136328595401,48.394763,weekday 5–7 a.m. median,323,9.548812130767148,-3.6074763636363527,47.883112,62.134495,False,
0,Fruitvale-bound,5334-2512,40th → MacArthur,5334,2512,Saturday,Evening,50,7,379.4899999999998,82.0,76.920346,54.40482225,105.075715,135.18704030000004,173.29342514999993,309.120544,11.03857554727604,48.394763,weekday 5–7 a.m. median,323,58.9435327950671,-6.194700000000008,57.41624,90.56365149999999,False,
0,Fruitvale-bound,5334-2512,40th → MacArthur,5334,2512,Saturday,Late night,4,4,379.4899999999998,68.0,81.10032100000001,71.3798455,85.33411375,85.4245561,85.45470355,85.484851,10.495146807952288,48.394763,weekday 5–7 a.m. median,323,67.58077935003011,19.265177941176482,,,False,
0,Fruitvale-bound,5334-2512,40th → MacArthur,5334,2512,Saturday,Midday,142,7,379.4899999999998,103.0,90.0981395,67.24434375,112.536256,131.9142011,149.01734809999994,244.37516,9.42208813455097,48.394763,weekday 5–7 a.m. median,323,86.17332520049743,-12.526078155339803,83.93225050000001,94.83423,False,
0,Fruitvale-bound,5334-2512,40th → MacArthur,5334,2512,Saturday,PM peak,77,7,379.4899999999998,103.0,97.502391,73.386196,117.380955,153.30875280000004,162.30680360000002,179.691084,8.70640026294329,48.394763,weekday 5–7 a.m. median,323,101.47302095476735,-5.337484466019415,76.591541,108.8904315,False,
0,Fruitvale-bound,5334-2512,40th → MacArthur,5334,2512,Sunday / holiday,AM peak,68,9,379.4899999999998,55.0,51.629697,41.671576,65.63784325,92.80706990000002,109.59147319999998,119.225807,16.442283785320807,48.394763,weekday 5–7 a.m. median,323,6.684471210242315,-6.1278236363636385,42.868654,61.80376,False,
0,Fruitvale-bound,5334-2512,40th → MacArthur,5334,2512,Sunday / holiday,Early AM,17,9,379.4899999999998,55.0,43.584507,34.075292,50.013989,53.754258,56.2952156,58.658698,19.476986229074463,48.394763,weekday 5–7 a.m. median,323,-9.93962094617551,-20.75544181818182,34.9275765,48.561197,False,
0,Fruitvale-bound,5334-2512,40th → MacArthur,5334,2512,Sunday / holiday,Evening,82,9,379.4899999999998,68.0,74.811634,55.39122225,99.15074525,138.92962950000003,158.76298300000002,199.555043,11.347885285527447,48.394763,weekday 5–7 a.m. median,323,54.586218347634016,10.01710882352942,64.06621100000001,84.9380365,False,
0,Fruitvale-bound,5334-2512,40th → MacArthur,5334,2512,Sunday / holiday,Late night,5,5,379.4899999999998,62.0,41.591556,36.027237,55.252107,62.8080564,65.32670619999999,67.845356,20.410268917084988,48.394763,weekday 5–7 a.m. median,323,-14.057733891578316,-32.91684516129033,35.741831,67.845356,False,
0,Fruitvale-bound,5334-2512,40th → MacArthur,5334,2512,Sunday / holiday,Midday,193,9,379.4899999999998,89.0,83.105482,62.170261,105.415537,119.76386560000002,131.35022419999993,249.770516,10.214667218222734,48.394763,weekday 5–7 a.m. median,323,71.72412229810898,-6.623053932584277,69.8618045,90.581418,False,
0,Fruitvale-bound,5334-2512,40th → MacArthur,5334,2512,Sunday / holiday,PM peak,112,9,379.4899999999998,96.0,86.372402,65.95320875,119.41991475,140.58134800000002,166.10997569999995,182.35654,9.828779035170575,48.394763,weekday 5–7 a.m. median,323,78.47468743673774,-10.028747916666669,82.174182,105.4717445,False,
0,Fruitvale-bound,5334-2512,40th → MacArthur,5334,2512,Weekday,AM peak,551,44,379.4899999999998,89.0,77.532857,56.17415,112.69407849999999,134.688504,154.145416,445.950594,10.948839956200755,48.394763,weekday 5–7 a.m. median,323,60.2091883371761,-12.884430337078644,72.77612300000001,83.26862925,False,
0,Fruitvale-bound,5334-2512,40th → MacArthur,5334,2512,Weekday,Early AM,163,44,379.4899999999998,62.0,45.616351,36.274912,62.37301,79.9348234,89.96066630000001,112.897865,18.609442097637302,48.394763,weekday 5–7 a.m. median,323,-5.741141866941257,-26.425240322580645,43.18888275,51.199098000000006,False,
0,Fruitvale-bound,5334-2512,40th → MacArthur,5334,2512,Weekday,Evening,614,44,379.4899999999998,68.0,71.8175465,55.23168175,97.416009,122.99995450000003,139.11321235,294.867156,11.82024442502923,48.394763,weekday 5–7 a.m. median,323,48.399417722120084,5.614038970588253,69.987247,77.62886325,False,
0,Fruitvale-bound,5334-2512,40th → MacArthur,5334,2512,Weekday,Late night,33,33,379.4899999999998,68.0,51.563439,35.62377,65.671838,77.8133732,101.97440219999996,181.383466,16.46311532169139,48.394763,weekday 5–7 a.m. median,323,6.547559701862782,-24.171413235294114,37.348359,63.500149,False,
0,Fruitvale-bound,5334-2512,40th → MacArthur,5334,2512,Weekday,Midday,1202,44,379.4899999999998,103.0,118.9227875,93.473576,147.101483,173.73370730000002,192.41347710000002,760.752615,7.138204300355798,48.394763,weekday 5–7 a.m. median,323,145.73482775398654,15.459016990291264,115.41013075,124.655383,False,
0,Fruitvale-bound,5334-2512,40th → MacArthur,5334,2512,Weekday,PM peak,724,44,379.4899999999998,110.0,110.56331,86.41876875,136.63323474999999,173.55578860000003,190.75397535,357.074623,7.677998255039494,48.394763,weekday 5–7 a.m. median,323,128.46131098937298,0.5120999999999931,104.858492,115.16470175,False,
0,Fruitvale-bound,5335-5568,Hawthorne → 30th,5335,5568,Saturday,AM peak,58,7,268.8600000000001,51.0,42.092665999999994,31.1733585,59.45170725,83.7191802,101.2831983,135.065183,14.295977472129461,35.356588,weekday 5–7 a.m. median,325,19.051832716437424,-17.46536078431373,39.700881,45.0312,False,
0,Fruitvale-bound,5335-5568,Hawthorne → 30th,5335,5568,Saturday,Early AM,14,7,268.8600000000001,42.0,27.3669545,25.378675,31.33800575,36.99305780000001,45.33359444999999,57.597448,22.00965702384339,35.356588,weekday 5–7 a.m. median,325,-22.59729785012061,-34.840584523809525,25.542928,35.188069,False,
0,Fruitvale-bound,5335-5568,Hawthorne → 30th,5335,5568,Saturday,Evening,50,7,268.8600000000001,62.0,44.3410585,35.97941775,63.64537075,84.0756978,90.75114169999998,1267.626466,13.567232821936702,35.356588,weekday 5–7 a.m. median,325,25.41102240974158,-28.482163709677412,43.404346,54.4689815,False,
0,Fruitvale-bound,5335-5568,Hawthorne → 30th,5335,5568,Saturday,Late night,4,4,268.8600000000001,51.0,34.6115315,28.96399475,39.831179,40.1580212,40.2669686,40.375916,17.75250226322711,35.356588,weekday 5–7 a.m. median,325,-2.107263574188789,-32.13425196078432,,,False,
0,Fruitvale-bound,5335-5568,Hawthorne → 30th,5335,5568,Saturday,Midday,141,7,268.8600000000001,77.0,52.31722,43.310753,65.416972,89.399341,102.016573,180.755901,11.495691341397732,35.356588,weekday 5–7 a.m. median,325,47.970217035648346,-32.05555844155844,46.286971,56.081632,False,
0,Fruitvale-bound,5335-5568,Hawthorne → 30th,5335,5568,Saturday,PM peak,77,7,268.8600000000001,77.0,55.656607,45.378454,72.532958,84.121522,90.4298732,111.20487,10.805951806584263,35.356588,weekday 5–7 a.m. median,325,57.41509616255958,-27.718692207792206,50.619185,61.100352,False,
0,Fruitvale-bound,5335-5568,Hawthorne → 30th,5335,5568,Sunday / holiday,AM peak,70,9,268.8600000000001,42.0,37.912338500000004,30.40587175,51.288936500000005,67.7750358,75.3825423,89.556842,15.863912567393005,35.356588,weekday 5–7 a.m. median,325,7.228498688844076,-9.732527380952371,32.468619000000004,48.361718,False,
0,Fruitvale-bound,5335-5568,Hawthorne → 30th,5335,5568,Sunday / holiday,Early AM,17,9,268.8600000000001,42.0,32.19275,26.383915,36.183249,48.433958200000006,50.0932026,51.677729,18.681927233926906,35.356588,weekday 5–7 a.m. median,325,-8.948369112992482,-23.350595238095252,26.515394999999998,41.3817995,False,
0,Fruitvale-bound,5335-5568,Hawthorne → 30th,5335,5568,Sunday / holiday,Evening,82,9,268.8600000000001,51.0,41.9393325,32.104481750000005,56.04073525,68.6995308,91.44713745000003,108.558518,14.340451773457966,35.356588,weekday 5–7 a.m. median,325,18.618155405719563,-17.76601470588236,37.388741,48.973706,False,
0,Fruitvale-bound,5335-5568,Hawthorne → 30th,5335,5568,Sunday / holiday,Late night,5,5,268.8600000000001,47.0,34.147951,33.344513,40.798178,43.0506338,43.801452399999995,44.552271,17.61226062904917,35.356588,weekday 5–7 a.m. median,325,-3.4184209177650415,-27.344785106382986,30.914068,44.552271,False,
0,Fruitvale-bound,5335-5568,Hawthorne → 30th,5335,5568,Sunday / holiday,Midday,193,9,268.8600000000001,67.0,50.346818,40.628747,61.271999,79.58703740000003,97.83860939999981,130.084191,11.94559332349465,35.356588,weekday 5–7 a.m. median,325,42.39727543845575,-24.85549552238806,48.177305,54.100001000000006,False,
0,Fruitvale-bound,5335-5568,Hawthorne → 30th,5335,5568,Sunday / holiday,PM peak,112,9,268.8600000000001,73.0,54.866437000000005,43.53743825,65.4857165,84.23465970000001,95.65203429999998,167.036333,10.961861690933258,35.356588,weekday 5–7 a.m. median,325,55.180236848646146,-24.840497260273963,50.676511,58.1802985,False,
0,Fruitvale-bound,5335-5568,Hawthorne → 30th,5335,5568,Weekday,AM peak,536,44,268.8600000000001,67.0,51.1794005,39.455547499999994,63.1244885,76.73281399999999,93.63260225,147.568447,11.751264603012103,35.356588,weekday 5–7 a.m. median,325,44.75209118029149,-23.61283507462687,47.538619499999996,53.986518,False,
0,Fruitvale-bound,5335-5568,Hawthorne → 30th,5335,5568,Weekday,Early AM,164,44,268.8600000000001,47.0,31.718100999999997,27.35798775,39.850137000000004,50.1512783,54.084658349999984,103.581598,18.961495876793055,35.356588,weekday 5–7 a.m. median,325,-10.29083179632606,-32.514678723404266,30.5791905125,34.067156999999995,False,
0,Fruitvale-bound,5335-5568,Hawthorne → 30th,5335,5568,Weekday,Evening,626,44,268.8600000000001,51.0,43.5607145,33.43278275,56.76778425,71.4512105,80.6154645,216.482895,13.806571082438952,35.356588,weekday 5–7 a.m. median,325,23.203954239023282,-14.586834313725483,41.368204,45.445315,False,
0,Fruitvale-bound,5335-5568,Hawthorne → 30th,5335,5568,Weekday,Late night,33,33,268.8600000000001,51.0,31.994868,28.013576,37.185148,42.703370400000004,49.052960199999994,59.103095,18.797471299459662,35.356588,weekday 5–7 a.m. median,325,-9.508044158559647,-37.264964705882356,29.445444,36.317429,False,
0,Fruitvale-bound,5335-5568,Hawthorne → 30th,5335,5568,Weekday,Midday,1187,44,268.8600000000001,77.0,62.392846,50.958808,80.2641345,103.2973898,118.93329690000004,420.297215,9.639288019655336,35.356588,weekday 5–7 a.m. median,325,76.46738423967831,-18.970329870129877,61.589924499999995,63.54923,False,
0,Fruitvale-bound,5335-5568,Hawthorne → 30th,5335,5568,Weekday,PM peak,742,44,268.8600000000001,83.0,64.699908,52.59691325,82.00810725,105.29929349999999,121.34961204999999,336.072533,9.295575908677833,35.356588,weekday 5–7 a.m. median,325,82.9925104764068,-22.048303614457843,63.3608355,68.161176,False,
0,Fruitvale-bound,5568-2493,30th → 28th,5568,2493,Saturday,AM peak,58,7,269.9200000000001,49.0,54.7983075,38.308186500000005,66.31365124999999,77.52988840000003,91.52907019999999,121.958074,11.020708694846181,39.090324,weekday 5–7 a.m. median,325,40.1838150535667,11.83328061224489,46.006641,60.554119,False,
0,Fruitvale-bound,5568-2493,30th → 28th,5568,2493,Saturday,Early AM,14,7,269.9200000000001,38.0,30.7293825,25.598506,43.88534075,47.0816667,50.5376334,56.338509,19.68108576627784,39.090324,weekday 5–7 a.m. median,325,-21.388775135248306,-19.133203947368425,32.112466999999995,37.565774000000005,False,
0,Fruitvale-bound,5568-2493,30th → 28th,5568,2493,Saturday,Evening,49,7,269.9200000000001,58.0,57.041086,41.436514,69.390335,83.6762324,88.42217079999998,170.524643,10.585243154732366,39.090324,weekday 5–7 a.m. median,325,45.92124127699733,-1.653300000000002,54.877978,63.510308,False,
0,Fruitvale-bound,5568-2493,30th → 28th,5568,2493,Saturday,Late night,4,4,269.9200000000001,49.0,30.9054815,28.943677,34.15016675,37.8033167,39.021033349999996,40.23875,19.567035139220003,39.090324,weekday 5–7 a.m. median,325,-20.938282578573663,-36.9275887755102,,,False,
0,Fruitvale-bound,5568-2493,30th → 28th,5568,2493,Saturday,Midday,141,7,269.9200000000001,73.0,68.991784,55.813183,89.167871,107.917436,116.866313,135.483216,8.75167636076783,39.090324,weekday 5–7 a.m. median,325,76.49325188504447,-5.490706849315075,61.691704,76.049082,False,
0,Fruitvale-bound,5568-2493,30th → 28th,5568,2493,Saturday,PM peak,77,7,269.9200000000001,73.0,61.591706,52.317924,86.902185,107.059925,116.5438658,140.952794,9.803166762745622,39.090324,weekday 5–7 a.m. median,325,57.56253644763856,-15.627799999999992,57.8175215,68.543117,False,
0,Fruitvale-bound,5568-2493,30th → 28th,5568,2493,Sunday / holiday,AM peak,70,9,269.9200000000001,38.0,52.417010000000005,37.062225250000004,64.309578,77.9037783,85.84929594999998,178.46863,11.519044326548112,39.090324,weekday 5–7 a.m. median,325,34.09203259609719,37.93950000000002,40.09242,55.514376,False,
0,Fruitvale-bound,5568-2493,30th → 28th,5568,2493,Sunday / holiday,Early AM,17,9,269.9200000000001,38.0,34.067619,27.871019,47.779945,54.94676020000001,62.89391299999999,71.567889,17.723391972887807,39.090324,weekday 5–7 a.m. median,325,-12.848972548807735,-10.348371052631578,26.932251,46.403304,False,
0,Fruitvale-bound,5568-2493,30th → 28th,5568,2493,Sunday / holiday,Evening,82,9,269.9200000000001,49.0,54.974389,36.915364749999995,70.668445,92.6559433,108.84526845,131.107435,10.984291577544974,39.090324,weekday 5–7 a.m. median,325,40.63426284212941,12.192630612244892,45.073634,61.804491999999996,False,
0,Fruitvale-bound,5568-2493,30th → 28th,5568,2493,Sunday / holiday,Late night,5,5,269.9200000000001,43.0,34.282889,30.674949,46.231095,53.440372200000006,55.843464600000004,58.246557,17.612102793320606,39.090324,weekday 5–7 a.m. median,325,-12.298273608578958,-20.272351162790702,28.91362,58.246557,False,
0,Fruitvale-bound,5568-2493,30th → 28th,5568,2493,Sunday / holiday,Midday,193,9,269.9200000000001,63.0,62.587804,50.640037,82.935342,110.16297080000001,121.19144179999999,139.535294,9.647147311958737,39.090324,weekday 5–7 a.m. median,325,60.110732262029856,-0.6542793650793688,56.803251,65.052169,False,
0,Fruitvale-bound,5568-2493,30th → 28th,5568,2493,Sunday / holiday,PM peak,112,9,269.9200000000001,67.0,63.829497,55.79260275,79.95916325,104.7259214,119.59761914999999,170.083103,9.459829578545161,39.090324,weekday 5–7 a.m. median,325,63.28720375917067,-4.732094029850742,60.36938,68.450423,False,
0,Fruitvale-bound,5568-2493,30th → 28th,5568,2493,Weekday,AM peak,534,44,269.9200000000001,63.0,57.84149,43.36391925,75.2510805,97.809772,111.46776594999999,155.845851,10.438838322021146,39.090324,weekday 5–7 a.m. median,325,47.9688170402476,-8.188111111111107,55.988150000000005,60.113856999999996,False,
0,Fruitvale-bound,5568-2493,30th → 28th,5568,2493,Weekday,Early AM,163,44,269.9200000000001,43.0,36.335915,30.2963875,46.686350000000004,62.7103952,68.30807000000001,168.989258,16.61699630021702,39.090324,weekday 5–7 a.m. median,325,-7.046268022746505,-15.497872093023258,33.2098045,41.2509095,False,
0,Fruitvale-bound,5568-2493,30th → 28th,5568,2493,Weekday,Evening,635,44,269.9200000000001,49.0,51.475082,37.58549,64.53570500000001,83.3264152,93.04162759999997,170.764607,11.72982619279752,39.090324,weekday 5–7 a.m. median,325,31.68241327444612,5.051187755102049,47.981355031250004,53.479064,False,
0,Fruitvale-bound,5568-2493,30th → 28th,5568,2493,Weekday,Late night,33,33,269.9200000000001,49.0,37.028285,30.476247,47.661734,58.1582408,65.32395879999999,70.068767,16.30628491489682,39.090324,weekday 5–7 a.m. median,325,-5.275062442562528,-24.432071428571433,31.181737,43.810733,False,
0,Fruitvale-bound,5568-2493,30th → 28th,5568,2493,Weekday,Midday,1189,44,269.9200000000001,73.0,69.202749,56.827068,91.106872,108.7623982,119.46618739999995,302.278844,8.72499682230832,39.090324,weekday 5–7 a.m. median,325,77.03293786973981,-5.201713698630139,67.42374925000001,71.876413,False,
0,Fruitvale-bound,5568-2493,30th → 28th,5568,2493,Weekday,PM peak,733,44,269.9200000000001,77.0,70.647944,58.308702,95.677532,114.43991280000003,121.8335264,227.921634,8.546515736112578,39.090324,weekday 5–7 a.m. median,325,80.73000367047352,-8.249423376623376,67.34368954375,74.99862325000001,False,
0,Fruitvale-bound,5873-2497,51st → 42nd,5873,2497,Saturday,AM peak,62,7,437.82000000000016,63.0,47.620191500000004,41.643882749999996,60.977641,73.9084669,79.37044834999999,95.731843,20.567986697447566,49.56022,weekday 5–7 a.m. median,323,-3.9144872641808215,-24.41239444444444,42.626996500000004,53.977498,False,
0,Fruitvale-bound,5873-2497,51st → 42nd,5873,2497,Saturday,Early AM,14,7,437.82000000000016,50.0,41.769744,38.8977925,45.709761,51.947697500000004,53.78465475,53.859226,23.447086342833565,49.56022,weekday 5–7 a.m. median,323,-15.7192119001893,-16.460511999999994,38.967939,47.717785,False,
0,Fruitvale-bound,5873-2497,51st → 42nd,5873,2497,Saturday,Evening,49,7,437.82000000000016,63.0,60.923351,52.927804,80.364494,88.771866,99.16697519999991,113.992195,16.075532672521582,49.56022,weekday 5–7 a.m. median,323,22.927926873609515,-3.2962682539682597,59.3962315,70.6439225,False,
0,Fruitvale-bound,5873-2497,51st → 42nd,5873,2497,Saturday,Late night,4,4,437.82000000000016,50.0,54.1458345,47.95315175,58.61434525,59.2767115,59.49750025,59.718289,18.192066993386426,49.56022,weekday 5–7 a.m. median,323,9.252611267665877,8.291669000000002,,,False,
0,Fruitvale-bound,5873-2497,51st → 42nd,5873,2497,Saturday,Midday,142,7,437.82000000000016,76.0,64.272334,53.82230475,77.57281725,98.8429862,118.43135029999992,160.047287,15.237908019638843,49.56022,weekday 5–7 a.m. median,323,29.685328273361165,-15.431139473684208,61.721481499999996,65.378654,False,
0,Fruitvale-bound,5873-2497,51st → 42nd,5873,2497,Saturday,PM peak,72,7,437.82000000000016,76.0,69.9779025,60.571403000000004,92.30153725,109.96590789999999,120.87338385000001,241.141644,13.996736428603885,49.56022,weekday 5–7 a.m. median,323,41.197723698563074,-7.923812500000005,64.514666,84.039774,False,
0,Fruitvale-bound,5873-2497,51st → 42nd,5873,2497,Sunday / holiday,AM peak,72,9,437.82000000000016,50.0,45.398188000000005,39.026381,54.692904,72.09986109999998,93.66574845000001,122.912796,21.57302550775392,49.56022,weekday 5–7 a.m. median,323,-8.397928822753398,-9.203623999999987,41.2709485,54.39595,False,
0,Fruitvale-bound,5873-2497,51st → 42nd,5873,2497,Sunday / holiday,Early AM,17,9,437.82000000000016,50.0,47.278281,42.005623,54.056342,70.4529614,75.18709399999999,83.23079,20.715121167793736,49.56022,weekday 5–7 a.m. median,323,-4.6043762517599784,-5.443438,37.004956,52.9752985,False,
0,Fruitvale-bound,5873-2497,51st → 42nd,5873,2497,Sunday / holiday,Evening,79,9,437.82000000000016,63.0,60.271158,49.972456,71.002791,105.47293,109.76624269999996,156.083076,16.249485691315243,49.56022,weekday 5–7 a.m. median,323,21.611966209996638,-4.33149523809524,55.2965340875,66.0284095,False,
0,Fruitvale-bound,5873-2497,51st → 42nd,5873,2497,Sunday / holiday,Late night,5,5,437.82000000000016,50.0,45.61955,42.439539,53.550454,56.171581599999996,57.0452908,57.919,21.468324863353548,49.56022,weekday 5–7 a.m. median,323,-7.951276245343553,-8.760900000000005,36.375088,57.919,False,
0,Fruitvale-bound,5873-2497,51st → 42nd,5873,2497,Sunday / holiday,Midday,193,9,437.82000000000016,76.0,67.240561,53.792449,79.386456,99.96844480000003,120.49163159999999,135.327989,14.565246109710483,49.56022,weekday 5–7 a.m. median,323,35.67446028286396,-11.525577631578942,64.012101,76.621988,False,
0,Fruitvale-bound,5873-2497,51st → 42nd,5873,2497,Sunday / holiday,PM peak,111,9,437.82000000000016,76.0,68.51069,60.0870895,85.56714550000001,110.662682,124.50237999999999,153.270173,14.295219031073843,49.56022,weekday 5–7 a.m. median,323,38.237259640897456,-9.854355263157899,66.0235062,76.650049,False,
0,Fruitvale-bound,5873-2497,51st → 42nd,5873,2497,Weekday,AM peak,556,44,437.82000000000016,63.0,64.722476,51.7103325,86.8854085,113.3046555,124.20944575,170.868275,15.131970642220566,49.56022,weekday 5–7 a.m. median,323,30.593601077638468,2.734088888888886,64.203223,67.7547045,False,
0,Fruitvale-bound,5873-2497,51st → 42nd,5873,2497,Weekday,Early AM,163,44,437.82000000000016,50.0,46.173191,39.600494499999996,57.319581,67.8379352,74.3330431,90.251633,21.21090828485301,49.56022,weekday 5–7 a.m. median,323,-6.834168613456515,-7.653617999999995,45.271201500000004,50.4390885,False,
0,Fruitvale-bound,5873-2497,51st → 42nd,5873,2497,Weekday,Evening,611,44,437.82000000000016,63.0,58.138816,48.2654695,70.64336,85.631391,102.301767,230.148832,16.845463786534633,49.56022,weekday 5–7 a.m. median,323,17.309438900795836,-7.716165079365078,55.78623675,60.187262,False,
0,Fruitvale-bound,5873-2497,51st → 42nd,5873,2497,Weekday,Late night,33,33,437.82000000000016,50.0,50.909256,42.851542,55.204963,64.4160624,69.348991,74.160195,19.23766710556525,49.56022,weekday 5–7 a.m. median,323,2.7220137440874925,1.8185120000000055,45.675773,53.900104,False,
0,Fruitvale-bound,5873-2497,51st → 42nd,5873,2497,Weekday,Midday,1201,44,437.82000000000016,89.0,84.06896,66.108051,111.244101,128.467102,145.078977,313.531241,11.649666173103608,49.56022,weekday 5–7 a.m. median,323,69.62991689705977,-5.540494382022465,79.9072345,88.83134,False,
0,Fruitvale-bound,5873-2497,51st → 42nd,5873,2497,Weekday,PM peak,722,44,437.82000000000016,101.0,81.4963725,66.031316,108.55303125,128.6091869,139.0064233,249.101165,12.017425160485258,49.56022,weekday 5–7 a.m. median,323,64.43908541971768,-19.310522277227715,78.802603,85.78514575625,False,
1,Rockridge-bound,2305-6036,8th → 11th,2305,6036,Saturday,AM peak,62,7,236.0,35.0,85.4878175,76.53180449999999,102.06295850000001,123.276229,134.01096385,149.452599,6.175348760963136,59.8232845,weekday 5–7 a.m. median,284,42.90057494252093,144.2509071428572,80.16645,91.365928,False,
1,Rockridge-bound,2305-6036,8th → 11th,2305,6036,Saturday,Early AM,1,1,236.0,35.0,84.665022,84.665022,84.665022,84.665022,84.665022,84.665022,6.235360052230306,59.8232845,weekday 5–7 a.m. median,284,41.52519826958012,141.9000628571428,,,False,
1,Rockridge-bound,2305-6036,8th → 11th,2305,6036,Saturday,Evening,56,7,236.0,35.0,68.122329,49.18339625,82.47259875,103.28367499999999,124.49029625,189.764354,7.751005345239996,59.8232845,weekday 5–7 a.m. median,284,13.87259922179631,94.63522571428568,64.48749600000001,75.530578,False,
1,Rockridge-bound,2305-6036,8th → 11th,2305,6036,Saturday,Late night,1,1,236.0,31.0,60.303605,60.303605,60.303605,60.303605,60.303605,60.303605,8.754317357975532,59.8232845,weekday 5–7 a.m. median,284,0.8028989113762153,94.52775806451612,,,False,
1,Rockridge-bound,2305-6036,8th → 11th,2305,6036,Saturday,Midday,135,7,236.0,54.0,89.168496,66.0228685,115.479637,131.82426100000004,147.9363687,231.68982,5.920441856505015,59.8232845,weekday 5–7 a.m. median,284,49.05316006178164,65.12684444444446,78.681934,102.643262,False,
1,Rockridge-bound,2305-6036,8th → 11th,2305,6036,Saturday,PM peak,78,7,236.0,44.0,88.126952,73.5348455,111.86445475000001,123.76551049999999,150.34199869999995,181.623382,5.990722048180901,59.8232845,weekday 5–7 a.m. median,284,47.31212559885441,100.28852727272728,82.3530535,98.68981600000001,False,
1,Rockridge-bound,2305-6036,8th → 11th,2305,6036,Sunday / holiday,AM peak,80,9,236.0,35.0,80.8812575,65.70737125,101.39026825,116.48606360000004,129.25412895,153.434427,6.527061757177851,59.8232845,weekday 5–7 a.m. median,284,35.20029563070881,131.08930714285717,77.5473115,82.90721934999945,False,
1,Rockridge-bound,2305-6036,8th → 11th,2305,6036,Sunday / holiday,Early AM,1,1,236.0,35.0,39.587266,39.587266,39.587266,39.587266,39.587266,39.587266,13.335522993681856,59.8232845,weekday 5–7 a.m. median,284,-33.826324764899866,13.106474285714276,,,False,
1,Rockridge-bound,2305-6036,8th → 11th,2305,6036,Sunday / holiday,Evening,86,9,236.0,40.0,60.8564705,50.16189875,77.86233875,95.608699,102.47551075,150.838238,8.676498136491572,59.8232845,weekday 5–7 a.m. median,284,1.727063314285271,52.14117625000001,58.30794,72.584805,False,
1,Rockridge-bound,2305-6036,8th → 11th,2305,6036,Sunday / holiday,Late night,7,7,236.0,31.0,53.896263,48.8872035,56.9538875,59.847478800000005,59.9348109,60.022143,9.795055660909181,59.8232845,weekday 5–7 a.m. median,284,-9.907549459274511,73.85891290322579,47.682975,59.731036,False,
1,Rockridge-bound,2305-6036,8th → 11th,2305,6036,Sunday / holiday,Midday,188,9,236.0,44.0,80.746387,63.231281,109.8875615,129.20569210000002,154.87914165000007,298.937439,6.537979820243537,59.8232845,weekday 5–7 a.m. median,284,34.97484746094139,83.51451590909092,71.079877,87.384751,False,
1,Rockridge-bound,2305-6036,8th → 11th,2305,6036,Sunday / holiday,PM peak,111,9,236.0,44.0,79.856328,63.365032,112.39209149999999,126.041254,135.850538,301.931705,6.610833596055155,59.8232845,weekday 5–7 a.m. median,284,33.487033798687534,81.49165454545455,70.652832,108.7722905,False,
1,Rockridge-bound,2305-6036,8th → 11th,2305,6036,Weekday,AM peak,513,44,236.0,44.0,94.75528,70.687456,121.013052,145.119743,178.44919899999996,479.305955,5.571371811681629,59.8232845,weekday 5–7 a.m. median,284,58.39197194196182,115.35290909090907,89.451432,101.316314,False,
1,Rockridge-bound,2305-6036,8th → 11th,2305,6036,Weekday,Early AM,119,43,236.0,31.0,48.757262,41.539998,59.69365,66.56579479999999,72.15450199999998,125.575016,10.827451631717958,59.8232845,weekday 5–7 a.m. median,284,-18.49785178545321,57.28149032258063,45.105982,54.555001,False,
1,Rockridge-bound,2305-6036,8th → 11th,2305,6036,Weekday,Evening,649,44,236.0,35.0,58.526861,48.309608,71.929467,91.93207500000004,107.6315476,215.861333,9.020078763492887,59.8232845,weekday 5–7 a.m. median,284,-2.1670884687048586,67.21960285714286,56.345479456250004,60.6573245,False,
1,Rockridge-bound,2305-6036,8th → 11th,2305,6036,Weekday,Late night,71,43,236.0,35.0,48.997978,42.6832445,60.4110475,71.96281,83.1905425,222.631951,10.774258807169554,59.8232845,weekday 5–7 a.m. median,284,-18.095473343661027,39.99422285714287,47.449839,55.325629500000005,False,
1,Rockridge-bound,2305-6036,8th → 11th,2305,6036,Weekday,Midday,1176,44,236.0,49.0,111.448808,82.91889,129.7068315,162.24506250000002,182.47269525000002,415.971893,4.736855507383699,59.8232845,weekday 5–7 a.m. median,284,86.29670525696396,127.44654693877551,108.891701,114.27066211249999,False,
1,Rockridge-bound,2305-6036,8th → 11th,2305,6036,Weekday,PM peak,769,44,236.0,54.0,94.583447,72.856281,116.834443,134.04923940000003,158.28924519999995,337.106037,5.581493514398983,59.8232845,weekday 5–7 a.m. median,284,58.104737629375734,75.1545314814815,91.5346225,98.638291,False,
1,Rockridge-bound,2486-2489,17th → 20th,2486,2489,Saturday,AM peak,59,7,351.5,65.0,94.632952,67.81306599999999,113.0739535,131.21019900000002,150.27577439999996,171.80211,8.308765471038038,76.882952,weekday 5–7 a.m. median,271,23.087042755590346,45.58915692307692,71.4535165,102.80885,False,
1,Rockridge-bound,2486-2489,17th → 20th,2486,2489,Saturday,Evening,57,7,351.5,72.0,88.539091,77.607293,118.977471,168.3366542,180.40428719999997,411.566725,8.88063108757238,76.882952,weekday 5–7 a.m. median,271,15.160888983555143,22.97095972222223,85.256423,100.443516,False,
1,Rockridge-bound,2486-2489,17th → 20th,2486,2489,Saturday,Late night,1,1,351.5,65.0,77.051173,77.051173,77.051173,77.051173,77.051173,77.051173,10.20468570932723,76.882952,weekday 5–7 a.m. median,271,0.21880143207821945,18.54026615384616,,,False,
1,Rockridge-bound,2486-2489,17th → 20th,2486,2489,Saturday,Midday,138,7,351.5,102.0,100.87796750000001,80.66580925,120.23611725,146.05276669999998,176.90067775,228.374444,7.794452648139764,76.882952,weekday 5–7 a.m. median,271,31.20979993067905,-1.1000318627450878,92.778494,103.403787,False,
1,Rockridge-bound,2486-2489,17th → 20th,2486,2489,Saturday,PM peak,78,7,351.5,95.0,100.2291005,78.309586,124.77239,147.0549378,172.95188969999992,214.655522,7.84558872785551,76.882952,weekday 5–7 a.m. median,271,30.365832597062603,5.50431631578947,86.3335035,123.8825225,False,
1,Rockridge-bound,2486-2489,17th → 20th,2486,2489,Sunday / holiday,AM peak,77,9,351.5,58.0,84.445771,64.35529,107.353017,152.87612080000002,171.9557742,218.219254,9.311099829972541,76.882952,weekday 5–7 a.m. median,271,9.836795808776944,45.59615689655172,71.31221,93.376441,False,
1,Rockridge-bound,2486-2489,17th → 20th,2486,2489,Sunday / holiday,Evening,87,9,351.5,58.0,100.45076,80.827805,122.6356515,172.402208,179.0736934,309.57679,7.827546590986469,76.882952,weekday 5–7 a.m. median,271,30.65414033529825,73.19096551724138,88.87948449999999,117.747567,False,
1,Rockridge-bound,2486-2489,17th → 20th,2486,2489,Sunday / holiday,Late night,6,6,351.5,58.0,72.87240800000001,68.32071975000001,76.9109095,86.4329505,90.69967774999999,94.966405,10.79219765297028,76.882952,weekday 5–7 a.m. median,271,-5.2164282141507705,25.6420827586207,56.8908715,86.4329505,False,
1,Rockridge-bound,2486-2489,17th → 20th,2486,2489,Sunday / holiday,Midday,190,9,351.5,102.0,98.54513800000001,80.88815975,122.77205925,159.3575643,172.63646384999996,294.07525,7.978912377901805,76.882952,weekday 5–7 a.m. median,271,28.175538837270466,-3.3871196078431254,96.847274125,107.04948999999999,False,
1,Rockridge-bound,2486-2489,17th → 20th,2486,2489,Sunday / holiday,PM peak,112,9,351.5,102.0,99.88485650000001,78.57005674999999,126.67151275,156.49542750000003,177.6904703499999,228.737701,7.872007732826994,76.882952,weekday 5–7 a.m. median,271,29.91808183952147,-2.073670098039204,88.7937795,107.3818735,False,
1,Rockridge-bound,2486-2489,17th → 20th,2486,2489,Weekday,AM peak,484,44,351.5,79.0,91.3923125,71.96984075,117.70548075,149.3353049,166.8576647,271.034969,8.603417208334278,76.882952,weekday 5–7 a.m. median,271,18.87201274477599,15.686471518987343,86.189376,97.47186179374991,False,
1,Rockridge-bound,2486-2489,17th → 20th,2486,2489,Weekday,Early AM,118,43,351.5,58.0,70.104157,59.34589025,95.9104485,124.245768,139.82354704999997,161.715019,11.216150546354106,76.882952,weekday 5–7 a.m. median,271,-8.81703267585251,20.86923620689656,67.749969,79.562165,False,
1,Rockridge-bound,2486-2489,17th → 20th,2486,2489,Weekday,Evening,667,44,351.5,65.0,98.199689,75.030907,123.6330655,163.8974192,179.68704099999997,353.318269,8.006980592372344,76.882952,weekday 5–7 a.m. median,271,27.726220762178855,51.07644461538463,92.5628135,101.63795519999992,False,
1,Rockridge-bound,2486-2489,17th → 20th,2486,2489,Weekday,Late night,70,43,351.5,58.0,77.313338,63.4609295,105.75841175,134.96800960000002,145.16501975,181.591254,10.170180177456574,76.882952,weekday 5–7 a.m. median,271,0.5597938018821136,33.298858620689664,72.2938695,88.333904,False,
1,Rockridge-bound,2486-2489,17th → 20th,2486,2489,Weekday,Midday,1183,44,351.5,109.0,105.958707,81.26281399999999,134.6986865,171.73221479999998,195.5377832,599.968239,7.420654953820831,76.882952,weekday 5–7 a.m. median,271,37.81820838513068,-2.7901770642201784,98.66909425,108.68127,False,
1,Rockridge-bound,2486-2489,17th → 20th,2486,2489,Weekday,PM peak,775,44,351.5,109.0,107.491333,84.1780175,139.473295,174.01130780000003,195.51392969999995,396.135464,7.314850249368478,76.882952,weekday 5–7 a.m. median,271,39.81166201838866,-1.384098165137615,105.594942,112.34552625,False,
1,Rockridge-bound,2489-2507,20th → Grand,2489,2507,Saturday,AM peak,59,7,308.0,66.0,57.902569,46.830959,70.313969,97.5220798,103.34093329999988,142.128445,11.898889805735562,59.858960499999995,weekday 5–7 a.m. median,262,-3.2683352394667686,-12.268834848484843,55.296886,61.3092155,True,20th → Grand
1,Rockridge-bound,2489-2507,20th → Grand,2489,2507,Saturday,Evening,58,7,308.0,73.0,83.00863050000001,69.5422215,111.295547,129.4510913,144.94933694999997,196.870004,8.300920350174056,59.858960499999995,weekday 5–7 a.m. median,262,38.67369196964256,13.710452739726042,72.57591,95.79202599999999,True,20th → Grand
1,Rockridge-bound,2489-2507,20th → Grand,2489,2507,Saturday,Late night,1,1,308.0,66.0,74.251928,74.251928,74.251928,74.251928,74.251928,74.251928,9.278900986921174,59.858960499999995,weekday 5–7 a.m. median,262,24.044800276810708,12.50292121212122,,,True,20th → Grand
1,Rockridge-bound,2489-2507,20th → Grand,2489,2507,Saturday,Midday,138,7,308.0,101.0,87.3694115,66.511207,114.23795000000001,129.1880366,145.7912461,191.579788,7.885791809843131,59.858960499999995,weekday 5–7 a.m. median,262,45.958785067776105,-13.49563217821782,79.534752,92.6614185,True,20th → Grand
1,Rockridge-bound,2489-2507,20th → Grand,2489,2507,Saturday,PM peak,78,7,308.0,94.0,95.28784300000001,73.13568275,127.70520975,151.70473729999998,163.38761599999995,214.039464,7.230884838659953,59.858960499999995,weekday 5–7 a.m. median,262,59.1872665413226,1.37004574468087,84.945331,121.3562975,True,20th → Grand
1,Rockridge-bound,2489-2507,20th → Grand,2489,2507,Sunday / holiday,AM peak,76,9,308.0,58.0,59.964246,51.85649375,74.3589575,89.71718,101.252848,132.017286,11.489822892346716,59.858960499999995,weekday 5–7 a.m. median,262,0.17588928895617695,3.3866310344827566,54.8970635,67.534806,True,20th → Grand
1,Rockridge-bound,2489-2507,20th → Grand,2489,2507,Sunday / holiday,Evening,88,9,308.0,58.0,72.3843495,57.99779675,100.0886925,128.7737256,145.1209195499999,280.562889,9.520267644343313,59.858960499999995,weekday 5–7 a.m. median,262,20.924835472209715,24.80060258620689,62.825934,88.577038,True,20th → Grand
1,Rockridge-bound,2489-2507,20th → Grand,2489,2507,Sunday / holiday,Late night,6,6,308.0,58.0,55.6595255,41.869541749999996,68.35568525000001,72.3674865,74.04626875,75.725051,12.856511960223198,59.858960499999995,weekday 5–7 a.m. median,262,-7.0155494932124585,-4.0353008620689685,38.8157245,72.3674865,True,20th → Grand
1,Rockridge-bound,2489-2507,20th → Grand,2489,2507,Sunday / holiday,Midday,191,9,308.0,101.0,83.003432,61.388445000000004,112.9473875,131.799891,140.4552315,196.477526,8.300575908716642,59.858960499999995,weekday 5–7 a.m. median,262,38.66500738849283,-17.818384158415835,73.337733,90.9235315,True,20th → Grand
1,Rockridge-bound,2489-2507,20th → Grand,2489,2507,Sunday / holiday,PM peak,111,9,308.0,101.0,89.133559,69.9602125,117.148701,135.152047,164.82007650000003,282.421784,7.729706922170581,59.858960499999995,weekday 5–7 a.m. median,262,48.90595869936634,-11.748951485148506,79.914905,94.8891175,True,20th → Grand
1,Rockridge-bound,2489-2507,20th → Grand,2489,2507,Weekday,AM peak,485,44,308.0,80.0,77.714533,63.875982,104.184558,128.2755798,142.6371929999999,284.418947,8.865475496069699,59.858960499999995,weekday 5–7 a.m. median,262,29.829406242362012,-2.8568337499999985,75.0534,82.555622,True,20th → Grand
1,Rockridge-bound,2489-2507,20th → Grand,2489,2507,Weekday,Early AM,114,43,308.0,58.0,50.83047,43.447992,62.91681625,70.5699003,89.95015684999994,110.606752,13.55439977867075,59.858960499999995,weekday 5–7 a.m. median,262,-15.082939002925045,-12.361258620689664,48.943604,58.48318999999999,True,20th → Grand
1,Rockridge-bound,2489-2507,20th → Grand,2489,2507,Weekday,Evening,669,44,308.0,66.0,78.884892,58.817664,108.644509,138.90625420000003,162.5635044,247.367739,8.733944745718864,59.858960499999995,weekday 5–7 a.m. median,262,31.784600569533783,19.52256363636362,74.73231150000001,83.80033424999999,True,20th → Grand
1,Rockridge-bound,2489-2507,20th → Grand,2489,2507,Weekday,Late night,70,43,308.0,58.0,54.750798,44.235195,80.952713,99.4593443,113.22344574999998,188.417409,12.584156955376443,59.858960499999995,weekday 5–7 a.m. median,262,-8.533663894814868,-5.602072413793103,51.453367,72.0126235,True,20th → Grand
1,Rockridge-bound,2489-2507,20th → Grand,2489,2507,Weekday,Midday,1183,44,308.0,109.0,101.610316,74.62791849999999,125.4880055,154.4509354,173.3309075,358.910609,6.7805742086266125,59.858960499999995,weekday 5–7 a.m. median,262,69.74954986062613,-6.779526605504593,96.0659534625,104.95832475,True,20th → Grand
1,Rockridge-bound,2489-2507,20th → Grand,2489,2507,Weekday,PM peak,775,44,308.0,109.0,106.999169,77.67393899999999,129.98512499999998,166.725444,183.12686449999998,394.383589,6.4390807371597445,59.858960499999995,weekday 5–7 a.m. median,262,78.75213352560641,-1.835624770642208,102.04790750000001,109.87260305624999,True,20th → Grand
1,Rockridge-bound,2490-2491,25th → 27th,2490,2491,Saturday,AM peak,59,7,172.61000000000058,31.0,25.273254,19.66148,31.788104,37.840111199999996,41.61581749999997,63.806783,15.277713070109662,22.6934735,weekday 5–7 a.m. median,248,11.367940214176574,-18.473374193548388,23.656182,29.751858,False,
1,Rockridge-bound,2490-2491,25th → 27th,2490,2491,Saturday,Evening,58,7,172.61000000000058,35.0,32.8090805,25.516703999999997,40.74102725,54.225737100000025,59.220062999999996,73.783804,11.77160735718459,22.6934735,weekday 5–7 a.m. median,248,44.574961166698436,-6.259769999999998,28.121681,40.2177805,False,
1,Rockridge-bound,2490-2491,25th → 27th,2490,2491,Saturday,Late night,1,1,172.61000000000058,31.0,22.145503,22.145503,22.145503,22.145503,22.145503,22.145503,17.435482181642083,22.6934735,weekday 5–7 a.m. median,248,-2.4146612020411906,-28.56289354838709,,,False,
1,Rockridge-bound,2490-2491,25th → 27th,2490,2491,Saturday,Midday,138,7,172.61000000000058,48.0,38.720189000000005,33.33934,49.024891,62.286398500000004,72.16739545,84.344711,9.972331984590442,22.6934735,weekday 5–7 a.m. median,248,70.62257569340369,-19.33293958333332,37.166851,39.265789,False,
1,Rockridge-bound,2490-2491,25th → 27th,2490,2491,Saturday,PM peak,78,7,172.61000000000058,45.0,41.365061,34.29332075,50.73906475,63.36998129999999,72.59723879999999,113.820342,9.334623571264341,22.6934735,weekday 5–7 a.m. median,248,82.2773450701586,-8.077642222222225,37.295539,46.350044,False,
1,Rockridge-bound,2490-2491,25th → 27th,2490,2491,Sunday / holiday,AM peak,75,9,172.61000000000058,28.0,24.312913,19.017003,29.677768,38.820777400000004,46.443230799999995,75.065008,15.881170757284464,22.6934735,weekday 5–7 a.m. median,248,7.1361464343481895,-13.168167857142855,19.030011000000002,28.0639665,False,
1,Rockridge-bound,2490-2491,25th → 27th,2490,2491,Sunday / holiday,Evening,88,9,172.61000000000058,29.5,29.5801095,25.510149249999998,37.386331,47.509995999999994,59.02831989999999,63.447807,13.053315680961441,22.6934735,weekday 5–7 a.m. median,248,30.34632842786276,0.27155762711863485,27.21454,33.956041,False,
1,Rockridge-bound,2490-2491,25th → 27th,2490,2491,Sunday / holiday,Late night,7,7,172.61000000000058,28.0,23.11057,21.540878,30.615323500000002,36.5084352,38.2593651,40.010295,16.70739938305292,22.6934735,weekday 5–7 a.m. median,248,1.8379579485705344,-17.46225,20.127708,34.173862,False,
1,Rockridge-bound,2490-2491,25th → 27th,2490,2491,Sunday / holiday,Midday,192,9,172.61000000000058,48.0,35.751416500000005,30.059928499999998,44.526524,56.73294980000001,61.89204825,120.702602,10.800068647728882,22.6934735,weekday 5–7 a.m. median,248,57.54052150720781,-25.51788229166666,34.616449,38.1285675,False,
1,Rockridge-bound,2490-2491,25th → 27th,2490,2491,Sunday / holiday,PM peak,110,9,172.61000000000058,48.0,35.383865,30.5674795,45.26912225,64.03251820000003,74.5071466,123.979678,10.912288094061328,22.6934735,weekday 5–7 a.m. median,248,55.920886240707055,-26.283614583333335,34.367217375,36.6348005,False,
1,Rockridge-bound,2490-2491,25th → 27th,2490,2491,Weekday,AM peak,487,44,172.61000000000058,38.0,32.720272,25.6023185,41.699892500000004,58.881171800000004,68.3567778,126.940219,11.800559694613826,22.6934735,weekday 5–7 a.m. median,248,44.18362178006818,-13.894021052631578,31.798955,33.6550265,False,
1,Rockridge-bound,2490-2491,25th → 27th,2490,2491,Weekday,Early AM,111,43,172.61000000000058,28.0,20.950128,18.070373,24.730956499999998,27.23409,33.220654499999995,45.113394,18.43031808493014,22.6934735,weekday 5–7 a.m. median,248,-7.682144824590209,-25.178114285714294,19.864903,22.6754495,False,
1,Rockridge-bound,2490-2491,25th → 27th,2490,2491,Weekday,Evening,673,44,172.61000000000058,31.0,31.458012,24.91665,39.844122,51.74123860000002,62.22227179999999,125.984128,12.274059878926911,22.6934735,weekday 5–7 a.m. median,248,38.62140584163989,1.477458064516135,30.218876,32.63026635624999,False,
1,Rockridge-bound,2490-2491,25th → 27th,2490,2491,Weekday,Late night,71,43,172.61000000000058,28.0,22.971003,20.386975,27.4571575,31.963333,35.537613500000006,40.706881,16.808910040192906,22.6934735,weekday 5–7 a.m. median,248,1.2229485274698026,-17.96070357142857,21.831173999999997,24.789392499999998,False,
1,Rockridge-bound,2490-2491,25th → 27th,2490,2491,Weekday,Midday,1177,44,172.61000000000058,51.0,37.700384,31.119764,49.057925,62.27059740000001,71.64303240000002,244.985828,10.241739791297652,22.6934735,weekday 5–7 a.m. median,248,66.12875062955877,-26.077678431372554,36.882332,38.482164,False,
1,Rockridge-bound,2490-2491,25th → 27th,2490,2491,Weekday,PM peak,776,44,172.61000000000058,51.0,41.1364155,33.83548225,52.1900295,65.5433435,73.28168875,173.98209,9.386270825076554,22.6934735,weekday 5–7 a.m. median,248,81.26980649304303,-19.340361764705882,40.452933,42.733118,False,
1,Rockridge-bound,2491-2492,27th → 28th,2491,2492,Saturday,AM peak,58,7,133.59000000000015,28.0,19.5626515,15.59164725,25.34225325,36.58497260000001,44.07822624999999,67.604092,15.275653364195739,18.4236105,weekday 5–7 a.m. median,246,6.182506952152522,-30.133387499999998,17.093113,21.053469,False,
1,Rockridge-bound,2491-2492,27th → 28th,2491,2492,Saturday,Evening,58,7,133.59000000000015,30.0,25.4509005,20.84859675,38.838174,48.076804,57.936122099999984,121.461871,11.744904162885,18.4236105,weekday 5–7 a.m. median,246,38.14284936169272,-15.163665000000004,22.191946,28.359878,False,
1,Rockridge-bound,2491-2492,27th → 28th,2491,2492,Saturday,Late night,1,1,133.59000000000015,28.0,17.139925,17.139925,17.139925,17.139925,17.139925,17.139925,17.43486510238524,18.4236105,weekday 5–7 a.m. median,246,-6.96761093597803,-38.78598214285714,,,False,
1,Rockridge-bound,2491-2492,27th → 28th,2491,2492,Saturday,Midday,138,7,133.59000000000015,43.0,33.523202,27.25630175,44.7103965,56.766645999999994,69.70312495,110.91755,8.914446065962265,18.4236105,weekday 5–7 a.m. median,246,81.95783068687868,-22.039065116279076,31.3444355,38.260988999999995,False,
1,Rockridge-bound,2491-2492,27th → 28th,2491,2492,Saturday,PM peak,78,7,133.59000000000015,40.0,34.1592925,26.9523445,50.5890755,63.7218839,74.79629199999984,101.644913,8.74934783027444,18.4236105,weekday 5–7 a.m. median,246,85.41041399024367,-14.60176875,32.80492,44.67571,False,
1,Rockridge-bound,2491-2492,27th → 28th,2491,2492,Sunday / holiday,AM peak,75,9,133.59000000000015,24.0,19.093206,14.6373485,25.040117000000002,33.696727200000005,40.32214789999998,112.974857,15.651236373818014,18.4236105,weekday 5–7 a.m. median,246,3.6344423369132794,-20.44497500000001,17.691907999999998,22.938655,False,
1,Rockridge-bound,2491-2492,27th → 28th,2491,2492,Sunday / holiday,Evening,89,9,133.59000000000015,28.0,23.480947,19.946589,30.299252,42.287373800000005,55.65439579999994,69.03187,12.7265855265548,18.4236105,weekday 5–7 a.m. median,246,27.450300797446857,-16.139475000000004,21.409685500000002,26.754232,False,
1,Rockridge-bound,2491-2492,27th → 28th,2491,2492,Sunday / holiday,Late night,7,7,133.59000000000015,24.0,17.765712,14.811027,19.506017999999997,31.973905400000007,40.11893419999998,48.263963,16.820731994304552,18.4236105,weekday 5–7 a.m. median,246,-3.57095315274929,-25.976199999999995,12.347456,21.113867,False,
1,Rockridge-bound,2491-2492,27th → 28th,2491,2492,Sunday / holiday,Midday,191,9,133.59000000000015,43.0,32.535531,25.159978000000002,41.4732475,56.14832,66.617077,99.277563,9.184798005601948,18.4236105,weekday 5–7 a.m. median,246,76.59693250679611,-24.335974418604657,30.1300655,37.635726000000005,False,
1,Rockridge-bound,2491-2492,27th → 28th,2491,2492,Sunday / holiday,PM peak,110,9,133.59000000000015,43.0,31.1660675,24.2297455,47.179212500000006,60.63509260000003,70.73420069999997,121.549884,9.588452088661628,18.4236105,weekday 5–7 a.m. median,246,69.1637342202822,-27.520773255813957,27.552584,37.059847,False,
1,Rockridge-bound,2491-2492,27th → 28th,2491,2492,Weekday,AM peak,487,44,133.59000000000015,34.0,26.532836,20.554582500000002,39.62935,54.192610800000004,65.4384824,163.999188,11.262734230144126,18.4236105,weekday 5–7 a.m. median,246,44.015398067604615,-21.962247058823525,25.82360425,28.11113225,False,
1,Rockridge-bound,2491-2492,27th → 28th,2491,2492,Weekday,Early AM,109,43,133.59000000000015,24.0,16.831407,14.47904,20.558971,26.1722294,34.319575199999996,39.271163,17.75444442879911,18.4236105,weekday 5–7 a.m. median,246,-8.642190411048912,-29.869137500000008,15.883969500000001,19.047856,False,
1,Rockridge-bound,2491-2492,27th → 28th,2491,2492,Weekday,Evening,672,44,133.59000000000015,28.0,24.442213000000002,19.2619835,33.4152175,44.543045799999994,52.43364379999999,91.035077,12.226073344938074,18.4236105,weekday 5–7 a.m. median,246,32.66787744997109,-12.70638214285713,23.2791535,25.531199,False,
1,Rockridge-bound,2491-2492,27th → 28th,2491,2492,Weekday,Late night,71,43,133.59000000000015,24.0,17.369634,15.4473175,21.250977499999998,24.253957,26.574823000000002,38.921724,17.204293437616492,18.4236105,weekday 5–7 a.m. median,246,-5.720792349577719,-27.62652499999999,17.155049,19.15383,False,
1,Rockridge-bound,2491-2492,27th → 28th,2491,2492,Weekday,Midday,1176,44,133.59000000000015,46.0,36.4315985,27.19477725,52.029713,67.7998445,80.05611475,186.771148,8.202557692569563,18.4236105,weekday 5–7 a.m. median,246,97.74407681925321,-20.80087282608696,34.474332000000004,37.69451850624997,False,
1,Rockridge-bound,2491-2492,27th → 28th,2491,2492,Weekday,PM peak,778,44,133.59000000000015,46.0,35.91628,28.078169250000002,48.225328250000004,62.034503000000015,71.28435065000001,170.258441,8.32025038619246,18.4236105,weekday 5–7 a.m. median,246,94.94702192059479,-21.92113043478261,34.420033,37.2971,False,
1,Rockridge-bound,2492-5326,28th → 30th,2492,5326,Saturday,AM peak,59,7,289.9200000000001,55.0,42.775059,33.833653999999996,58.1417495,74.8649564,93.56065319999999,105.711399,15.161463251751453,41.130624,weekday 5–7 a.m. median,247,3.9980793872711473,-22.22716545454546,39.438507,50.1041945,False,
1,Rockridge-bound,2492-5326,28th → 30th,2492,5326,Saturday,Evening,58,7,289.9200000000001,61.0,58.9114495,43.334561,74.181837,88.94333400000001,97.23749515,100.678932,11.00936255351548,41.130624,weekday 5–7 a.m. median,247,43.23013796240973,-3.4238532786885156,52.554190000000006,64.319607,False,
1,Rockridge-bound,2492-5326,28th → 30th,2492,5326,Saturday,Late night,1,1,289.9200000000001,55.0,33.132855,33.132855,33.132855,33.132855,33.132855,33.132855,19.573697621892236,41.130624,weekday 5–7 a.m. median,247,-19.444803463229732,-39.75844545454545,,,False,
1,Rockridge-bound,2492-5326,28th → 30th,2492,5326,Saturday,Midday,138,7,289.9200000000001,85.0,70.326393,56.47636425,87.83555275,111.6518599,116.01649255,217.462877,9.221778457546876,41.130624,weekday 5–7 a.m. median,247,70.98304416679892,-17.263067058823534,67.705499,73.341956,False,
1,Rockridge-bound,2492-5326,28th → 30th,2492,5326,Saturday,PM peak,78,7,289.9200000000001,79.0,71.867019,53.43066975,93.4407735,109.1621996,118.755358,135.388681,9.024441718547259,41.130624,weekday 5–7 a.m. median,247,74.72873496886407,-9.029089873417718,69.13169500000001,78.0061335,False,
1,Rockridge-bound,2492-5326,28th → 30th,2492,5326,Sunday / holiday,AM peak,75,9,289.9200000000001,49.0,44.471826,31.7471545,60.9792535,76.22132560000003,83.42957129999999,121.525079,14.58299654977064,41.130624,weekday 5–7 a.m. median,247,8.123392438685118,-9.241171428571427,37.1639645,49.553791,False,
1,Rockridge-bound,2492-5326,28th → 30th,2492,5326,Sunday / holiday,Evening,90,9,289.9200000000001,55.0,57.412822000000006,43.754141249999996,71.908335,84.24902100000001,90.11236819999999,104.31286,11.296075572218067,41.130624,weekday 5–7 a.m. median,247,39.58655720856559,4.386949090909109,45.333330000000004,61.382154,False,
1,Rockridge-bound,2492-5326,28th → 30th,2492,5326,Sunday / holiday,Late night,7,7,289.9200000000001,49.0,35.561892,34.031373,44.5638495,52.27797,56.116631999999996,59.955294,18.236726131444303,41.130624,weekday 5–7 a.m. median,247,-13.539138137072747,-27.424710204081638,33.882136,47.159754,False,
1,Rockridge-bound,2492-5326,28th → 30th,2492,5326,Sunday / holiday,Midday,191,9,289.9200000000001,85.0,64.148017,51.0689195,78.0529345,98.431993,108.104063,251.375377,10.109938162546788,41.130624,weekday 5–7 a.m. median,247,55.96169170688974,-24.531744705882353,60.515496999999996,67.4861815,False,
1,Rockridge-bound,2492-5326,28th → 30th,2492,5326,Sunday / holiday,PM peak,109,9,289.9200000000001,85.0,65.910909,53.959341,80.639726,104.4754516,118.4317004,135.263925,9.839531800722096,41.130624,weekday 5–7 a.m. median,247,60.247773046185756,-22.457754117647056,59.1752975,78.222538,False,
1,Rockridge-bound,2492-5326,28th → 30th,2492,5326,Weekday,AM peak,491,44,289.9200000000001,67.0,57.395593,44.092037,71.4765635,86.319953,104.1543265,178.411091,11.299342880210336,41.130624,weekday 5–7 a.m. median,247,39.5446687120526,-14.334935820895522,55.623007,58.1877305,False,
1,Rockridge-bound,2492-5326,28th → 30th,2492,5326,Weekday,Early AM,107,43,289.9200000000001,49.0,38.446739,32.255086,46.9373505,56.8662842,63.82553599999997,81.648436,16.86833531239152,41.130624,weekday 5–7 a.m. median,247,-6.525271778030883,-21.53726734693877,36.318367,41.182486,False,
1,Rockridge-bound,2492-5326,28th → 30th,2492,5326,Weekday,Evening,676,44,289.9200000000001,55.0,52.2051315,40.225422249999994,68.4023735,89.4539375,103.017808,243.061491,12.42277524194381,41.130624,weekday 5–7 a.m. median,247,26.925211492050316,-5.081579090909094,49.727125,52.775394250000005,False,
1,Rockridge-bound,2492-5326,28th → 30th,2492,5326,Weekday,Late night,72,43,289.9200000000001,49.0,37.756512,32.699592499999994,45.0068335,51.7030994,60.12307855000001,108.197816,17.17675106631095,41.130624,weekday 5–7 a.m. median,247,-8.203405812661623,-22.945893877551015,36.763132,41.606900499999995,False,
1,Rockridge-bound,2492-5326,28th → 30th,2492,5326,Weekday,Midday,1174,44,289.9200000000001,92.0,74.0505335,62.28269325,93.217557,117.0649677,127.3874669499999,518.428446,8.757971818765931,41.130624,weekday 5–7 a.m. median,247,80.03746673038563,-19.51028967391304,72.134998,76.41751124999999,False,
1,Rockridge-bound,2492-5326,28th → 30th,2492,5326,Weekday,PM peak,777,44,289.9200000000001,92.0,74.037768,59.212741,92.004752,119.0595474,130.76240319999994,298.288078,8.759481851478832,41.130624,weekday 5–7 a.m. median,247,80.0064302452596,-19.52416521739131,71.522054,77.706826,False,
1,Rockridge-bound,2496-5231,40th → Mather,2496,5231,Saturday,AM peak,59,7,515.2099999999991,76.0,58.143986,51.712556000000006,74.5353305,84.46886120000002,89.69916399999997,114.158808,19.821341394791855,57.61581,weekday 5–7 a.m. median,243,0.9167206015154417,-23.494755263157895,55.49929,63.0674695,False,
1,Rockridge-bound,2496-5231,40th → Mather,2496,5231,Saturday,Evening,59,7,515.2099999999991,76.0,71.261288,65.053064,83.9671205,95.3661974,108.6024574,241.581224,16.17276124113836,57.61581,weekday 5–7 a.m. median,243,23.683565326947576,-6.235147368421057,69.2540105,75.254944,False,
1,Rockridge-bound,2496-5231,40th → Mather,2496,5231,Saturday,Late night,1,1,515.2099999999991,61.0,120.333027,120.333027,120.333027,120.333027,120.333027,120.333027,9.577518535788169,57.61581,weekday 5–7 a.m. median,243,108.8541790873026,97.26725737704918,,,False,
1,Rockridge-bound,2496-5231,40th → Mather,2496,5231,Saturday,Midday,135,7,515.2099999999991,91.0,85.926803,71.11439949999999,110.42356,125.14187940000001,143.850582,228.563927,13.41248314056323,57.61581,weekday 5–7 a.m. median,243,49.137542282231216,-5.5749417582417475,80.30015399999999,89.6626915,False,
1,Rockridge-bound,2496-5231,40th → Mather,2496,5231,Saturday,PM peak,80,7,515.2099999999991,91.0,79.02807,68.41011775,91.06335275,103.67513340000002,113.90859929999999,133.672112,14.583347049961947,57.61581,weekday 5–7 a.m. median,243,37.163861794184605,-13.15596703296703,72.71128200000001,88.6081715,False,
1,Rockridge-bound,2496-5231,40th → Mather,2496,5231,Sunday / holiday,AM peak,73,9,515.2099999999991,61.0,56.165495,46.059642,67.668834,78.17155319999999,86.4222408,324.361365,20.519569827702902,57.61581,weekday 5–7 a.m. median,243,-2.51721706246949,-7.92541803278689,49.4692905,64.543496,False,
1,Rockridge-bound,2496-5231,40th → Mather,2496,5231,Sunday / holiday,Evening,90,9,515.2099999999991,76.0,65.1359085,56.9163925,75.57409975,92.36764520000001,104.18907019999997,125.652872,17.69392193881206,57.61581,weekday 5–7 a.m. median,243,13.052144020885926,-14.294857236842107,60.612003,70.2172975,False,
1,Rockridge-bound,2496-5231,40th → Mather,2496,5231,Sunday / holiday,Late night,7,7,515.2099999999991,61.0,62.129434,55.343742500000005,63.330505,70.9458584,76.60926319999999,82.272668,18.549851855402352,57.61581,weekday 5–7 a.m. median,243,7.83400250729791,1.8515311475409968,54.52308,63.394652,False,
1,Rockridge-bound,2496-5231,40th → Mather,2496,5231,Sunday / holiday,Midday,187,9,515.2099999999991,106.0,80.084659,67.19357450000001,92.609487,109.98519700000001,117.926001,165.4671,14.390918447439454,57.61581,weekday 5–7 a.m. median,243,38.9977143426431,-24.448434905660378,76.0772085,83.261115,False,
1,Rockridge-bound,2496-5231,40th → Mather,2496,5231,Sunday / holiday,PM peak,113,9,515.2099999999991,106.0,76.718862,66.433253,99.389639,111.7972558,118.2767402,160.319535,15.02227439922138,57.61581,weekday 5–7 a.m. median,243,33.155920223980175,-27.62371509433962,75.151374,88.995858,False,
1,Rockridge-bound,2496-5231,40th → Mather,2496,5231,Weekday,AM peak,489,44,515.2099999999991,76.0,74.446685,59.668229,91.213598,114.86391119999999,122.613143,158.575897,15.480767163239008,57.61581,weekday 5–7 a.m. median,243,29.212250942926943,-2.043835526315785,72.30509850000001,78.298024,False,
1,Rockridge-bound,2496-5231,40th → Mather,2496,5231,Weekday,Early AM,79,43,515.2099999999991,61.0,58.888916,49.4490055,70.3944315,89.72261740000002,103.55636469999999,154.828066,19.570606403418907,57.61581,weekday 5–7 a.m. median,243,2.209646970163215,-3.4607934426229447,54.780317,65.933583,False,
1,Rockridge-bound,2496-5231,40th → Mather,2496,5231,Weekday,Evening,676,44,515.2099999999991,76.0,68.02763049999999,56.692404499999995,81.17904875,98.912898,113.95211674999999,244.606792,16.94159290110374,57.61581,weekday 5–7 a.m. median,243,18.071117111778847,-10.489959868421073,65.0709725,70.76015525,False,
1,Rockridge-bound,2496-5231,40th → Mather,2496,5231,Weekday,Late night,84,43,515.2099999999991,76.0,64.874717,54.46206175,79.0578985,94.0885276,118.63402809999992,144.566048,17.767967555612728,57.61581,weekday 5–7 a.m. median,243,12.598810986081777,-14.63853026315789,62.763906999999996,72.947529,False,
1,Rockridge-bound,2496-5231,40th → Mather,2496,5231,Weekday,Midday,1173,44,515.2099999999991,106.0,83.811019,70.935062,101.62903,119.91373739999999,131.85032499999974,285.175048,13.751077248684902,57.61581,weekday 5–7 a.m. median,243,45.46531412124553,-20.93300094339623,82.14904250000001,86.08556575,False,
1,Rockridge-bound,2496-5231,40th → Mather,2496,5231,Weekday,PM peak,793,44,515.2099999999991,137.0,82.797036,69.72905,101.429009,117.68311720000004,127.21446519999999,194.559554,13.919481327326718,57.61581,weekday 5–7 a.m. median,243,43.705410025477384,-39.56420729927007,79.839461,85.27866326875001,False,
1,Rockridge-bound,2507-2490,Grand → 25th,2507,2490,Saturday,AM peak,59,7,278.1800000000003,51.0,39.907223,34.323232000000004,50.7584985,55.866988000000006,64.52630009999999,102.799833,15.592938062365317,38.406200999999996,weekday 5–7 a.m. median,250,3.9082803321266013,-21.750543137254898,35.516980000000004,42.992712499999996,False,
1,Rockridge-bound,2507-2490,Grand → 25th,2507,2490,Saturday,Evening,58,7,278.1800000000003,57.0,54.081123,42.113194,60.355934250000004,68.681279,73.0631767,89.827007,11.506311939002646,38.406200999999996,weekday 5–7 a.m. median,250,40.813518629452574,-5.12083684210527,50.347601,55.977872,False,
1,Rockridge-bound,2507-2490,Grand → 25th,2507,2490,Saturday,Late night,1,1,278.1800000000003,51.0,38.093948,38.093948,38.093948,38.093948,38.093948,38.093948,16.335163172900867,38.406200999999996,weekday 5–7 a.m. median,250,-0.8130275629188111,-25.305984313725492,,,False,
1,Rockridge-bound,2507-2490,Grand → 25th,2507,2490,Saturday,Midday,138,7,278.1800000000003,81.0,55.307829,48.704795,65.88453175,77.1333221,82.00608795000001,106.81057,11.251064178617018,38.406200999999996,weekday 5–7 a.m. median,250,44.00754971833847,-31.718729629629628,53.3923825,61.14166,False,
1,Rockridge-bound,2507-2490,Grand → 25th,2507,2490,Saturday,PM peak,78,7,278.1800000000003,74.0,60.6529845,51.136810499999996,68.35712125,84.41576999999997,102.49657399999998,131.274531,10.259808916336496,38.406200999999996,weekday 5–7 a.m. median,250,57.92497805237235,-18.036507432432426,55.8774265,66.0224725,False,
1,Rockridge-bound,2507-2490,Grand → 25th,2507,2490,Sunday / holiday,AM peak,76,9,278.1800000000003,46.0,38.557312499999995,32.1644645,46.00660375,55.785242,60.399440999999996,62.657113,16.138909402453578,38.406200999999996,weekday 5–7 a.m. median,250,0.3934559942546656,-16.179755434782617,35.5418085,41.849249,False,
1,Rockridge-bound,2507-2490,Grand → 25th,2507,2490,Sunday / holiday,Evening,88,9,278.1800000000003,48.5,48.196663,41.9387855,56.649420750000004,63.3661278,68.33817454999998,105.427591,12.911143966782156,38.406200999999996,weekday 5–7 a.m. median,250,25.491878251639633,-0.6254371134020609,47.746183,59.1531815,False,
1,Rockridge-bound,2507-2490,Grand → 25th,2507,2490,Sunday / holiday,Late night,7,7,278.1800000000003,46.0,36.895798,35.761967999999996,40.0990755,47.9530882,51.51313209999999,55.073176,16.86562942696078,38.406200999999996,weekday 5–7 a.m. median,250,-3.9327060752507026,-19.79174347826087,35.547463,43.206363,False,
1,Rockridge-bound,2507-2490,Grand → 25th,2507,2490,Sunday / holiday,Midday,191,9,278.1800000000003,81.0,53.101075,43.5279575,63.677938499999996,78.028532,83.300877,129.62018,11.7186112800918,38.406200999999996,weekday 5–7 a.m. median,250,38.26172237134313,-34.44311728395062,50.883279,56.1599715,False,
1,Rockridge-bound,2507-2490,Grand → 25th,2507,2490,Sunday / holiday,PM peak,110,9,278.1800000000003,81.0,56.961323,48.4554935,65.555691,73.3280967,80.9529867,101.360594,10.9244452866635,38.406200999999996,weekday 5–7 a.m. median,250,48.31282844142801,-29.677379012345682,54.9619225,58.396747,False,
1,Rockridge-bound,2507-2490,Grand → 25th,2507,2490,Weekday,AM peak,487,44,278.1800000000003,63.0,51.233473,41.6724295,61.369930999999994,71.32292020000003,79.29474849999998,119.96189,12.14578712007286,38.406200999999996,weekday 5–7 a.m. median,250,33.39896075636328,-18.67702698412699,49.814328,53.08879025,False,
1,Rockridge-bound,2507-2490,Grand → 25th,2507,2490,Weekday,Early AM,113,43,278.1800000000003,46.0,34.899093,29.61202,40.570658,44.692262199999995,48.5686436,70.884846,17.830573891418915,38.406200999999996,weekday 5–7 a.m. median,250,-9.131619136191038,-24.132406521739124,32.711563,36.960511499999996,False,
1,Rockridge-bound,2507-2490,Grand → 25th,2507,2490,Weekday,Evening,670,44,278.1800000000003,51.0,51.0832555,41.388793,60.06018975,74.993785,82.48170475,157.549509,12.181507968101403,38.406200999999996,weekday 5–7 a.m. median,250,33.00783251121351,0.16324607843136718,48.50089,51.822362,False,
1,Rockridge-bound,2507-2490,Grand → 25th,2507,2490,Weekday,Late night,71,43,278.1800000000003,46.0,37.470934,34.182261,45.7119225,54.693904,73.13676699999999,123.502915,16.606761296102217,38.406200999999996,weekday 5–7 a.m. median,250,-2.4351978994225365,-18.541447826086955,37.102904,40.6647525,False,
1,Rockridge-bound,2507-2490,Grand → 25th,2507,2490,Weekday,Midday,1178,44,278.1800000000003,86.0,58.2404085,48.664233499999995,69.28168375,82.14411199999999,94.43216559999999,124.892853,10.684521681529233,38.406200999999996,weekday 5–7 a.m. median,250,51.64324245451928,-32.27859476744186,56.887326,59.205597,False,
1,Rockridge-bound,2507-2490,Grand → 25th,2507,2490,Weekday,PM peak,779,44,278.1800000000003,86.0,61.691774,52.959001,73.21893850000001,88.9134228,98.79101649999994,161.352997,10.08677196541634,38.406200999999996,weekday 5–7 a.m. median,250,60.62972226802648,-28.265379069767437,61.121359749999996,62.84030175,False,
1,Rockridge-bound,2509-5327,Piedmont → Kaiser Hospital Entrance,2509,5327,Saturday,AM peak,59,7,351.7999999999993,72.0,47.579371,42.09351,55.7040925,66.0452248,76.0278715,81.767546,16.539816905103653,51.044937,weekday 5–7 a.m. median,245,-6.789245327112459,-33.91754027777778,46.493249000000006,52.177593,False,
1,Rockridge-bound,2509-5327,Piedmont → Kaiser Hospital Entrance,2509,5327,Saturday,Evening,58,7,351.7999999999993,80.0,56.067789000000005,48.520463750000005,68.90711399999999,91.8576125,99.00431585,119.351578,14.036754820555663,51.044937,weekday 5–7 a.m. median,245,9.840059161988979,-29.915263749999998,51.700472,59.104564,False,
1,Rockridge-bound,2509-5327,Piedmont → Kaiser Hospital Entrance,2509,5327,Saturday,Late night,1,1,351.7999999999993,72.0,39.998192,39.998192,39.998192,39.998192,39.998192,39.998192,19.674741418312067,51.044937,weekday 5–7 a.m. median,245,-21.641215856530483,-44.446955555555554,,,False,
1,Rockridge-bound,2509-5327,Piedmont → Kaiser Hospital Entrance,2509,5327,Saturday,Midday,137,7,351.7999999999993,113.0,67.855496,56.292202,84.298091,108.614504,122.50131679999996,363.011464,11.59749955699975,51.044937,weekday 5–7 a.m. median,245,32.932862665693975,-39.95088849557522,66.006315,70.26102900000001,False,
1,Rockridge-bound,2509-5327,Piedmont → Kaiser Hospital Entrance,2509,5327,Saturday,PM peak,79,7,351.7999999999993,104.0,67.408679,53.666724,83.1974875,96.24449120000003,113.0545116,152.118234,11.674373337000096,51.044937,weekday 5–7 a.m. median,245,32.05752217893816,-35.1839625,61.6819565,74.808109,False,
1,Rockridge-bound,2509-5327,Piedmont → Kaiser Hospital Entrance,2509,5327,Sunday / holiday,AM peak,74,9,351.7999999999993,64.0,46.2057625,38.626760000000004,55.2891405,68.0685327,73.40961784999999,94.414703,17.031672572641465,51.044937,weekday 5–7 a.m. median,245,-9.48022425808851,-27.803496093750002,45.955274,53.771969999999996,False,
1,Rockridge-bound,2509-5327,Piedmont → Kaiser Hospital Entrance,2509,5327,Sunday / holiday,Evening,90,9,351.7999999999993,72.0,55.3114825,44.78448175,70.239874,79.77754230000001,89.03343609999999,118.715821,14.228076341548206,51.044937,weekday 5–7 a.m. median,245,8.358410746985534,-23.17849652777778,54.279628,64.5296405,False,
1,Rockridge-bound,2509-5327,Piedmont → Kaiser Hospital Entrance,2509,5327,Sunday / holiday,Late night,7,7,351.7999999999993,64.0,43.050553,38.201223999999996,45.261836,48.6566046,50.0582028,51.459801,18.279767156533353,51.044937,weekday 5–7 a.m. median,245,-15.661463153534694,-32.7335109375,37.928752,46.787807,False,
1,Rockridge-bound,2509-5327,Piedmont → Kaiser Hospital Entrance,2509,5327,Sunday / holiday,Midday,189,9,351.7999999999993,113.0,61.704285,50.939966,78.439878,95.16675520000003,118.5702134,225.051805,12.753637527766482,51.044937,weekday 5–7 a.m. median,245,20.88228260522684,-45.39443805309734,58.482649,62.103205,False,
1,Rockridge-bound,2509-5327,Piedmont → Kaiser Hospital Entrance,2509,5327,Sunday / holiday,PM peak,112,9,351.7999999999993,113.0,63.5731955,51.664619,81.80779875,96.7215803,116.65751899999997,129.473446,12.37879926411976,51.044937,weekday 5–7 a.m. median,245,24.543586957507667,-43.74053495575222,45.3759165,76.405272,False,
1,Rockridge-bound,2509-5327,Piedmont → Kaiser Hospital Entrance,2509,5327,Weekday,AM peak,494,44,351.7999999999993,88.0,67.00321349999999,52.78600350000001,89.74746875,113.5726699,133.41906074999997,706.088336,11.74504312696696,51.044937,weekday 5–7 a.m. median,245,31.263191685396706,-23.859984659090927,64.29637960624999,71.78528,False,
1,Rockridge-bound,2509-5327,Piedmont → Kaiser Hospital Entrance,2509,5327,Weekday,Early AM,98,43,351.7999999999993,64.0,49.077376,40.92232475,59.02632825,68.5726995,76.07294469999998,154.877509,16.034969300285283,51.044937,weekday 5–7 a.m. median,245,-3.8545664186048434,-23.316599999999998,44.1988595,54.361649,False,
1,Rockridge-bound,2509-5327,Piedmont → Kaiser Hospital Entrance,2509,5327,Weekday,Evening,673,44,351.7999999999993,72.0,55.508711,45.327587,70.791666,85.835696,98.53280739999998,240.082522,14.17712770883832,51.044937,weekday 5–7 a.m. median,245,8.744792847917516,-22.904568055555565,54.696336,57.7116965,False,
1,Rockridge-bound,2509-5327,Piedmont → Kaiser Hospital Entrance,2509,5327,Weekday,Late night,78,43,351.7999999999993,64.0,44.6349905,37.380744,53.949238,60.8833254,72.0170931,87.831841,17.630885885569114,51.044937,weekday 5–7 a.m. median,245,-12.557457951216588,-30.257827343749998,42.289554,48.898624999999996,False,
1,Rockridge-bound,2509-5327,Piedmont → Kaiser Hospital Entrance,2509,5327,Weekday,Midday,1174,44,351.7999999999993,120.0,97.2131115,73.939424,118.66615575,138.83809140000002,156.94669184999995,367.848127,8.09514379200991,51.044937,weekday 5–7 a.m. median,245,90.44613866405595,-18.989073750000006,91.883447,100.31509075,False,
1,Rockridge-bound,2509-5327,Piedmont → Kaiser Hospital Entrance,2509,5327,Weekday,PM peak,776,44,351.7999999999993,120.0,89.719667,68.814706,110.77984825,130.92192649999998,146.2288695,222.140956,8.771255414099402,51.044937,weekday 5–7 a.m. median,245,75.76604512216365,-25.23361083333333,82.43876,92.88598425,False,
1,Rockridge-bound,3701-2496,MacArthur → 40th,3701,2496,Saturday,AM peak,59,7,301.1700000000001,62.0,41.90839,34.5508265,49.1706675,69.6029224,77.69104999999998,121.602663,16.0754926428813,40.449784,weekday 5–7 a.m. median,244,3.605967339652527,-32.40582258064516,38.14909,43.684516,False,
1,Rockridge-bound,3701-2496,MacArthur → 40th,3701,2496,Saturday,Evening,58,7,301.1700000000001,69.0,51.788225,38.582812749999995,69.53693075,85.43074520000003,146.77241129999993,233.292043,13.008902032719071,40.449784,weekday 5–7 a.m. median,244,28.03090617245323,-24.94460144927537,44.17867,55.952188500000005,False,
1,Rockridge-bound,3701-2496,MacArthur → 40th,3701,2496,Saturday,Late night,1,1,301.1700000000001,62.0,178.229544,178.229544,178.229544,178.229544,178.229544,178.229544,3.7799457934987486,40.449784,weekday 5–7 a.m. median,244,340.6192725281302,187.4670064516129,,,False,
1,Rockridge-bound,3701-2496,MacArthur → 40th,3701,2496,Saturday,Midday,135,7,301.1700000000001,97.0,61.090439,50.263401,72.36255,86.86945320000001,98.43206459999999,144.944498,11.027879749235392,40.449784,weekday 5–7 a.m. median,244,51.02784974080454,-37.02016597938144,56.053555,67.122578,False,
1,Rockridge-bound,3701-2496,MacArthur → 40th,3701,2496,Saturday,PM peak,80,7,301.1700000000001,90.0,55.964289,47.3934525,70.156699,89.12817530000007,114.99470185,309.713677,12.038015607817186,40.449784,weekday 5–7 a.m. median,244,38.354976135348466,-37.81745666666667,52.58159,57.15511,False,
1,Rockridge-bound,3701-2496,MacArthur → 40th,3701,2496,Sunday / holiday,AM peak,74,9,301.1700000000001,56.0,42.653145,30.898925249999998,53.91548175,62.5712506,76.33041854999998,101.363061,15.80304912098077,40.449784,weekday 5–7 a.m. median,244,5.447151460685173,-23.833669642857135,38.7790052375,48.719618,False,
1,Rockridge-bound,3701-2496,MacArthur → 40th,3701,2496,Sunday / holiday,Evening,90,9,301.1700000000001,62.0,48.2518905,38.3632145,58.780803250000005,77.43818830000001,84.65387505,191.214295,13.96238622567066,40.449784,weekday 5–7 a.m. median,244,19.28837617525967,-22.174370161290323,42.4537225,54.449593,False,
1,Rockridge-bound,3701-2496,MacArthur → 40th,3701,2496,Sunday / holiday,Late night,7,7,301.1700000000001,56.0,36.841098,33.9952915,50.1429995,54.865684200000004,57.535736099999994,60.205788,18.28658893717012,40.449784,weekday 5–7 a.m. median,244,-8.921397454186653,-34.212325,32.936663,51.305615,False,
1,Rockridge-bound,3701-2496,MacArthur → 40th,3701,2496,Sunday / holiday,Midday,187,9,301.1700000000001,97.0,57.454993,46.8586645,75.89469249999999,104.52102680000002,137.9603438999999,308.072101,11.725665254541065,40.449784,weekday 5–7 a.m. median,244,42.040296185512396,-40.768048453608245,54.1577935,62.487211,False,
1,Rockridge-bound,3701-2496,MacArthur → 40th,3701,2496,Sunday / holiday,PM peak,113,9,301.1700000000001,97.0,58.264578,44.890234,75.521173,104.64925179999999,140.40153019999988,324.287439,11.562737399728531,40.449784,weekday 5–7 a.m. median,244,44.04175310305736,-39.933424742268045,50.779022,67.963606,False,
1,Rockridge-bound,3701-2496,MacArthur → 40th,3701,2496,Weekday,AM peak,491,44,301.1700000000001,76.0,54.264944,43.34775,73.465026,108.952847,130.5311845,232.264266,12.414976695083297,40.449784,weekday 5–7 a.m. median,244,34.15385357805618,-28.59875789473684,52.76805925,57.566973250000004,False,
1,Rockridge-bound,3701-2496,MacArthur → 40th,3701,2496,Weekday,Early AM,86,43,301.1700000000001,56.0,39.867314,32.673741,49.079484,54.7503435,64.97961975,99.121803,16.898617164888517,40.449784,weekday 5–7 a.m. median,244,-1.43998296752339,-28.80836785714286,36.846897,43.837027,False,
1,Rockridge-bound,3701-2496,MacArthur → 40th,3701,2496,Weekday,Evening,674,44,301.1700000000001,62.0,48.3604445,38.2532675,59.853664499999994,79.5212519,101.67829665000002,382.568942,13.93076686279441,40.449784,weekday 5–7 a.m. median,244,19.556743492128415,-21.999283064516128,46.638473250000004,49.1077455,False,
1,Rockridge-bound,3701-2496,MacArthur → 40th,3701,2496,Weekday,Late night,82,43,301.1700000000001,56.0,44.685592,36.00694475,53.38142275,72.76794190000001,103.6289711,225.290985,15.077849444456335,40.449784,weekday 5–7 a.m. median,244,10.471769144675779,-20.204299999999996,40.971327,51.395635,False,
1,Rockridge-bound,3701-2496,MacArthur → 40th,3701,2496,Weekday,Midday,1176,44,301.1700000000001,104.0,74.4782215,58.971887,99.26274425,129.7094855,166.98352475000002,378.009826,9.045572238223032,40.449784,weekday 5–7 a.m. median,244,84.12514019852368,-28.386325480769226,70.606633,76.551177,False,
1,Rockridge-bound,3701-2496,MacArthur → 40th,3701,2496,Weekday,PM peak,784,44,301.1700000000001,104.0,69.586639,55.1678005,92.6027865,123.3881047,161.82922839999966,442.962734,9.681428599214383,40.449784,weekday 5–7 a.m. median,244,72.0321646216949,-33.08977019230769,66.9572115,74.63793,False,
1,Rockridge-bound,5231-5328,Mather → Pleasant Valley,5231,5328,Saturday,AM peak,59,7,401.2000000000007,60.0,56.629546,46.408975,68.709764,105.0450212,106.7256724,164.329827,15.84788836555394,52.38846,weekday 5–7 a.m. median,243,8.095458427294865,-5.617423333333338,53.917296,58.457454,False,
1,Rockridge-bound,5231-5328,Mather → Pleasant Valley,5231,5328,Saturday,Evening,60,7,401.2000000000007,60.0,63.669281,48.74324875,79.7107445,101.32150419999999,110.59365369999999,118.700199,14.095649105612988,52.38846,weekday 5–7 a.m. median,243,21.533026548213098,6.11546833333334,56.108045,68.461811,False,
1,Rockridge-bound,5231-5328,Mather → Pleasant Valley,5231,5328,Saturday,Late night,1,1,401.2000000000007,48.0,52.0538,52.0538,52.0538,52.0538,52.0538,52.0538,17.240983812901298,52.38846,weekday 5–7 a.m. median,243,-0.638804805485782,8.445416666666672,,,False,
1,Rockridge-bound,5231-5328,Mather → Pleasant Valley,5231,5328,Saturday,Midday,134,7,401.2000000000007,73.0,90.2411535,66.408761,118.28962375,143.7786935,170.80526884999998,195.615074,9.94514812643313,52.38846,weekday 5–7 a.m. median,243,72.25387709430665,23.618018493150682,79.251031,96.59142399999999,False,
1,Rockridge-bound,5231-5328,Mather → Pleasant Valley,5231,5328,Saturday,PM peak,80,7,401.2000000000007,73.0,75.227541,60.533332,104.4461575,126.74017040000001,131.68021385,163.502552,11.930002221301493,52.38846,weekday 5–7 a.m. median,243,43.595633465843434,3.0514260273972527,64.863585,84.690593,False,
1,Rockridge-bound,5231-5328,Mather → Pleasant Valley,5231,5328,Sunday / holiday,AM peak,73,9,401.2000000000007,48.0,53.526838,44.178843,70.543539,87.518382,101.06638219999998,119.046888,16.766518567751035,52.38846,weekday 5–7 a.m. median,243,2.172955647102426,11.514245833333337,46.665388,72.447027,False,
1,Rockridge-bound,5231-5328,Mather → Pleasant Valley,5231,5328,Sunday / holiday,Evening,90,9,401.2000000000007,60.0,57.963206,51.84004625,73.53487675,86.29073120000001,92.38456124999999,136.303645,15.483315320070652,52.38846,weekday 5–7 a.m. median,243,10.641171738966925,-3.394656666666662,55.33119,67.438768,False,
1,Rockridge-bound,5231-5328,Mather → Pleasant Valley,5231,5328,Sunday / holiday,Late night,7,7,401.2000000000007,48.0,43.909792,41.363172,50.6340865,67.11320040000001,74.56919969999998,82.025199,20.438692198769733,52.38846,weekday 5–7 a.m. median,243,-16.184228358688145,-8.52126666666666,41.260858,57.171868,False,
1,Rockridge-bound,5231-5328,Mather → Pleasant Valley,5231,5328,Sunday / holiday,Midday,187,9,401.2000000000007,85.0,77.408777,62.4494785,102.701168,124.22377440000001,141.55741179999998,667.01696,11.593759234821675,52.38846,weekday 5–7 a.m. median,243,47.75921452930665,-8.930850588235295,69.8717965,91.11626150000001,False,
1,Rockridge-bound,5231-5328,Mather → Pleasant Valley,5231,5328,Sunday / holiday,PM peak,113,9,401.2000000000007,85.0,80.920042,60.679237,101.911823,122.20776040000001,135.86506939999998,178.55173,11.090685336025922,52.38846,weekday 5–7 a.m. median,243,54.46157798874025,-4.799950588235302,71.2599915,92.479186,False,
1,Rockridge-bound,5231-5328,Mather → Pleasant Valley,5231,5328,Weekday,AM peak,486,44,401.2000000000007,60.0,69.218459,54.2166195,98.171634,127.0659785,140.766162,332.913855,12.965599317183589,52.38846,weekday 5–7 a.m. median,243,32.12539364585252,15.36409833333332,67.4735145,74.782748,False,
1,Rockridge-bound,5231-5328,Mather → Pleasant Valley,5231,5328,Weekday,Early AM,78,43,401.2000000000007,48.0,50.8211125,43.7674295,59.378910749999996,70.27115429999999,80.21853674999998,247.312005,17.65966874020667,52.38846,weekday 5–7 a.m. median,243,-2.991780059959781,5.8773177083333294,48.805203,56.273882,False,
1,Rockridge-bound,5231-5328,Mather → Pleasant Valley,5231,5328,Weekday,Evening,676,44,401.2000000000007,60.0,61.3689615,50.92195175,78.301553,103.53613849999999,115.59273475,185.217366,14.623986884371035,52.38846,weekday 5–7 a.m. median,243,17.142136837005694,2.2816025000000018,59.7030095,64.83930025,False,
1,Rockridge-bound,5231-5328,Mather → Pleasant Valley,5231,5328,Weekday,Late night,90,43,401.2000000000007,60.0,50.396433,44.492742750000005,58.468639249999995,73.79455139999999,84.6638962,114.315947,17.807981039960566,52.38846,weekday 5–7 a.m. median,243,-3.8024156464992465,-16.005945,47.904206,54.704066,False,
1,Rockridge-bound,5231-5328,Mather → Pleasant Valley,5231,5328,Weekday,Midday,1171,44,401.2000000000007,85.0,98.315414,72.66007450000001,128.0856795,155.210918,174.22447,614.667897,9.128362346111889,52.38846,weekday 5–7 a.m. median,243,87.6661654112375,15.665192941176475,94.779773,101.410316,False,
1,Rockridge-bound,5231-5328,Mather → Pleasant Valley,5231,5328,Weekday,PM peak,795,44,401.2000000000007,109.0,99.332957,71.33620400000001,132.02500750000002,165.79706120000003,185.6797578,407.089143,9.034853590435263,52.38846,weekday 5–7 a.m. median,243,89.60846911705363,-8.868846788990837,91.18516174999999,102.2662735,False,
1,Rockridge-bound,5326-2509,30th → Piedmont,5326,2509,Saturday,AM peak,59,7,235.36000000000058,41.0,31.582374,27.119903,41.456719,53.8480688,57.670308199999944,67.781302,16.670224251033225,32.146053,weekday 5–7 a.m. median,245,-1.7534936559707726,-22.969819512195123,30.069184,32.993304,False,
1,Rockridge-bound,5326-2509,30th → Piedmont,5326,2509,Saturday,Evening,58,7,235.36000000000058,46.0,35.867442,30.24291475,48.94366975,57.87028410000001,66.65803009999999,90.688652,14.678661310039807,32.146053,weekday 5–7 a.m. median,245,11.57650365349674,-22.027300000000004,34.95043,43.6704555,False,
1,Rockridge-bound,5326-2509,30th → Piedmont,5326,2509,Saturday,Late night,1,1,235.36000000000058,41.0,26.759851,26.759851,26.759851,26.759851,26.759851,26.759851,19.67444650420517,32.146053,weekday 5–7 a.m. median,245,-16.75540695462675,-34.73207073170731,,,False,
1,Rockridge-bound,5326-2509,30th → Piedmont,5326,2509,Saturday,Midday,138,7,235.36000000000058,64.0,49.066568000000004,37.91585675,58.503,71.8537803,84.02565385000005,127.623507,10.73014778453705,32.146053,weekday 5–7 a.m. median,245,52.63636876353064,-23.333487499999993,43.291948500000004,54.298878,False,
1,Rockridge-bound,5326-2509,30th → Piedmont,5326,2509,Saturday,PM peak,78,7,235.36000000000058,60.0,50.084509999999995,33.33727875,63.80425149999999,79.10308719999999,96.95706969999995,122.821106,10.511942388677419,32.146053,weekday 5–7 a.m. median,245,55.80298458414161,-16.52581666666667,42.142618,58.187112,False,
1,Rockridge-bound,5326-2509,30th → Piedmont,5326,2509,Sunday / holiday,AM peak,75,9,235.36000000000058,37.0,30.884363,25.300974,37.687327999999994,49.603364400000025,56.62898319999999,106.704036,17.04698448726306,32.146053,weekday 5–7 a.m. median,245,-3.9248675412810408,-16.52874864864865,27.372611,33.92158,False,
1,Rockridge-bound,5326-2509,30th → Piedmont,5326,2509,Sunday / holiday,Evening,90,9,235.36000000000058,41.0,37.225145499999996,28.734658,49.848390249999994,60.798139300000024,72.18930795,101.250508,14.148396918344543,32.146053,weekday 5–7 a.m. median,245,15.800050164790047,-9.20696219512196,33.624210000000005,42.362101,False,
1,Rockridge-bound,5326-2509,30th → Piedmont,5326,2509,Sunday / holiday,Late night,7,7,235.36000000000058,37.0,26.788622,25.7736495,30.2813695,35.251014600000005,38.212561799999996,41.174109,19.653316133991563,32.146053,weekday 5–7 a.m. median,245,-16.665906075623038,-27.598318918918917,25.37534,31.302285,False,
1,Rockridge-bound,5326-2509,30th → Piedmont,5326,2509,Sunday / holiday,Midday,188,9,235.36000000000058,64.0,43.971832000000006,34.0383275,55.383258749999996,68.3799465,76.55233545000002,118.079752,11.973256271337279,32.146053,weekday 5–7 a.m. median,245,36.787654770556145,-31.29401249999999,39.733789,50.568504,False,
1,Rockridge-bound,5326-2509,30th → Piedmont,5326,2509,Sunday / holiday,PM peak,112,9,235.36000000000058,64.0,47.587545500000004,36.21818525,59.87321075,71.75393960000001,80.86385369999996,126.731823,11.063587536372093,32.146053,weekday 5–7 a.m. median,245,48.035422886909316,-25.64446015624999,37.4895245,55.30593,False,
1,Rockridge-bound,5326-2509,30th → Piedmont,5326,2509,Weekday,AM peak,491,44,235.36000000000058,51.0,43.801817,32.6335895,57.8137145,73.453881,86.93029250000001,148.658862,12.019712720136733,32.146053,weekday 5–7 a.m. median,245,36.25877180007138,-14.114084313725495,41.19188675,45.859745,False,
1,Rockridge-bound,5326-2509,30th → Piedmont,5326,2509,Weekday,Early AM,105,43,235.36000000000058,37.0,30.54477,24.568415,36.33313,44.11144540000001,49.3244762,72.800918,17.236510766327633,32.146053,weekday 5–7 a.m. median,245,-4.981274061857621,-17.446567567567573,29.353595,31.41597,False,
1,Rockridge-bound,5326-2509,30th → Piedmont,5326,2509,Weekday,Evening,675,44,235.36000000000058,41.0,35.545985,28.442145500000002,49.0294615,63.81969780000001,76.17430889999997,153.457511,14.811384660180362,32.146053,weekday 5–7 a.m. median,245,10.576514634627143,-13.302475609756092,34.157021,37.344524,False,
1,Rockridge-bound,5326-2509,30th → Piedmont,5326,2509,Weekday,Late night,73,43,235.36000000000058,37.0,27.64959,24.192189,32.163827,39.187904,44.01325919999995,55.814895,19.041340466893047,32.146053,weekday 5–7 a.m. median,245,-13.987605259034453,-25.271378378378383,26.014345,30.480847500000003,False,
1,Rockridge-bound,5326-2509,30th → Piedmont,5326,2509,Weekday,Midday,1173,44,235.36000000000058,69.0,60.485692,48.960421,77.846679,105.23094379999999,117.26602599999998,188.414363,8.704294181837273,32.146053,weekday 5–7 a.m. median,245,88.15900042222913,-12.339576811594199,59.160344,62.596962500000004,False,
1,Rockridge-bound,5326-2509,30th → Piedmont,5326,2509,Weekday,PM peak,778,44,235.36000000000058,69.0,59.524406,44.97495725,80.68728575,110.30590140000002,121.91707939999999,192.135374,8.844869463925853,32.146053,weekday 5–7 a.m. median,245,85.16863018921792,-13.732744927536233,56.44746925,62.615179,False,
1,Rockridge-bound,5327-3701,Kaiser Hospital Entrance → MacArthur,5327,3701,Saturday,AM peak,59,7,170.53000000000065,35.0,24.422809,20.286337,34.672359,51.04961680000001,63.97357109999997,116.932781,15.619198269945175,26.581621,weekday 5–7 a.m. median,244,-8.121446017155975,-30.220545714285706,22.855162999999997,26.596965,False,
1,Rockridge-bound,5327-3701,Kaiser Hospital Entrance → MacArthur,5327,3701,Saturday,Evening,59,7,170.53000000000065,39.0,32.51167,25.315082,42.394518500000004,61.93211740000004,75.6664199,87.353455,11.733162156235021,26.581621,weekday 5–7 a.m. median,244,22.308831353813986,-16.636743589743585,26.0353385,39.296866,False,
1,Rockridge-bound,5327-3701,Kaiser Hospital Entrance → MacArthur,5327,3701,Saturday,Late night,1,1,170.53000000000065,35.0,19.388813,19.388813,19.388813,19.388813,19.388813,19.388813,19.674473939173147,26.581621,weekday 5–7 a.m. median,244,-27.059327946929944,-44.60339142857143,,,False,
1,Rockridge-bound,5327-3701,Kaiser Hospital Entrance → MacArthur,5327,3701,Saturday,Midday,135,7,170.53000000000065,53.0,51.463627,34.962175,74.4299455,93.13151440000004,104.11973269999999,251.930819,7.4123165877912465,26.581621,weekday 5–7 a.m. median,244,93.60605209140557,-2.8988169811320685,43.5596865,61.386029,False,
1,Rockridge-bound,5327-3701,Kaiser Hospital Entrance → MacArthur,5327,3701,Saturday,PM peak,80,7,170.53000000000065,50.0,41.9063095,32.65897575,65.709998,111.5578885,125.03456574999998,259.741353,9.103348732245848,26.581621,weekday 5–7 a.m. median,244,57.65144458270623,-16.187381000000002,33.655797,52.2937795,False,
1,Rockridge-bound,5327-3701,Kaiser Hospital Entrance → MacArthur,5327,3701,Sunday / holiday,AM peak,74,9,170.53000000000065,30.0,24.7376005,18.9453755,40.72289025,62.489474,75.93557349999999,88.443111,15.423866965442873,26.581621,weekday 5–7 a.m. median,244,-6.937201083410227,-17.54133166666667,20.920554,34.9108075,False,
1,Rockridge-bound,5327-3701,Kaiser Hospital Entrance → MacArthur,5327,3701,Sunday / holiday,Evening,90,9,170.53000000000065,35.0,33.54466600000001,25.96153125,59.1246255,69.8878516,76.60801479999999,150.002941,11.37206999263426,26.581621,weekday 5–7 a.m. median,244,26.194960044009385,-4.15809714285712,32.5669245,49.855373,False,
1,Rockridge-bound,5327-3701,Kaiser Hospital Entrance → MacArthur,5327,3701,Sunday / holiday,Late night,7,7,170.53000000000065,30.0,21.200621,18.5177465,25.304032999999997,30.3930246,32.241763799999994,34.090503,17.99309067786276,26.581621,weekday 5–7 a.m. median,244,-20.243310217988576,-29.331263333333325,18.385667,27.928039,False,
1,Rockridge-bound,5327-3701,Kaiser Hospital Entrance → MacArthur,5327,3701,Sunday / holiday,Midday,189,9,170.53000000000065,53.0,43.553404,27.965702,67.952146,87.70996600000005,102.6109316,196.206408,8.75855067677377,26.581621,weekday 5–7 a.m. median,244,63.84781048529735,-17.823766037735844,37.138072,60.3235325,False,
1,Rockridge-bound,5327-3701,Kaiser Hospital Entrance → MacArthur,5327,3701,Sunday / holiday,PM peak,111,9,170.53000000000065,53.0,46.629568,29.196118,70.55980500000001,84.138157,108.4964055,353.381674,8.180746947516251,26.581621,weekday 5–7 a.m. median,244,75.42033271785795,-12.019683018867921,39.33312826250001,55.912876499999996,False,
1,Rockridge-bound,5327-3701,Kaiser Hospital Entrance → MacArthur,5327,3701,Weekday,AM peak,494,44,170.53000000000065,42.0,46.210032,28.69325275,68.7527385,89.1238011,102.75004339999998,145.997492,8.255247933991985,26.581621,weekday 5–7 a.m. median,244,73.84203920445636,10.023885714285719,43.914724,52.13518575,False,
1,Rockridge-bound,5327-3701,Kaiser Hospital Entrance → MacArthur,5327,3701,Weekday,Early AM,89,43,170.53000000000065,30.0,24.725568,19.835808,31.61786,55.02035880000001,70.91495579999999,301.136876,15.427944712129625,26.581621,weekday 5–7 a.m. median,244,-6.982467322064368,-17.581440000000004,23.448518,30.3472635,False,
1,Rockridge-bound,5327-3701,Kaiser Hospital Entrance → MacArthur,5327,3701,Weekday,Evening,673,44,170.53000000000065,35.0,33.340718,23.93376,54.199228,75.6995478,84.22051679999998,170.322868,11.441406153280845,26.581621,weekday 5–7 a.m. median,244,25.42770811456534,-4.740805714285711,31.52366,34.791904,False,
1,Rockridge-bound,5327-3701,Kaiser Hospital Entrance → MacArthur,5327,3701,Weekday,Late night,82,43,170.53000000000065,30.0,26.256351000000002,20.5245845,38.1213585,61.395157900000015,72.08871400000002,167.523316,14.528479685824411,26.581621,weekday 5–7 a.m. median,244,-1.2236650278024674,-12.478829999999997,23.330275,31.041393,False,
1,Rockridge-bound,5327-3701,Kaiser Hospital Entrance → MacArthur,5327,3701,Weekday,Midday,1172,44,170.53000000000065,57.0,60.977708,45.19582575,87.72022725000001,112.8661284000001,125.59531935000001,350.624932,6.255806100591208,26.581621,weekday 5–7 a.m. median,244,129.39800398177374,6.978435087719292,58.407498000000004,63.664704,False,
1,Rockridge-bound,5327-3701,Kaiser Hospital Entrance → MacArthur,5327,3701,Weekday,PM peak,780,44,170.53000000000065,57.0,61.230924,43.1400255,82.9105895,109.5733733,124.81649154999998,353.901316,6.229952531372797,26.581621,weekday 5–7 a.m. median,244,130.35060201934266,7.422673684210523,57.41837525,63.72437325,False,
1,Rockridge-bound,5328-2542,Pleasant Valley → College,5328,2542,Saturday,AM peak,57,7,254.34999999999854,42.0,38.738532,31.302191,51.993323,62.506277399999995,67.72248799999998,100.591377,14.687305951603864,38.2921535,weekday 5–7 a.m. median,226,1.1657179322651645,-7.7654,33.777655,45.259947499999996,False,
1,Rockridge-bound,5328-2542,Pleasant Valley → College,5328,2542,Saturday,Evening,58,7,254.34999999999854,42.0,41.676784,34.217334,61.07855675,80.2070714,85.22137729999999,102.124449,13.657565598047807,38.2921535,weekday 5–7 a.m. median,226,8.838966186636643,-0.7695619047619062,36.17017,46.9227075,False,
1,Rockridge-bound,5328-2542,Pleasant Valley → College,5328,2542,Saturday,Late night,1,1,254.34999999999854,34.0,26.374593,26.374593,26.374593,26.374593,26.374593,26.374593,21.572453140793364,38.2921535,weekday 5–7 a.m. median,226,-31.122722048003904,-22.427667647058826,,,False,
1,Rockridge-bound,5328-2542,Pleasant Valley → College,5328,2542,Saturday,Midday,135,7,254.34999999999854,50.0,58.315998,48.583783,72.364839,91.16518880000002,94.9547236,118.45141,9.756579516996291,38.2921535,weekday 5–7 a.m. median,226,52.29229142205336,16.631996000000004,54.042639,60.545099,False,
1,Rockridge-bound,5328-2542,Pleasant Valley → College,5328,2542,Saturday,PM peak,80,7,254.34999999999854,50.0,58.8258895,47.079744749999996,71.3622455,88.35402380000001,94.64563359999998,131.770376,9.672142981988767,38.2921535,weekday 5–7 a.m. median,226,53.62387362204637,17.651779000000012,53.481715,61.411524,False,
1,Rockridge-bound,5328-2542,Pleasant Valley → College,5328,2542,Sunday / holiday,AM peak,73,9,254.34999999999854,34.0,40.936767,31.04175,54.300291,72.4461912,80.7724995999999,114.162352,13.898622517015003,38.2921535,weekday 5–7 a.m. median,226,6.90641099618492,20.40225588235296,33.2722345,51.333398,False,
1,Rockridge-bound,5328-2542,Pleasant Valley → College,5328,2542,Sunday / holiday,Evening,90,9,254.34999999999854,42.0,42.678797,33.44289275,55.06241525,66.06116530000003,79.73547774999999,103.848627,13.332846706780884,38.2921535,weekday 5–7 a.m. median,226,11.455724212533536,1.616183333333332,35.009125999999995,46.401203,False,
1,Rockridge-bound,5328-2542,Pleasant Valley → College,5328,2542,Sunday / holiday,Late night,6,6,254.34999999999854,34.0,28.3739525,27.404787250000002,36.139128,39.568462,40.0587715,40.549081,20.056732973724195,38.2921535,weekday 5–7 a.m. median,226,-25.90139256597307,-16.547198529411755,24.476378,39.568462,False,
1,Rockridge-bound,5328-2542,Pleasant Valley → College,5328,2542,Sunday / holiday,Midday,186,9,254.34999999999854,59.0,53.205836500000004,40.2093755,62.86709875,80.50032250000001,97.51513875,136.355412,10.693664963833799,38.2921535,weekday 5–7 a.m. median,226,38.94709917529189,-9.820616101694913,48.254025,58.0449925,False,
1,Rockridge-bound,5328-2542,Pleasant Valley → College,5328,2542,Sunday / holiday,PM peak,113,9,254.34999999999854,59.0,53.483568,42.808514,65.653256,84.9900086,98.01764719999997,152.745856,10.638121069259942,38.2921535,weekday 5–7 a.m. median,226,39.672395285890616,-9.349884745762715,51.411036,55.148733,False,
1,Rockridge-bound,5328-2542,Pleasant Valley → College,5328,2542,Weekday,AM peak,463,44,254.34999999999854,42.0,49.731705,37.6171395,59.508459,73.89444540000001,90.42141999999996,153.064014,11.440682992871384,38.2921535,weekday 5–7 a.m. median,226,29.87440103101018,18.408821428571432,48.17623519375,51.353294500000004,False,
1,Rockridge-bound,5328-2542,Pleasant Valley → College,5328,2542,Weekday,Early AM,75,43,254.34999999999854,34.0,33.879395,29.398577500000002,43.523828,55.33676940000001,60.05420389999999,106.168097,16.793826206164447,38.2921535,weekday 5–7 a.m. median,226,-11.523923563087134,-0.35472058823529107,33.742817,41.3507805,False,
1,Rockridge-bound,5328-2542,Pleasant Valley → College,5328,2542,Weekday,Evening,656,44,254.34999999999854,42.0,42.458558,33.47951825,55.551169,68.73934249999999,80.81762375,158.970568,13.400471241330596,38.2921535,weekday 5–7 a.m. median,226,10.880569827445186,1.0918047619047577,41.420303000000004,44.456935,False,
1,Rockridge-bound,5328-2542,Pleasant Valley → College,5328,2542,Weekday,Late night,89,43,254.34999999999854,42.0,31.369708,27.786087,37.253517,50.800124200000006,61.072466,101.381786,18.13739138407016,38.2921535,weekday 5–7 a.m. median,226,-18.077973859579345,-25.310219047619054,30.794756,34.86511,False,
1,Rockridge-bound,5328-2542,Pleasant Valley → College,5328,2542,Weekday,Midday,1167,44,254.34999999999854,59.0,56.554488,46.038256000000004,68.02616950000001,86.37332020000004,98.55171600000001,206.109025,10.060468969323829,38.2921535,weekday 5–7 a.m. median,226,47.69210616477866,-4.144935593220344,54.645594,57.9326645,False,
1,Rockridge-bound,5328-2542,Pleasant Valley → College,5328,2542,Weekday,PM peak,799,44,254.34999999999854,76.0,59.698328,47.247636,74.518691,93.76899960000001,103.78270979999999,179.811012,9.530663431645804,38.2921535,weekday 5–7 a.m. median,226,55.902247701999826,-21.449568421052632,56.999261,60.98888075,False,
1,Rockridge-bound,6036-6200,11th → 15th,6036,6200,Saturday,AM peak,63,7,370.369999999999,58.0,116.894793,103.55979500000001,131.5708525,158.56389760000005,167.2431658,180.94921,7.0875183150373315,83.4520105,weekday 5–7 a.m. median,280,40.074268192735765,101.54274655172415,114.152545,120.64513,True,11th → 15th
1,Rockridge-bound,6036-6200,11th → 15th,6036,6200,Saturday,Evening,56,7,370.369999999999,58.0,89.2312225,69.14948825,113.3673845,119.5376425,124.05578925,137.179084,9.284967206371965,83.4520105,weekday 5–7 a.m. median,280,6.925192053940998,53.846935344827585,73.970484,96.392937,True,11th → 15th
1,Rockridge-bound,6036-6200,11th → 15th,6036,6200,Saturday,Late night,1,1,370.369999999999,51.0,98.543287,98.543287,98.543287,98.543287,98.543287,98.543287,8.407411722728487,83.4520105,weekday 5–7 a.m. median,280,18.083778221256885,93.22213137254903,,,True,11th → 15th
1,Rockridge-bound,6036-6200,11th → 15th,6036,6200,Saturday,Midday,136,7,370.369999999999,86.0,124.9409785,112.23446849999999,144.372682,173.77205650000002,179.17122799999999,408.077983,6.631083889187623,83.4520105,weekday 5–7 a.m. median,280,49.715959809021015,45.28020755813953,118.035467,134.093203,True,11th → 15th
1,Rockridge-bound,6036-6200,11th → 15th,6036,6200,Saturday,PM peak,78,7,370.369999999999,72.0,115.399039,82.79150325,129.8622955,155.09063439999997,169.49353614999987,195.108021,7.17951752618443,83.4520105,weekday 5–7 a.m. median,280,38.28191592819685,60.27644305555555,107.900447,124.330389,True,11th → 15th
1,Rockridge-bound,6036-6200,11th → 15th,6036,6200,Sunday / holiday,AM peak,81,9,370.369999999999,58.0,116.450874,89.368946,127.92704,150.092329,153.458226,190.234205,7.1145364380863105,83.4520105,weekday 5–7 a.m. median,280,39.542322949786815,100.77736896551724,98.536492,120.894509,True,11th → 15th
1,Rockridge-bound,6036-6200,11th → 15th,6036,6200,Sunday / holiday,Evening,86,9,370.369999999999,65.0,87.33986200000001,70.34716175,106.55959825,121.38402400000001,154.922682,230.658629,9.485884835117432,83.4520105,weekday 5–7 a.m. median,280,4.658787100162209,34.36901846153848,81.386643,93.335264,True,11th → 15th
1,Rockridge-bound,6036-6200,11th → 15th,6036,6200,Sunday / holiday,Late night,7,7,370.369999999999,51.0,87.055357,72.287439,98.75392249999999,143.03503820000003,173.63964109999992,204.244244,9.516863922802566,83.4520105,weekday 5–7 a.m. median,280,4.31786661389062,70.69677843137254,70.287282,102.228901,True,11th → 15th
1,Rockridge-bound,6036-6200,11th → 15th,6036,6200,Sunday / holiday,Midday,186,9,370.369999999999,72.0,121.874225,107.5880755,136.94075750000002,173.7542005,181.84390475,636.748484,6.797942807119033,83.4520105,weekday 5–7 a.m. median,280,46.04108908796152,69.26975694444444,110.407709,126.839062,True,11th → 15th
1,Rockridge-bound,6036-6200,11th → 15th,6036,6200,Sunday / holiday,PM peak,113,9,370.369999999999,72.0,119.894137,100.542609,130.88534,174.6264598,193.16210359999982,367.467243,6.910212684711995,83.4520105,weekday 5–7 a.m. median,280,43.668362549515805,66.51963472222222,111.324792,121.53344999999999,True,11th → 15th
1,Rockridge-bound,6036-6200,11th → 15th,6036,6200,Weekday,AM peak,510,44,370.369999999999,72.0,122.8946505,92.732269,161.32345775000002,182.6940075,189.4808823,249.890178,6.74149755868632,83.4520105,weekday 5–7 a.m. median,280,47.263858310519666,70.68701458333334,116.6272415,128.2324375,True,11th → 15th
1,Rockridge-bound,6036-6200,11th → 15th,6036,6200,Weekday,Early AM,119,43,370.369999999999,51.0,78.011945,67.8651195,90.00818849999999,107.0588458,115.9460315,155.996589,10.620091401643656,83.4520105,weekday 5–7 a.m. median,280,-6.518795014531142,52.96459803921567,74.75460050000001,80.22296868749996,True,11th → 15th
1,Rockridge-bound,6036-6200,11th → 15th,6036,6200,Weekday,Evening,654,44,370.369999999999,58.0,88.7004565,73.2027975,107.50569775,123.30878660000002,131.88301395000002,380.100906,9.340358148531916,83.4520105,weekday 5–7 a.m. median,280,6.289178617212587,52.931821551724134,85.74790265625,89.9052725,True,11th → 15th
1,Rockridge-bound,6036-6200,11th → 15th,6036,6200,Weekday,Late night,70,43,370.369999999999,58.0,85.1689725,71.621743,96.90431875,112.9671155,120.8416554,172.699112,9.727972015722713,83.4520105,weekday 5–7 a.m. median,280,2.057424368463834,46.84305603448276,80.564012,91.76654500000001,True,11th → 15th
1,Rockridge-bound,6036-6200,11th → 15th,6036,6200,Weekday,Midday,1172,44,370.369999999999,79.0,138.154031,117.8401645,172.81465175,186.7276707,198.25408025000002,975.200433,5.996886635660388,83.4520105,weekday 5–7 a.m. median,280,65.5490744587873,74.87852025316457,133.7458630125,144.4083905,True,11th → 15th
1,Rockridge-bound,6036-6200,11th → 15th,6036,6200,Weekday,PM peak,770,44,370.369999999999,86.0,126.0253615,111.89528899999999,150.781149,178.8640617,189.21970809999996,311.997348,6.57402641602034,83.4520105,weekday 5–7 a.m. median,280,51.01536888676876,46.54111802325582,123.8322695,129.354386,True,11th → 15th
1,Rockridge-bound,6200-2486,15th → 17th,6200,2486,Saturday,AM peak,62,7,183.32999999999993,34.0,56.95537,42.6115615,74.03203975,115.50388929999998,120.76450549999998,173.857985,7.2005231449192095,35.899716,weekday 5–7 a.m. median,272,58.65131077917163,67.51579411764706,41.2557025,64.641694,False,
1,Rockridge-bound,6200-2486,15th → 17th,6200,2486,Saturday,Evening,56,7,183.32999999999993,38.0,44.2408705,35.958970750000006,68.854217,99.4666095,116.85500325,133.120482,9.269701342331524,35.899716,weekday 5–7 a.m. median,272,23.234597454754248,16.42334342105263,41.721296,50.038286,False,
1,Rockridge-bound,6200-2486,15th → 17th,6200,2486,Saturday,Late night,1,1,183.32999999999993,34.0,49.989906,49.989906,49.989906,49.989906,49.989906,49.989906,8.203605681514981,35.899716,weekday 5–7 a.m. median,272,39.24875060292956,47.02913529411763,,,False,
1,Rockridge-bound,6200-2486,15th → 17th,6200,2486,Saturday,Midday,136,7,183.32999999999993,53.0,71.1144615,56.08059125,95.099714,123.3953815,131.6550595,237.763472,5.766734767338831,35.899716,weekday 5–7 a.m. median,272,98.09198908425907,34.17822924528302,64.830333,75.00296800000001,False,
1,Rockridge-bound,6200-2486,15th → 17th,6200,2486,Saturday,PM peak,78,7,183.32999999999993,49.0,71.73294250000001,57.543542,90.97804975,112.252421,117.55854154999997,189.793415,5.717581419874822,35.899716,weekday 5–7 a.m. median,272,99.81479101394567,46.39376020408166,66.67129299999999,81.7822285,False,
1,Rockridge-bound,6200-2486,15th → 17th,6200,2486,Sunday / holiday,AM peak,79,9,183.32999999999993,30.0,56.766549,41.288283,71.097118,100.42126780000001,169.15107179999995,289.229856,7.224280568473519,35.899716,weekday 5–7 a.m. median,272,58.12534283001014,89.22183,48.598273,67.97561999999999,False,
1,Rockridge-bound,6200-2486,15th → 17th,6200,2486,Sunday / holiday,Evening,86,9,183.32999999999993,30.0,57.697114,40.0013495,77.30263024999999,122.15172799999999,130.6555135,221.257609,7.107931740048085,35.899716,weekday 5–7 a.m. median,272,60.71746640001274,92.32371333333333,45.45074327500001,65.165407,False,
1,Rockridge-bound,6200-2486,15th → 17th,6200,2486,Sunday / holiday,Late night,7,7,183.32999999999993,30.0,53.946597,37.805162499999994,67.535106,77.44802800000001,81.1160005,84.783973,7.601915592192031,35.899716,weekday 5–7 a.m. median,272,50.270261190924195,79.82198999999999,33.956855,72.557398,False,
1,Rockridge-bound,6200-2486,15th → 17th,6200,2486,Sunday / holiday,Midday,188,9,183.32999999999993,53.0,62.310467,47.71911375,92.40370300000001,124.42954040000002,136.03577410000003,373.800363,6.5815190168493825,35.899716,weekday 5–7 a.m. median,272,73.56813351949639,17.566918867924542,57.7303255,72.8599725,False,
1,Rockridge-bound,6200-2486,15th → 17th,6200,2486,Sunday / holiday,PM peak,113,9,183.32999999999993,53.0,68.129897,48.630655,98.054096,123.17523899999999,137.71373079999998,238.915303,6.019346791027731,35.899716,weekday 5–7 a.m. median,272,89.77837317710258,28.54697547169811,62.61016235,71.575008,False,
1,Rockridge-bound,6200-2486,15th → 17th,6200,2486,Weekday,AM peak,491,44,183.32999999999993,45.0,58.284225,40.180490000000006,91.676403,136.042766,188.517395,569.910275,7.036165907327409,35.899716,weekday 5–7 a.m. median,272,62.35288602283093,29.520499999999995,52.085382,61.915255,False,
1,Rockridge-bound,6200-2486,15th → 17th,6200,2486,Weekday,Early AM,118,43,183.32999999999993,30.0,35.4929595,30.969894749999998,44.3045505,57.7847418,60.8348238,114.075733,11.554333678119583,35.899716,weekday 5–7 a.m. median,272,-1.133035425684148,18.309865000000002,34.844524,36.513574,False,
1,Rockridge-bound,6200-2486,15th → 17th,6200,2486,Weekday,Evening,663,44,183.32999999999993,34.0,46.595298,36.65695100000001,62.988123,81.61477620000001,104.15479219999993,703.411502,8.801263099122144,35.899716,weekday 5–7 a.m. median,272,29.79294320879864,37.04499411764706,44.778883,48.967988,False,
1,Rockridge-bound,6200-2486,15th → 17th,6200,2486,Weekday,Late night,70,43,183.32999999999993,30.0,51.354356499999994,35.95493575,69.08394075000001,98.76751580000001,113.00191089999998,229.49334,7.985767165422606,35.899716,weekday 5–7 a.m. median,272,43.04947844155647,71.18118833333331,45.220713,60.308935000000005,False,
1,Rockridge-bound,6200-2486,15th → 17th,6200,2486,Weekday,Midday,1182,44,183.32999999999993,57.0,73.95514750000001,57.30049375,109.73240825,141.2071085000001,172.95875990000002,632.868296,5.5452196349759255,35.899716,weekday 5–7 a.m. median,272,106.00482605489141,29.74587280701757,71.094898,79.09201300000001,False,
1,Rockridge-bound,6200-2486,15th → 17th,6200,2486,Weekday,PM peak,773,44,183.32999999999993,57.0,70.441415,53.498841,98.436658,131.1247946,180.7473946,434.07425,5.8218233816001534,35.899716,weekday 5–7 a.m. median,272,96.21719291595514,23.58142982456142,67.7662215,74.39916600000001,False,
